metrica,valor_original,cantidad
Producción,"1.200,00",396
Producción,"1.000,00",277
Producción,"1.500,00",260
Producción,"1.800,00",250
Producción,"2.400,00",216
Producción,"2.000,00",209
Producción,"3.000,00",206
Producción,"3.600,00",175
Producción,"1.050,00",171
Producción,"1.600,00",160
Producción,"1.400,00",155
Producción,"1.440,00",150
Producción,"1.080,00",136
Producción,"1.260,00",130
Producción,"6.000,00",126
Producción,"1.680,00",123
Producción,"2.100,00",118
Producción,"1.350,00",116
Producción,"1.120,00",113
Producción,"2.250,00",109
Producción,"2.800,00",104
Producción,"4.000,00",102
Producción,"1.100,00",100
Producción,"4.500,00",98
Producción,"2.700,00",96
Producción,"3.500,00",92
Producción,"1.250,00",91
Producción,"4.800,00",88
Producción,"1.300,00",87
Producción,"2.160,00",87
Producción,"1.020,00",84
Producción,"1.320,00",81
Producción,"2.200,00",77
Producción,"1.170,00",75
Producción,"1.620,00",75
Producción,"4.200,00",75
Producción,"5.000,00",75
Producción,"1.920,00",72
Producción,"9.000,00",72
Producción,"2.500,00",71
Producción,"1.750,00",69
Producción,"2.520,00",68
Producción,"5.400,00",68
Producción,"7.200,00",67
Producción,"1.650,00",66
Producción,"2.880,00",66
Producción,"1.125,00",63
Producción,"1.140,00",63
Producción,"3.200,00",63
Producción,"1.700,00",62
Producción,"3.360,00",62
Producción,"1.040,00",61
Producción,"1.560,00",61
Producción,"3.150,00",60
Producción,"1.900,00",59
Producción,"1.950,00",59
Producción,"8.000,00",56
Producción,"2.640,00",54
Producción,"5.600,00",54
Producción,"1.380,00",52
Producción,"12.000,00",51
Producción,"1.760,00",50
Producción,"2.340,00",50
Producción,"3.300,00",50
Producción,"1.980,00",49
Producción,"1.280,00",48
Producción,"1.890,00",47
Producción,"2.600,00",46
Producción,"10.000,00",45
Producción,"1.575,00",44
Producción,"1.360,00",43
Producción,"4.400,00",43
Producción,"9.600,00",43
Producción,"1.470,00",42
Producción,"1.740,00",42
Producción,"1.960,00",42
Producción,"6.300,00",42
Producción,"6.400,00",42
Producción,"1.150,00",41
Producción,"1.190,00",41
Producción,"1.275,00",40
Producción,"1.710,00",40
Producción,"2.040,00",40
Producción,"3.960,00",39
Producción,"18.000,00",38
Producción,"2.240,00",38
Producción,"3.800,00",38
Producción,"1.840,00",37
Producción,"1.330,00",36
Producción,"2.550,00",36
Producción,"7.000,00",36
Producción,"7.500,00",36
Producción,"1.520,00",35
Producción,"3.400,00",35
Producción,"8.400,00",35
Producción,"1.240,00",34
Producción,"1.530,00",34
Producción,"1.860,00",34
Producción,"2.760,00",34
Producción,"3.750,00",34
Producción,"2.280,00",33
Producción,"2.300,00",33
Producción,"5.500,00",33
Producción,"1.008,00",32
Producción,"2.080,00",32
Producción,"2.450,00",32
Producción,"3.120,00",32
Producción,"3.570,00",32
Producción,"7.800,00",32
Producción,"14.000,00",31
Producción,"2.310,00",31
Producción,"3.240,00",31
Producción,"5.850,00",31
Producción,"1.110,00",30
Producción,"1.540,00",30
Producción,"1.550,00",30
Producción,"15.000,00",30
Producción,"2.750,00",30
Producción,"3.780,00",30
Producción,"4.050,00",30
Producción,"1.375,00",29
Producción,"10.800,00",29
Producción,"2.560,00",29
Producción,"3.900,00",29
Producción,"6.600,00",29
Producción,"1.176,00",28
Producción,"4.950,00",28
Producción,"2.380,00",27
Producción,"3.060,00",27
Producción,"4.320,00",27
Producción,"5.200,00",27
Producción,"5.700,00",27
Producción,"1.225,00",26
Producción,"1.430,00",26
Producción,"1.820,00",26
Producción,"14.400,00",26
Producción,"3.840,00",26
Producción,"4.080,00",26
Producción,"5.250,00",26
Producción,"1.160,00",25
Producción,"1.180,00",25
Producción,"1.230,00",25
Producción,"1.480,00",25
Producción,"11.200,00",25
Producción,"2.480,00",25
Producción,"2.900,00",25
Producción,"2.940,00",25
Producción,"3.080,00",25
Producción,"4.900,00",25
Producción,"1.875,00",24
Producción,"6.500,00",24
Producción,"1.105,00",23
Producción,"1.210,00",23
Producción,"2.070,00",23
Producción,"2.850,00",23
Producción,"3.250,00",23
Producción,"30.000,00",23
Producción,"4.600,00",23
Producción,"4.620,00",23
Producción,"5.040,00",23
Producción,"9.900,00",23
Producción,"1.152,00",22
Producción,"2.360,00",22
Producción,"3.640,00",22
Producción,"5.100,00",22
Producción,"5.520,00",22
Producción,"1.056,00",21
Producción,"1.060,00",21
Producción,"1.071,00",21
Producción,"1.092,00",21
Producción,"1.450,00",21
Producción,"1.584,00",21
Producción,"10.500,00",21
Producción,"12.600,00",21
Producción,"13.000,00",21
Producción,"2.660,00",21
Producción,"4.250,00",21
Producción,"6.800,00",21
Producción,"8.100,00",21
Producción,"1.044,00",20
Producción,"1.215,00",20
Producción,"1.344,00",20
Producción,"1.365,00",20
Producción,"1.404,00",20
Producción,"1.428,00",20
Producción,"1.690,00",20
Producción,"1.720,00",20
Producción,"1.728,00",20
Producción,"10.200,00",20
Producción,"2.025,00",20
Producción,"2.430,00",20
Producción,"2.625,00",20
Producción,"2.730,00",20
Producción,"6.900,00",20
Producción,"7.020,00",20
Producción,"7.700,00",20
Producción,"1.104,00",19
Producción,"1.144,00",19
Producción,"1.188,00",19
Producción,"1.224,00",19
Producción,"1.248,00",19
Producción,"1.425,00",19
Producción,"1.485,00",19
Producción,"1.625,00",19
Producción,"16.800,00",19
Producción,"3.920,00",19
Producción,"42.000,00",19
Producción,"6.750,00",19
Producción,"1.064,00",18
Producción,"1.155,00",18
Producción,"1.254,00",18
Producción,"1.296,00",18
Producción,"1.512,00",18
Producción,"11.000,00",18
Producción,"13.200,00",18
Producción,"2.970,00",18
Producción,"20.000,00",18
Producción,"3.420,00",18
Producción,"3.520,00",18
Producción,"3.850,00",18
Producción,"4.750,00",18
Producción,"1.590,00",17
Producción,"1.656,00",17
Producción,"1.725,00",17
Producción,"13.500,00",17
Producción,"16.000,00",17
Producción,"2.220,00",17
Producción,"3.040,00",17
Producción,"3.450,00",17
Producción,"5.760,00",17
Producción,"6.160,00",17
Producción,"8.800,00",17
Producción,"1.015,00",16
Producción,"1.035,00",16
Producción,"1.290,00",16
Producción,"1.848,00",16
Producción,"2.050,00",16
Producción,"2.184,00",16
Producción,"2.275,00",16
Producción,"2.376,00",16
Producción,"2.790,00",16
Producción,"24.000,00",16
Producción,"4.560,00",16
Producción,"4.830,00",16
Producción,"5.670,00",16
Producción,"1.054,00",15
Producción,"1.075,00",15
Producción,"1.116,00",15
Producción,"1.164,00",15
Producción,"1.368,00",15
Producción,"1.395,00",15
Producción,"1.640,00",15
Producción,"1.880,00",15
Producción,"1.944,00",15
Producción,"2.120,00",15
Producción,"2.860,00",15
Producción,"21.000,00",15
Producción,"3.375,00",15
Producción,"3.480,00",15
Producción,"4.860,00",15
Producción,"7.600,00",15
Producción,"1.632,00",14
Producción,"1.785,00",14
Producción,"1.850,00",14
Producción,"2.090,00",14
Producción,"2.142,00",14
Producción,"3.100,00",14
Producción,"3.680,00",14
Producción,"3.870,00",14
Producción,"4.440,00",14
Producción,"4.590,00",14
Producción,"5.280,00",14
Producción,"5.460,00",14
Producción,"6.840,00",14
Producción,"8.500,00",14
Producción,"1.065,00",13
Producción,"1.098,00",13
Producción,"1.122,00",13
Producción,"1.264,00",13
Producción,"1.288,00",13
Producción,"1.392,00",13
Producción,"1.420,00",13
Producción,"1.464,00",13
Producción,"1.488,00",13
Producción,"1.764,00",13
Producción,"1.824,00",13
Producción,"1.896,00",13
Producción,"10.400,00",13
Producción,"12.500,00",13
Producción,"13.750,00",13
Producción,"2.580,00",13
Producción,"2.610,00",13
Producción,"3.220,00",13
Producción,"3.440,00",13
Producción,"4.060,00",13
Producción,"4.180,00",13
Producción,"4.550,00",13
Producción,"4.640,00",13
Producción,"4.840,00",13
Producción,"5.880,00",13
Producción,"6.150,00",13
Producción,"6.250,00",13
Producción,"6.480,00",13
Producción,"7.400,00",13
Producción,"1.005,00",12
Producción,"1.032,00",12
Producción,"1.045,00",12
Producción,"1.089,00",12
Producción,"1.090,00",12
Producción,"1.216,00",12
Producción,"1.325,00",12
Producción,"1.332,00",12
Producción,"1.410,00",12
Producción,"1.455,00",12
Producción,"1.505,00",12
Producción,"1.536,00",12
Producción,"1.548,00",12
Producción,"1.596,00",12
Producción,"1.666,00",12
Producción,"1.704,00",12
Producción,"1.830,00",12
Producción,"11.700,00",12
Producción,"13.800,00",12
Producción,"17.600,00",12
Producción,"2.020,00",12
Producción,"2.150,00",12
Producción,"2.352,00",12
Producción,"2.394,00",12
Producción,"2.695,00",12
Producción,"21.600,00",12
Producción,"3.280,00",12
Producción,"3.720,00",12
Producción,"4.032,00",12
Producción,"4.230,00",12
Producción,"5.940,00",12
Producción,"6.240,00",12
Producción,"7.140,00",12
Producción,"8.450,00",12
Producción,"1.026,00",11
Producción,"1.078,00",11
Producción,"1.222,00",11
Producción,"1.274,00",11
Producción,"1.295,00",11
Producción,"1.305,00",11
Producción,"1.456,00",11
Producción,"1.475,00",11
Producción,"1.580,00",11
Producción,"1.674,00",11
Producción,"1.755,00",11
Producción,"1.770,00",11
Producción,"1.780,00",11
Producción,"1.782,00",11
Producción,"1.872,00",11
Producción,"1.904,00",11
Producción,"15.600,00",11
Producción,"2.010,00",11
Producción,"2.175,00",11
Producción,"2.320,00",11
Producción,"2.650,00",11
Producción,"2.925,00",11
Producción,"3.010,00",11
Producción,"3.432,00",11
Producción,"3.510,00",11
Producción,"3.575,00",11
Producción,"3.700,00",11
Producción,"3.825,00",11
Producción,"3.990,00",11
Producción,"4.100,00",11
Producción,"4.160,00",11
Producción,"4.300,00",11
Producción,"5.800,00",11
Producción,"6.720,00",11
Producción,"60.000,00",11
Producción,"7.650,00",11
Producción,"8.160,00",11
Producción,"9.200,00",11
Producción,"9.500,00",11
Producción,"1.010,00",10
Producción,"1.025,00",10
Producción,"1.070,00",10
Producción,"1.112,00",10
Producción,"1.134,00",10
Producción,"1.220,00",10
Producción,"1.232,00",10
Producción,"1.236,00",10
Producción,"1.309,00",10
Producción,"1.340,00",10
Producción,"1.356,00",10
Producción,"1.386,00",10
Producción,"1.408,00",10
Producción,"1.539,00",10
Producción,"1.665,00",10
Producción,"1.716,00",10
Producción,"1.810,00",10
Producción,"1.815,00",10
Producción,"1.925,00",10
Producción,"1.940,00",10
Producción,"11.250,00",10
Producción,"11.500,00",10
Producción,"12.960,00",10
Producción,"13.600,00",10
Producción,"16.200,00",10
Producción,"16.500,00",10
Producción,"19.200,00",10
Producción,"2.030,00",10
Producción,"2.205,00",10
Producción,"2.325,00",10
Producción,"2.355,00",10
Producción,"2.375,00",10
Producción,"2.535,00",10
Producción,"2.820,00",10
Producción,"2.975,00",10
Producción,"2.990,00",10
Producción,"22.000,00",10
Producción,"22.500,00",10
Producción,"3.380,00",10
Producción,"3.650,00",10
Producción,"4.140,00",10
Producción,"4.410,00",10
Producción,"4.680,00",10
Producción,"4.760,00",10
Producción,"5.130,00",10
Producción,"5.390,00",10
Producción,"5.580,00",10
Producción,"5.820,00",10
Producción,"5.950,00",10
Producción,"6.120,00",10
Producción,"6.950,00",10
Producción,"7.350,00",10
Producción,"7.440,00",10
Producción,"8.610,00",10
Producción,"8.640,00",10
Producción,"8.750,00",10
Producción,"9.800,00",10
Producción,"1.030,00",9
Producción,"1.085,00",9
Producción,"1.161,00",9
Producción,"1.235,00",9
Producción,"1.265,00",9
Producción,"1.298,00",9
Producción,"1.326,00",9
Producción,"1.336,00",9
Producción,"1.345,00",9
Producción,"1.445,00",9
Producción,"1.484,00",9
Producción,"1.487,50",9
Producción,"1.554,00",9
Producción,"1.564,00",9
Producción,"1.566,00",9
Producción,"1.606,50",9
Producción,"1.615,00",9
Producción,"1.672,00",9
Producción,"1.722,00",9
Producción,"1.870,00",9
Producción,"1.968,00",9
Producción,"1.995,00",9
Producción,"10.080,00",9
Producción,"11.400,00",9
Producción,"11.760,00",9
Producción,"12.800,00",9
Producción,"19.600,00",9
Producción,"2.385,00",9
Producción,"2.420,00",9
Producción,"2.460,00",9
Producción,"2.496,00",9
Producción,"2.544,00",9
Producción,"2.565,00",9
Producción,"2.664,00",9
Producción,"2.720,00",9
Producción,"2.745,00",9
Producción,"2.775,00",9
Producción,"2.784,00",9
Producción,"2.904,00",9
Producción,"2.960,00",9
Producción,"23.000,00",9
Producción,"25.000,00",9
Producción,"3.045,00",9
Producción,"3.696,00",9
Producción,"3.740,00",9
Producción,"4.240,00",9
Producción,"48.000,00",9
Producción,"6.960,00",9
Producción,"7.080,00",9
Producción,"7.320,00",9
Producción,"7.380,00",9
Producción,"7.560,00",9
Producción,"1.034,00",8
Producción,"1.066,00",8
Producción,"1.088,00",8
Producción,"1.092,50",8
Producción,"1.095,00",8
Producción,"1.128,00",8
Producción,"1.148,00",8
Producción,"1.175,00",8
Producción,"1.184,00",8
Producción,"1.197,00",8
Producción,"1.258,00",8
Producción,"1.287,00",8
Producción,"1.302,00",8
Producción,"1.352,00",8
Producción,"1.364,00",8
Producción,"1.476,00",8
Producción,"1.494,00",8
Producción,"1.573,00",8
Producción,"1.610,00",8
Producción,"1.638,00",8
Producción,"1.645,00",8
Producción,"1.664,00",8
Producción,"1.845,00",8
Producción,"1.908,00",8
Producción,"1.990,00",8
Producción,"11.900,00",8
Producción,"12.100,00",8
Producción,"17.000,00",8
Producción,"17.100,00",8
Producción,"17.250,00",8
Producción,"19.800,00",8
Producción,"2.072,00",8
Producción,"2.210,00",8
Producción,"2.268,00",8
Producción,"2.440,00",8
Producción,"2.475,00",8
Producción,"2.646,00",8
Producción,"2.736,00",8
Producción,"2.835,00",8
Producción,"2.856,00",8
Producción,"28.000,00",8
Producción,"3.075,00",8
Producción,"3.168,00",8
Producción,"3.456,00",8
Producción,"3.630,00",8
Producción,"3.760,00",8
Producción,"33.600,00",8
Producción,"4.225,00",8
Producción,"4.284,00",8
Producción,"4.420,00",8
Producción,"4.480,00",8
Producción,"4.850,00",8
Producción,"4.940,00",8
Producción,"5.220,00",8
Producción,"5.256,00",8
Producción,"5.530,00",8
Producción,"5.640,00",8
Producción,"6.080,00",8
Producción,"6.370,00",8
Producción,"6.650,00",8
Producción,"7.480,00",8
Producción,"7.900,00",8
Producción,"7.950,00",8
Producción,"8.050,00",8
Producción,"8.550,00",8
Producción,"8.820,00",8
Producción,"8.960,00",8
Producción,"9.100,00",8
Producción,"9.120,00",8
Producción,"1.002,00",7
Producción,"1.022,00",7
Producción,"1.036,00",7
Producción,"1.183,00",7
Producción,"1.185,00",7
Producción,"1.196,00",7
Producción,"1.206,00",7
Producción,"1.211,00",7
Producción,"1.233,00",7
Producción,"1.237,50",7
Producción,"1.276,00",7
Producción,"1.308,00",7
Producción,"1.372,00",7
Producción,"1.407,00",7
Producción,"1.435,00",7
Producción,"1.458,00",7
Producción,"1.477,00",7
Producción,"1.490,00",7
Producción,"1.496,00",7
Producción,"1.547,00",7
Producción,"1.631,00",7
Producción,"1.668,00",7
Producción,"1.687,50",7
Producción,"1.715,00",7
Producción,"1.736,00",7
Producción,"1.776,00",7
Producción,"1.998,00",7
Producción,"10.160,00",7
Producción,"10.600,00",7
Producción,"11.040,00",7
Producción,"12.750,00",7
Producción,"14.700,00",7
Producción,"15.200,00",7
Producción,"17.500,00",7
Producción,"2.004,00",7
Producción,"2.035.800,00",7
Producción,"2.145,00",7
Producción,"2.180,00",7
Producción,"2.190,00",7
Producción,"2.232,00",7
Producción,"2.256,00",7
Producción,"2.350,00",7
Producción,"2.370,00",7
Producción,"2.552,00",7
Producción,"2.677,50",7
Producción,"2.772,00",7
Producción,"2.920,00",7
Producción,"20.400,00",7
Producción,"20.700,00",7
Producción,"22.400,00",7
Producción,"22.950,00",7
Producción,"26.640,00",7
Producción,"3.115,00",7
Producción,"3.125,00",7
Producción,"3.185,00",7
Producción,"3.213,00",7
Producción,"3.225,00",7
Producción,"3.285,00",7
Producción,"3.460,00",7
Producción,"3.472,00",7
Producción,"3.528,00",7
Producción,"3.660,00",7
Producción,"3.710,00",7
Producción,"3.744,00",7
Producción,"30.060,00",7
Producción,"30.300,00",7
Producción,"31.200,00",7
Producción,"33.360,00",7
Producción,"4.025,00",7
Producción,"4.125,00",7
Producción,"4.690,00",7
Producción,"4.700,00",7
Producción,"4.770,00",7
Producción,"5.610,00",7
Producción,"5.655,00",7
Producción,"54.000,00",7
Producción,"6.030,00",7
Producción,"6.360,00",7
Producción,"6.375,00",7
Producción,"6.440,00",7
Producción,"6.930,00",7
Producción,"6.975,00",7
Producción,"7.040,00",7
Producción,"7.050,00",7
Producción,"7.475,00",7
Producción,"7.505,00",7
Producción,"8.250,00",7
Producción,"9.180,00",7
Producción,"9.630,00",7
Producción,"9.750,00",7
Producción,"1.001,00",6
Producción,"1.016,00",6
Producción,"1.053,00",6
Producción,"1.068,00",6
Producción,"1.072,50",6
Producción,"1.083,00",6
Producción,"1.156,00",6
Producción,"1.242,00",6
Producción,"1.243,50",6
Producción,"1.278,00",6
Producción,"1.312,00",6
Producción,"1.328,00",6
Producción,"1.357,00",6
Producción,"1.376,00",6
Producción,"1.378,00",6
Producción,"1.416,00",6
Producción,"1.432,00",6
Producción,"1.442,00",6
Producción,"1.452,00",6
Producción,"1.460,00",6
Producción,"1.462,00",6
Producción,"1.472,00",6
Producción,"1.499,40",6
Producción,"1.570,00",6
Producción,"1.608,00",6
Producción,"1.628,00",6
Producción,"1.635,00",6
Producción,"1.695,00",6
Producción,"1.792,00",6
Producción,"1.795,50",6
Producción,"1.836,00",6
Producción,"1.859,00",6
Producción,"1.863,00",6
Producción,"1.935,00",6
Producción,"10.120,00",6
Producción,"10.320,00",6
Producción,"10.350,00",6
Producción,"10.890,00",6
Producción,"11.280,00",6
Producción,"11.484,00",6
Producción,"11.520,00",6
Producción,"12.240,00",6
Producción,"12.400,00",6
Producción,"13.440,00",6
Producción,"14.880,00",6
Producción,"15.480,00",6
Producción,"18.400,00",6
Producción,"18.600,00",6
Producción,"19.000,00",6
Producción,"2.024,00",6
Producción,"2.060,00",6
Producción,"2.075,00",6
Producción,"2.115,00",6
Producción,"2.125,00",6
Producción,"2.136,00",6
Producción,"2.178,00",6
Producción,"2.304,00",6
Producción,"2.322,00",6
Producción,"2.373,00",6
Producción,"2.432,00",6
Producción,"2.470,00",6
Producción,"2.590,00",6
Producción,"2.592,00",6
Producción,"2.680,00",6
Producción,"2.722,50",6
Producción,"2.740,50",6
Producción,"2.808,00",6
Producción,"2.825,00",6
Producción,"25.200,00",6
Producción,"25.500,00",6
Producción,"26.000,00",6
Producción,"28.700,00",6
Producción,"3.024,00",6
Producción,"3.030,00",6
Producción,"3.186,00",6
Producción,"3.252,00",6
Producción,"3.264,00",6
Producción,"3.276,00",6
Producción,"3.384,00",6
Producción,"3.864,00",6
Producción,"3.950,00",6
Producción,"34.000,00",6
Producción,"358.258,00",6
Producción,"38.000,00",6
Producción,"39.000,00",6
Producción,"4.112,00",6
Producción,"4.165,00",6
Producción,"4.275,00",6
Producción,"4.280,00",6
Producción,"4.290,00",6
Producción,"4.350,00",6
Producción,"4.450,00",6
Producción,"4.540,00",6
Producción,"4.608,00",6
Producción,"4.650,00",6
Producción,"4.675,00",6
Producción,"4.704,00",6
Producción,"4.725,00",6
Producción,"4.780,00",6
Producción,"4.788,00",6
Producción,"4.896,00",6
Producción,"4.960,00",6
Producción,"40.000,00",6
Producción,"45.000,00",6
Producción,"46.800,00",6
Producción,"465.000,00",6
Producción,"49.500,00",6
Producción,"5.180,00",6
Producción,"5.680,00",6
Producción,"5.775,00",6
Producción,"6.048,00",6
Producción,"6.050,00",6
Producción,"6.100,00",6
Producción,"6.200,00",6
Producción,"6.270,00",6
Producción,"6.660,00",6
Producción,"6.880,00",6
Producción,"7.070,00",6
Producción,"7.150,00",6
Producción,"7.420,00",6
Producción,"7.680,00",6
Producción,"8.320,00",6
Producción,"8.600,00",6
Producción,"9.240,00",6
Producción,"9.300,00",6
Producción,"9.360,00",6
Producción,"9.400,00",6
Producción,"9.450,00",6
Producción,"1.012,00",5
Producción,"1.023,00",5
Producción,"1.024,00",5
Producción,"1.062,00",5
Producción,"1.075,20",5
Producción,"1.086,00",5
Producción,"1.093,00",5
Producción,"1.107,00",5
Producción,"1.130,00",5
Producción,"1.131,00",5
Producción,"1.147,50",5
Producción,"1.168,00",5
Producción,"1.182,00",5
Producción,"1.192,00",5
Producción,"1.195,00",5
Producción,"1.212,00",5
Producción,"1.255,50",5
Producción,"1.256,00",5
Producción,"1.256,40",5
Producción,"1.270,00",5
Producción,"1.292,00",5
Producción,"1.310,00",5
Producción,"1.314,00",5
Producción,"1.326,50",5
Producción,"1.358,00",5
Producción,"1.390,00",5
Producción,"1.427,50",5
Producción,"1.443,00",5
Producción,"1.462,50",5
Producción,"1.545,00",5
Producción,"1.555,00",5
Producción,"1.558,00",5
Producción,"1.568,00",5
Producción,"1.572,00",5
Producción,"1.576,00",5
Producción,"1.592,00",5
Producción,"1.624,00",5
Producción,"1.648,00",5
Producción,"1.657,50",5
Producción,"1.675,00",5
Producción,"1.806,00",5
Producción,"1.832,00",5
Producción,"1.833,00",5
Producción,"1.912,00",5
Producción,"1.918,00",5
Producción,"1.938,00",5
Producción,"1.955,00",5
Producción,"1.989,00",5
Producción,"10.560,00",5
Producción,"10.680,00",5
Producción,"10.920,00",5
Producción,"11.100,00",5
Producción,"11.518,50",5
Producción,"11.600,00",5
Producción,"11.800,00",5
Producción,"112.500,00",5
Producción,"117.960,00",5
Producción,"12.160,00",5
Producción,"12.375,00",5
Producción,"12.840,00",5
Producción,"13.300,00",5
Producción,"13.860,00",5
Producción,"13.920,00",5
Producción,"14.180,00",5
Producción,"14.600,00",5
Producción,"15.250,00",5
Producción,"17.820,00",5
Producción,"19.920,00",5
Producción,"2.016,00",5
Producción,"2.028,00",5
Producción,"2.052,00",5
Producción,"2.073,60",5
Producción,"2.096,00",5
Producción,"2.124,00",5
Producción,"2.140,00",5
Producción,"2.144,00",5
Producción,"2.170,00",5
Producción,"2.176,00",5
Producción,"2.192,00",5
Producción,"2.226,40",5
Producción,"2.312,00",5
Producción,"2.316,00",5
Producción,"2.328,00",5
Producción,"2.388,00",5
Producción,"2.392,50",5
Producción,"2.415,00",5
Producción,"2.425,00",5
Producción,"2.448,00",5
Producción,"2.457,00",5
Producción,"2.540,00",5
Producción,"2.740,00",5
Producción,"2.765,00",5
Producción,"2.870,00",5
Producción,"2.875,00",5
Producción,"2.928,00",5
Producción,"2.950,00",5
Producción,"20.860,00",5
Producción,"21.712,50",5
Producción,"22.800,00",5
Producción,"23.500,00",5
Producción,"24.400,00",5
Producción,"24.412,20",5
Producción,"27.286,50",5
Producción,"27.720,00",5
Producción,"3.048,00",5
Producción,"3.105,00",5
Producción,"3.144,00",5
Producción,"3.175,00",5
Producción,"3.180,00",5
Producción,"3.184,00",5
Producción,"3.219,00",5
Producción,"3.290,00",5
Producción,"3.320,00",5
Producción,"3.325,00",5
Producción,"3.350,00",5
Producción,"3.447,50",5
Producción,"3.525,00",5
Producción,"3.550,00",5
Producción,"3.552,00",5
Producción,"3.675,00",5
Producción,"3.752,00",5
Producción,"3.872,00",5
Producción,"3.885,00",5
Producción,"3.910,00",5
Producción,"3.915,00",5
Producción,"3.916,00",5
Producción,"30.240,00",5
Producción,"32.000,00",5
Producción,"32.640,00",5
Producción,"36.000,00",5
Producción,"4.040,00",5
Producción,"4.046,00",5
Producción,"4.120,00",5
Producción,"4.260,00",5
Producción,"4.270,00",5
Producción,"4.545,00",5
Producción,"4.554,00",5
Producción,"4.585,00",5
Producción,"4.632,00",5
Producción,"4.648,50",5
Producción,"4.696,00",5
Producción,"4.710,00",5
Producción,"4.720,00",5
Producción,"4.745,00",5
Producción,"4.752,00",5
Producción,"4.872,00",5
Producción,"4.880,00",5
Producción,"4.920,00",5
Producción,"44.100,00",5
Producción,"5.049,00",5
Producción,"5.050,00",5
Producción,"5.060,00",5
Producción,"5.110,00",5
Producción,"5.175,00",5
Producción,"5.330,00",5
Producción,"5.355,00",5
Producción,"5.480,00",5
Producción,"5.496,00",5
Producción,"5.550,00",5
Producción,"5.750,00",5
Producción,"5.920,00",5
Producción,"58.000,00",5
Producción,"6.090,00",5
Producción,"6.210,00",5
Producción,"6.540,00",5
Producción,"6.552,00",5
Producción,"6.670,00",5
Producción,"6.875,00",5
Producción,"67.500,00",5
Producción,"7.060,00",5
Producción,"7.100,00",5
Producción,"7.250,00",5
Producción,"7.280,00",5
Producción,"7.608,00",5
Producción,"7.620,00",5
Producción,"7.740,00",5
Producción,"7.820,00",5
Producción,"7.840,00",5
Producción,"7.920,00",5
Producción,"8.190,00",5
Producción,"8.280,00",5
Producción,"8.520,00",5
Producción,"8.580,00",5
Producción,"8.850,00",5
Producción,"9.375,00",5
Producción,"9.720,00",5
Producción,"9.870,00",5
Producción,"1.000,50",4
Producción,"1.016.070,00",4
Producción,"1.037,60",4
Producción,"1.048,00",4
Producción,"1.067,00",4
Producción,"1.072,00",4
Producción,"1.087,50",4
Producción,"1.102,50",4
Producción,"1.113,00",4
Producción,"1.122,20",4
Producción,"1.144,50",4
Producción,"1.146,00",4
Producción,"1.173,00",4
Producción,"1.178,00",4
Producción,"1.194,00",4
Producción,"1.200,85",4
Producción,"1.208,00",4
Producción,"1.209,00",4
Producción,"1.239,00",4
Producción,"1.245,00",4
Producción,"1.251,00",4
Producción,"1.252,80",4
Producción,"1.253,00",4
Producción,"1.267,50",4
Producción,"1.269,00",4
Producción,"1.281,00",4
Producción,"1.284,00",4
Producción,"1.285,20",4
Producción,"1.304,00",4
Producción,"1.310,40",4
Producción,"1.311,50",4
Producción,"1.314,40",4
Producción,"1.323,00",4
Producción,"1.335,00",4
Producción,"1.338,00",4
Producción,"1.370,00",4
Producción,"1.397,50",4
Producción,"1.412,50",4
Producción,"1.419,00",4
Producción,"1.463.840,00",4
Producción,"1.468,25",4
Producción,"1.482,00",4
Producción,"1.495,00",4
Producción,"1.498,50",4
Producción,"1.524,78",4
Producción,"1.544,00",4
Producción,"1.553,79",4
Producción,"1.596,30",4
Producción,"1.602,00",4
Producción,"1.616,00",4
Producción,"1.636,80",4
Producción,"1.649,00",4
Producción,"1.652,00",4
Producción,"1.658,00",4
Producción,"1.670,00",4
Producción,"1.683,00",4
Producción,"1.694,00",4
Producción,"1.696,00",4
Producción,"1.705,00",4
Producción,"1.734,00",4
Producción,"1.738,00",4
Producción,"1.742,00",4
Producción,"1.769,00",4
Producción,"1.771,00",4
Producción,"1.777,50",4
Producción,"1.802,00",4
Producción,"1.808,00",4
Producción,"1.812,00",4
Producción,"1.818,00",4
Producción,"1.854,00",4
Producción,"1.876,00",4
Producción,"1.877,00",4
Producción,"1.884,00",4
Producción,"1.886,00",4
Producción,"1.900,50",4
Producción,"1.923,00",4
Producción,"1.924,00",4
Producción,"1.930,00",4
Producción,"1.936,00",4
Producción,"1.962,00",4
Producción,"1.963,36",4
Producción,"1.965,00",4
Producción,"1.970,00",4
Producción,"1.977,50",4
Producción,"1.984,00",4
Producción,"1.988,00",4
Producción,"10.056,00",4
Producción,"10.122,00",4
Producción,"10.260,00",4
Producción,"10.480,00",4
Producción,"10.750,00",4
Producción,"11.050,00",4
Producción,"11.115,00",4
Producción,"11.550,00",4
Producción,"11.940,00",4
Producción,"12.028,20",4
Producción,"12.082,00",4
Producción,"12.300,00",4
Producción,"12.330,00",4
Producción,"12.390,00",4
Producción,"12.560,00",4
Producción,"12.900,00",4
Producción,"13.109,60",4
Producción,"13.280,00",4
Producción,"13.400,00",4
Producción,"13.650,00",4
Producción,"14.160,00",4
Producción,"14.280,00",4
Producción,"14.300,00",4
Producción,"14.500,00",4
Producción,"14.520,00",4
Producción,"14.760,00",4
Producción,"15.018,50",4
Producción,"15.109,08",4
Producción,"15.400,00",4
Producción,"15.500,00",4
Producción,"15.750,00",4
Producción,"15.840,00",4
Producción,"15.960,00",4
Producción,"16.250,00",4
Producción,"16.560,00",4
Producción,"16.829,16",4
Producción,"17.094,00",4
Producción,"17.400,00",4
Producción,"17.743,00",4
Producción,"18.480,00",4
Producción,"18.750,00",4
Producción,"18.900,00",4
Producción,"19.950,00",4
Producción,"2.023,00",4
Producción,"2.035,00",4
Producción,"2.037,00",4
Producción,"2.055,00",4
Producción,"2.056,00",4
Producción,"2.058,00",4
Producción,"2.064,00",4
Producción,"2.088,00",4
Producción,"2.128,00",4
Producción,"2.196,00",4
Producción,"2.240,40",4
Producción,"2.255,00",4
Producción,"2.260,00",4
Producción,"2.288,00",4
Producción,"2.289,00",4
Producción,"2.300,10",4
Producción,"2.343,00",4
Producción,"2.365,00",4
Producción,"2.390,00",4
Producción,"2.392,00",4
Producción,"2.419,20",4
Producción,"2.424,00",4
Producción,"2.429,00",4
Producción,"2.464,00",4
Producción,"2.474,50",4
Producción,"2.485,00",4
Producción,"2.508,00",4
Producción,"2.530,00",4
Producción,"2.538,00",4
Producción,"2.548,00",4
Producción,"2.556,00",4
Producción,"2.568,00",4
Producción,"2.604,00",4
Producción,"2.620,00",4
Producción,"2.630,00",4
Producción,"2.655,00",4
Producción,"2.670,00",4
Producción,"2.675,00",4
Producción,"2.709,00",4
Producción,"2.717,00",4
Producción,"2.796,00",4
Producción,"2.816,00",4
Producción,"2.822,00",4
Producción,"2.890,00",4
Producción,"2.892,00",4
Producción,"2.898,00",4
Producción,"2.916,00",4
Producción,"2.961,00",4
Producción,"2.964,00",4
Producción,"20.440,00",4
Producción,"20.814,00",4
Producción,"20.880,00",4
Producción,"20.930,00",4
Producción,"21.510,00",4
Producción,"21.676,48",4
Producción,"21.690,00",4
Producción,"219.340,00",4
Producción,"22.200,00",4
Producción,"22.336,00",4
Producción,"23.400,00",4
Producción,"24.700,00",4
Producción,"25.020,00",4
Producción,"26.400,00",4
Producción,"26.600,00",4
Producción,"27.800,00",4
Producción,"28.500,00",4
Producción,"282.600,00",4
Producción,"29.700,00",4
Producción,"3.003,00",4
Producción,"3.025,00",4
Producción,"3.058,00",4
Producción,"3.066,00",4
Producción,"3.090,00",4
Producción,"3.135,00",4
Producción,"3.145,00",4
Producción,"3.154,00",4
Producción,"3.190,00",4
Producción,"3.192,00",4
Producción,"3.195,00",4
Producción,"3.206,00",4
Producción,"3.210,00",4
Producción,"3.216,00",4
Producción,"3.222,00",4
Producción,"3.230,00",4
Producción,"3.236,80",4
Producción,"3.312,00",4
Producción,"3.315,00",4
Producción,"3.328,60",4
Producción,"3.330,00",4
Producción,"3.336,00",4
Producción,"3.350,40",4
Producción,"3.366,00",4
Producción,"3.370,50",4
Producción,"3.486,00",4
Producción,"3.504,00",4
Producción,"3.560,00",4
Producción,"3.564,00",4
Producción,"3.576,00",4
Producción,"3.584,00",4
Producción,"3.705,00",4
Producción,"3.784,00",4
Producción,"3.792,00",4
Producción,"3.796,00",4
Producción,"3.798,00",4
Producción,"3.815,00",4
Producción,"3.846,00",4
Producción,"3.875,00",4
Producción,"3.880,00",4
Producción,"3.940,00",4
Producción,"3.948,60",4
Producción,"3.987,00",4
Producción,"30.750,00",4
Producción,"30.970,00",4
Producción,"32.400,00",4
Producción,"33.850,00",4
Producción,"33.950,00",4
Producción,"342.240,00",4
Producción,"35.739,33",4
Producción,"350.880,00",4
Producción,"36.300,00",4
Producción,"38.699,20",4
Producción,"39.200,00",4
Producción,"39.600,00",4
Producción,"4.020,00",4
Producción,"4.088,00",4
Producción,"4.100,60",4
Producción,"4.104,00",4
Producción,"4.116,00",4
Producción,"4.144,00",4
Producción,"4.245,00",4
Producción,"4.360,00",4
Producción,"4.368,00",4
Producción,"4.380,00",4
Producción,"4.396,00",4
Producción,"4.692,00",4
Producción,"4.740,00",4
Producción,"4.815,00",4
Producción,"4.845,00",4
Producción,"4.875,00",4
Producción,"4.890,00",4
Producción,"4.930,00",4
Producción,"4.980,00",4
Producción,"4.992,00",4
Producción,"4.998,00",4
Producción,"401.800,00",4
Producción,"44.350,00",4
Producción,"47.500,00",4
Producción,"49.172,00",4
Producción,"5.150,00",4
Producción,"5.190,00",4
Producción,"5.211,80",4
Producción,"5.300,00",4
Producción,"5.340,00",4
Producción,"5.440,00",4
Producción,"5.481,84",4
Producción,"5.487,67",4
Producción,"5.490,00",4
Producción,"5.544,00",4
Producción,"5.577,00",4
Producción,"5.632,00",4
Producción,"5.720,00",4
Producción,"5.900,00",4
Producción,"5.915,00",4
Producción,"5.934,00",4
Producción,"50.000,00",4
Producción,"56.000,00",4
Producción,"57.000,00",4
Producción,"58.500,00",4
Producción,"59.959,20",4
Producción,"6.144,00",4
Producción,"6.225,00",4
Producción,"6.230,00",4
Producción,"6.280,00",4
Producción,"6.450,00",4
Producción,"6.624,00",4
Producción,"6.708,00",4
Producción,"6.754,00",4
Producción,"6.760,00",4
Producción,"6.859,00",4
Producción,"6.860,00",4
Producción,"6.970,00",4
Producción,"622.980,00",4
Producción,"63.000,00",4
Producción,"7.008,00",4
Producción,"7.360,00",4
Producción,"7.425,00",4
Producción,"7.450,00",4
Producción,"7.546,00",4
Producción,"7.860,00",4
Producción,"7.995,00",4
Producción,"8.040,00",4
Producción,"8.085,00",4
Producción,"8.090,00",4
Producción,"8.175,00",4
Producción,"8.300,00",4
Producción,"8.360,00",4
Producción,"8.505,00",4
Producción,"8.720,00",4
Producción,"8.844,00",4
Producción,"8.883,75",4
Producción,"8.910,00",4
Producción,"8.940,00",4
Producción,"80.000,00",4
Producción,"9.280,00",4
Producción,"9.480,00",4
Producción,"9.540,00",4
Producción,"9.680,00",4
Producción,"9.889,20",4
Producción,"9.922,50",4
Producción,"1.000,80",3
Producción,"1.003,00",3
Producción,"1.004,00",3
Producción,"1.014,00",3
Producción,"1.019.400,00",3
Producción,"1.037,00",3
Producción,"1.038,00",3
Producción,"1.047,00",3
Producción,"1.048,80",3
Producción,"1.059,00",3
Producción,"1.063,20",3
Producción,"1.079,00",3
Producción,"1.096,00",3
Producción,"1.099,00",3
Producción,"1.102,00",3
Producción,"1.105,65",3
Producción,"1.106,00",3
Producción,"1.112,50",3
Producción,"1.118,00",3
Producción,"1.124,55",3
Producción,"1.133,00",3
Producción,"1.135,12",3
Producción,"1.135,80",3
Producción,"1.142,40",3
Producción,"1.144,80",3
Producción,"1.145,00",3
Producción,"1.159,00",3
Producción,"1.178,10",3
Producción,"1.182,50",3
Producción,"1.193,50",3
Producción,"1.204,00",3
Producción,"1.205,00",3
Producción,"1.207,50",3
Producción,"1.213,80",3
Producción,"1.221,00",3
Producción,"1.226,00",3
Producción,"1.236,90",3
Producción,"1.246,00",3
Producción,"1.263,60",3
Producción,"1.264.800,00",3
Producción,"1.267,25",3
Producción,"1.271,00",3
Producción,"1.272,00",3
Producción,"1.282,50",3
Producción,"1.291,00",3
Producción,"1.291,50",3
Producción,"1.296,60",3
Producción,"1.306,50",3
Producción,"1.316,00",3
Producción,"1.327,50",3
Producción,"1.333,50",3
Producción,"1.334,00",3
Producción,"1.338,75",3
Producción,"1.341,00",3
Producción,"1.344,24",3
Producción,"1.351,00",3
Producción,"1.354,50",3
Producción,"1.356,60",3
Producción,"1.371,50",3
Producción,"1.377,00",3
Producción,"1.388,05",3
Producción,"1.396,00",3
Producción,"1.402,50",3
Producción,"1.413,00",3
Producción,"1.414,00",3
Producción,"1.417,00",3
Producción,"1.421,00",3
Producción,"1.444,00",3
Producción,"1.444,20",3
Producción,"1.446,00",3
Producción,"1.448,40",3
Producción,"1.478,00",3
Producción,"1.491,00",3
Producción,"1.515,00",3
Producción,"1.519,00",3
Producción,"1.519,70",3
Producción,"1.521,00",3
Producción,"1.524,00",3
Producción,"1.528,52",3
Producción,"1.535,10",3
Producción,"1.552,00",3
Producción,"1.556,00",3
Producción,"1.574,37",3
Producción,"1.586,00",3
Producción,"1.588,00",3
Producción,"1.599,00",3
Producción,"1.605,00",3
Producción,"1.605,50",3
Producción,"1.612,00",3
Producción,"1.614,00",3
Producción,"1.618,50",3
Producción,"1.629,00",3
Producción,"1.641,75",3
Producción,"1.644,00",3
Producción,"1.647,00",3
Producción,"1.659,00",3
Producción,"1.677,97",3
Producción,"1.686,00",3
Producción,"1.692,00",3
Producción,"1.701,00",3
Producción,"1.708,62",3
Producción,"1.732,50",3
Producción,"1.745,60",3
Producción,"1.749,00",3
Producción,"1.751,00",3
Producción,"1.752,00",3
Producción,"1.754,40",3
Producción,"1.768,00",3
Producción,"1.775,00",3
Producción,"1.778,00",3
Producción,"1.788,00",3
Producción,"1.807,00",3
Producción,"1.825,00",3
Producción,"1.827,00",3
Producción,"1.829,00",3
Producción,"1.832,60",3
Producción,"1.856,00",3
Producción,"1.862,00",3
Producción,"1.880,20",3
Producción,"1.881,00",3
Producción,"1.885,00",3
Producción,"1.892,00",3
Producción,"1.898,00",3
Producción,"1.910,00",3
Producción,"1.926,00",3
Producción,"1.927,80",3
Producción,"1.932,00",3
Producción,"1.953,00",3
Producción,"1.957,50",3
Producción,"1.975,00",3
Producción,"1.976,00",3
Producción,"10.053,44",3
Producción,"10.100,00",3
Producción,"10.189,00",3
Producción,"10.368,00",3
Producción,"10.440,00",3
Producción,"10.563,00",3
Producción,"10.710,00",3
Producción,"10.728,00",3
Producción,"10.850,00",3
Producción,"10.880,00",3
Producción,"10.980,00",3
Producción,"101.970,00",3
Producción,"11.025,00",3
Producción,"11.088,00",3
Producción,"11.190,00",3
Producción,"11.328,00",3
Producción,"11.340,00",3
Producción,"11.430,00",3
Producción,"11.472,00",3
Producción,"11.610,00",3
Producción,"11.618,75",3
Producción,"11.640,00",3
Producción,"11.667,50",3
Producción,"11.711,00",3
Producción,"11.749,23",3
Producción,"11.830,50",3
Producción,"11.960,00",3
Producción,"11.990,00",3
Producción,"112.700,00",3
Producción,"12.060,00",3
Producción,"12.090,00",3
Producción,"12.120,00",3
Producción,"12.180,00",3
Producción,"12.360,00",3
Producción,"12.420,00",3
Producción,"12.430,00",3
Producción,"12.450,00",3
Producción,"12.480,00",3
Producción,"12.700,00",3
Producción,"12.780,00",3
Producción,"13.120,00",3
Producción,"13.140,00",3
Producción,"13.346,28",3
Producción,"13.350,00",3
Producción,"13.410,00",3
Producción,"13.536,00",3
Producción,"13.576,00",3
Producción,"13.640,00",3
Producción,"13.680,00",3
Producción,"13.972,50",3
Producción,"14.087,00",3
Producción,"14.110,00",3
Producción,"14.220,00",3
Producción,"14.240,00",3
Producción,"14.250,00",3
Producción,"14.311,50",3
Producción,"14.420,00",3
Producción,"14.518,00",3
Producción,"14.560,00",3
Producción,"14.750,00",3
Producción,"14.875,00",3
Producción,"14.960,00",3
Producción,"144.312,00",3
Producción,"149.264,00",3
Producción,"15.050,00",3
Producción,"15.240,42",3
Producción,"15.660,00",3
Producción,"15.870,00",3
Producción,"16.120,00",3
Producción,"16.240,00",3
Producción,"16.275,00",3
Producción,"16.470,00",3
Producción,"16.660,00",3
Producción,"16.677,00",3
Producción,"16.900,00",3
Producción,"161.100,00",3
Producción,"17.220,00",3
Producción,"17.608,00",3
Producción,"17.625,00",3
Producción,"172.680,00",3
Producción,"18.200,00",3
Producción,"18.500,00",3
Producción,"18.720,00",3
Producción,"18.760,00",3
Producción,"183.820,00",3
Producción,"186.750,00",3
Producción,"189.000,00",3
Producción,"19.002,00",3
Producción,"19.290,00",3
Producción,"19.440,00",3
Producción,"19.505,00",3
Producción,"2.002,00",3
Producción,"2.030,70",3
Producción,"2.032,00",3
Producción,"2.034,00",3
Producción,"2.046,00",3
Producción,"2.065,00",3
Producción,"2.079,00",3
Producción,"2.082,90",3
Producción,"2.093,00",3
Producción,"2.097,00",3
Producción,"2.107,50",3
Producción,"2.109,00",3
Producción,"2.112,00",3
Producción,"2.121,00",3
Producción,"2.128,50",3
Producción,"2.168,40",3
Producción,"2.208,00",3
Producción,"2.214,00",3
Producción,"2.235,00",3
Producción,"2.250,60",3
Producción,"2.254,00",3
Producción,"2.262,00",3
Producción,"2.280,60",3
Producción,"2.284,80",3
Producción,"2.290,00",3
Producción,"2.295,00",3
Producción,"2.296,00",3
Producción,"2.307,50",3
Producción,"2.336,00",3
Producción,"2.337,00",3
Producción,"2.345,00",3
Producción,"2.356,20",3
Producción,"2.364,00",3
Producción,"2.387,00",3
Producción,"2.392,20",3
Producción,"2.403,00",3
Producción,"2.408,00",3
Producción,"2.436,00",3
Producción,"2.444,00",3
Producción,"2.476,00",3
Producción,"2.491,00",3
Producción,"2.499,00",3
Producción,"2.502,00",3
Producción,"2.502,50",3
Producción,"2.506,00",3
Producción,"2.525,00",3
Producción,"2.536,00",3
Producción,"2.545,20",3
Producción,"2.547,00",3
Producción,"2.573,00",3
Producción,"2.575,00",3
Producción,"2.595,00",3
Producción,"2.596,00",3
Producción,"2.622,00",3
Producción,"2.638,40",3
Producción,"2.646,40",3
Producción,"2.665,00",3
Producción,"2.675,40",3
Producción,"2.679,00",3
Producción,"2.686,00",3
Producción,"2.688,00",3
Producción,"2.715,80",3
Producción,"2.727,60",3
Producción,"2.744,00",3
Producción,"2.748,00",3
Producción,"2.752,00",3
Producción,"2.759,00",3
Producción,"2.768,00",3
Producción,"2.774,00",3
Producción,"2.776,50",3
Producción,"2.785,00",3
Producción,"2.793,44",3
Producción,"2.797,50",3
Producción,"2.812,50",3
Producción,"2.830,00",3
Producción,"2.840,00",3
Producción,"2.849,22",3
Producción,"2.862,00",3
Producción,"2.868,00",3
Producción,"2.896,00",3
Producción,"2.907,00",3
Producción,"2.910,00",3
Producción,"2.917,98",3
Producción,"2.919,00",3
Producción,"2.944,00",3
Producción,"2.945,00",3
Producción,"2.948,00",3
Producción,"2.952,00",3
Producción,"2.968,00",3
Producción,"20.196,00",3
Producción,"20.250,00",3
Producción,"21.355,00",3
Producción,"21.455,50",3
Producción,"21.500,00",3
Producción,"21.532,00",3
Producción,"21.540,00",3
Producción,"21.780,00",3
Producción,"217.075,00",3
Producción,"22.425,00",3
Producción,"23.304,00",3
Producción,"23.520,00",3
Producción,"23.800,00",3
Producción,"23.851,30",3
Producción,"23.870,00",3
Producción,"24.500,00",3
Producción,"24.600,00",3
Producción,"24.640,00",3
Producción,"25.400,00",3
Producción,"25.470,00",3
Producción,"25.972,00",3
Producción,"26.112,00",3
Producción,"26.700,00",3
Producción,"26.790,00",3
Producción,"27.000,00",3
Producción,"27.200,00",3
Producción,"27.300,00",3
Producción,"27.600,00",3
Producción,"28.800,00",3
Producción,"29.050,00",3
Producción,"29.400,00",3
Producción,"29.960,00",3
Producción,"3.030,50",3
Producción,"3.036,00",3
Producción,"3.056,00",3
Producción,"3.087,00",3
Producción,"3.096,00",3
Producción,"3.101,10",3
Producción,"3.102,00",3
Producción,"3.108,00",3
Producción,"3.116,00",3
Producción,"3.136,00",3
Producción,"3.160,00",3
Producción,"3.164,00",3
Producción,"3.202,90",3
Producción,"3.228,00",3
Producción,"3.260,00",3
Producción,"3.270,00",3
Producción,"3.321,00",3
Producción,"3.367,00",3
Producción,"3.408,00",3
Producción,"3.410,00",3
Producción,"3.412,40",3
Producción,"3.430,00",3
Producción,"3.468,00",3
Producción,"3.509,75",3
Producción,"3.519,00",3
Producción,"3.540,00",3
Producción,"3.606,00",3
Producción,"3.620,00",3
Producción,"3.624,00",3
Producción,"3.625,00",3
Producción,"3.648,00",3
Producción,"3.690,00",3
Producción,"3.713,10",3
Producción,"3.768,00",3
Producción,"3.770,00",3
Producción,"3.789,00",3
Producción,"3.810,00",3
Producción,"3.816,00",3
Producción,"3.845,40",3
Producción,"3.888,00",3
Producción,"3.930,00",3
Producción,"31.000,00",3
Producción,"31.360,00",3
Producción,"33.450,00",3
Producción,"33.700,00",3
Producción,"34.320,00",3
Producción,"347.136,00",3
Producción,"35.000,00",3
Producción,"36.387,00",3
Producción,"36.800,00",3
Producción,"36.907,00",3
Producción,"37.000,00",3
Producción,"37.800,00",3
Producción,"4.012,50",3
Producción,"4.014,00",3
Producción,"4.016,00",3
Producción,"4.030,00",3
Producción,"4.086,00",3
Producción,"4.092,00",3
Producción,"4.147,00",3
Producción,"4.158,00",3
Producción,"4.170,00",3
Producción,"4.176,00",3
Producción,"4.185,00",3
Producción,"4.186,08",3
Producción,"4.196,00",3
Producción,"4.221,00",3
Producción,"4.224,00",3
Producción,"4.235,00",3
Producción,"4.256,00",3
Producción,"4.335,00",3
Producción,"4.340,00",3
Producción,"4.356,00",3
Producción,"4.462,50",3
Producción,"4.474,40",3
Producción,"4.485,00",3
Producción,"4.499,00",3
Producción,"4.510,00",3
Producción,"4.524,00",3
Producción,"4.536,00",3
Producción,"4.613,00",3
Producción,"4.626,00",3
Producción,"4.644,00",3
Producción,"4.688,00",3
Producción,"4.746.000,00",3
Producción,"4.764,00",3
Producción,"4.784,00",3
Producción,"4.785,00",3
Producción,"4.816,00",3
Producción,"4.848,00",3
Producción,"4.896,41",3
Producción,"4.987,50",3
Producción,"40.260,00",3
Producción,"40.400,00",3
Producción,"40.450,00",3
Producción,"40.797,00",3
Producción,"40.800,00",3
Producción,"41.580,00",3
Producción,"41.600,00",3
Producción,"41.760,00",3
Producción,"42.600,00",3
Producción,"44.600,00",3
Producción,"45.600,00",3
Producción,"46.050,24",3
Producción,"49.200,00",3
Producción,"49.367,50",3
Producción,"49.724,80",3
Producción,"5.020,00",3
Producción,"5.058,00",3
Producción,"5.085,00",3
Producción,"5.099,50",3
Producción,"5.143,35",3
Producción,"5.152,00",3
Producción,"5.170,00",3
Producción,"5.184,00",3
Producción,"5.270,00",3
Producción,"5.287,15",3
Producción,"5.310,00",3
Producción,"5.350,00",3
Producción,"5.364,00",3
Producción,"5.380,00",3
Producción,"5.424,00",3
Producción,"5.425,00",3
Producción,"5.436,00",3
Producción,"5.445,00",3
Producción,"5.475,00",3
Producción,"5.502,00",3
Producción,"5.510,00",3
Producción,"5.525,00",3
Producción,"5.684,00",3
Producción,"5.740,00",3
Producción,"5.776,00",3
Producción,"5.805,00",3
Producción,"5.830,00",3
Producción,"5.840,00",3
Producción,"5.841,00",3
Producción,"5.856,00",3
Producción,"5.890,00",3
Producción,"5.960,00",3
Producción,"5.970,00",3
Producción,"52.000,00",3
Producción,"52.200,00",3
Producción,"52.500,00",3
Producción,"52.650,00",3
Producción,"52.800,00",3
Producción,"529.920,00",3
Producción,"55.000,00",3
Producción,"55.200,00",3
Producción,"55.418,40",3
Producción,"56.400,00",3
Producción,"57.160,00",3
Producción,"6.003,00",3
Producción,"6.020,00",3
Producción,"6.040,00",3
Producción,"6.069,00",3
Producción,"6.125,00",3
Producción,"6.126,00",3
Producción,"6.141,00",3
Producción,"6.176,00",3
Producción,"6.272,00",3
Producción,"6.320,00",3
Producción,"6.336,00",3
Producción,"6.460,00",3
Producción,"6.490,00",3
Producción,"6.525,00",3
Producción,"6.560,00",3
Producción,"6.570,00",3
Producción,"6.576,00",3
Producción,"6.580,00",3
Producción,"6.613,00",3
Producción,"6.628,00",3
Producción,"6.640,00",3
Producción,"6.685,00",3
Producción,"6.700,00",3
Producción,"6.762,00",3
Producción,"6.916,00",3
Producción,"6.948,00",3
Producción,"62.500,00",3
Producción,"63.033,60",3
Producción,"65.000,00",3
Producción,"655.920,00",3
Producción,"66.000,00",3
Producción,"7.125,00",3
Producción,"7.152,00",3
Producción,"7.160,00",3
Producción,"7.225,00",3
Producción,"7.274,40",3
Producción,"7.325,00",3
Producción,"7.550,00",3
Producción,"7.580,00",3
Producción,"7.672,80",3
Producción,"7.776,00",3
Producción,"7.880,00",3
Producción,"7.960,00",3
Producción,"7.987,00",3
Producción,"70.000,00",3
Producción,"71.500,00",3
Producción,"717.400,00",3
Producción,"74.888,00",3
Producción,"8.060,00",3
Producción,"8.080,00",3
Producción,"8.125,00",3
Producción,"8.152,80",3
Producción,"8.220,00",3
Producción,"8.325,00",3
Producción,"8.330,00",3
Producción,"8.475,50",3
Producción,"8.568,00",3
Producción,"8.600,10",3
Producción,"8.625,00",3
Producción,"8.775,00",3
Producción,"8.840,00",3
Producción,"8.900,00",3
Producción,"8.930,00",3
Producción,"8.970,00",3
Producción,"813.000,00",3
Producción,"84.250,00",3
Producción,"84.360,00",3
Producción,"861.939,40",3
Producción,"9.090,00",3
Producción,"9.324,00",3
Producción,"9.328,00",3
Producción,"9.420,00",3
Producción,"9.460,00",3
Producción,"9.510,00",3
Producción,"9.513,50",3
Producción,"9.531,00",3
Producción,"9.760,00",3
Producción,"9.840,00",3
Producción,"9.867,82",3
Producción,"9.990,00",3
Producción,"1.003,20",2
Producción,"1.003,95",2
Producción,"1.006,00",2
Producción,"1.007,40",2
Producción,"1.008,80",2
Producción,"1.011,00",2
Producción,"1.011,50",2
Producción,"1.012,50",2
Producción,"1.013,95",2
Producción,"1.015.560,00",2
Producción,"1.016,80",2
Producción,"1.018,35",2
Producción,"1.020,65",2
Producción,"1.027,20",2
Producción,"1.028,00",2
Producción,"1.041,25",2
Producción,"1.042,50",2
Producción,"1.043,00",2
Producción,"1.044,40",2
Producción,"1.045,04",2
Producción,"1.045,80",2
Producción,"1.048,95",2
Producción,"1.049,02",2
Producción,"1.050,70",2
Producción,"1.052,50",2
Producción,"1.057,00",2
Producción,"1.062,10",2
Producción,"1.070,40",2
Producción,"1.074,00",2
Producción,"1.075,75",2
Producción,"1.080,90",2
Producción,"1.082,29",2
Producción,"1.083,60",2
Producción,"1.091,40",2
Producción,"1.094,00",2
Producción,"1.096,87",2
Producción,"1.108,00",2
Producción,"1.109,00",2
Producción,"1.109,70",2
Producción,"1.113,02",2
Producción,"1.114,75",2
Producción,"1.115,00",2
Producción,"1.115,62",2
Producción,"1.117,20",2
Producción,"1.118.130,00",2
Producción,"1.121,60",2
Producción,"1.124,00",2
Producción,"1.128,40",2
Producción,"1.128,60",2
Producción,"1.131,96",2
Producción,"1.132,00",2
Producción,"1.136,00",2
Producción,"1.137,50",2
Producción,"1.137,60",2
Producción,"1.138,20",2
Producción,"1.141,00",2
Producción,"1.143,00",2
Producción,"1.143,84",2
Producción,"1.146,85",2
Producción,"1.147,20",2
Producción,"1.148,40",2
Producción,"1.151,92",2
Producción,"1.157,00",2
Producción,"1.157.750,00",2
Producción,"1.158,04",2
Producción,"1.158,30",2
Producción,"1.159,40",2
Producción,"1.159,50",2
Producción,"1.160,25",2
Producción,"1.162,20",2
Producción,"1.162,50",2
Producción,"1.167,40",2
Producción,"1.168,50",2
Producción,"1.169,00",2
Producción,"1.171,80",2
Producción,"1.173,60",2
Producción,"1.174,00",2
Producción,"1.174,40",2
Producción,"1.174,50",2
Producción,"1.177,00",2
Producción,"1.177,50",2
Producción,"1.183,20",2
Producción,"1.186,41",2
Producción,"1.189,50",2
Producción,"1.191,00",2
Producción,"1.192,50",2
Producción,"1.193,64",2
Producción,"1.196,80",2
Producción,"1.199,00",2
Producción,"1.211,25",2
Producción,"1.213,00",2
Producción,"1.218,00",2
Producción,"1.223,00",2
Producción,"1.234,80",2
Producción,"1.235,56",2
Producción,"1.235,70",2
Producción,"1.238,40",2
Producción,"1.244,00",2
Producción,"1.244,60",2
Producción,"1.246,70",2
Producción,"1.248.670,00",2
Producción,"1.249,00",2
Producción,"1.249,50",2
Producción,"1.256,80",2
Producción,"1.258,74",2
Producción,"1.261,00",2
Producción,"1.263,00",2
Producción,"1.263,20",2
Producción,"1.266,00",2
Producción,"1.268,00",2
Producción,"1.282,00",2
Producción,"1.284,30",2
Producción,"1.287,50",2
Producción,"1.290,90",2
Producción,"1.292,10",2
Producción,"1.299,00",2
Producción,"1.307,00",2
Producción,"1.313,00",2
Producción,"1.315,00",2
Producción,"1.315.600,00",2
Producción,"1.324,00",2
Producción,"1.324,80",2
Producción,"1.329,00",2
Producción,"1.331,00",2
Producción,"1.332,50",2
Producción,"1.337,00",2
Producción,"1.339,00",2
Producción,"1.352,54",2
Producción,"1.353,60",2
Producción,"1.355,00",2
Producción,"1.355,28",2
Producción,"1.357,20",2
Producción,"1.359,00",2
Producción,"1.361,00",2
Producción,"1.361,60",2
Producción,"1.363,00",2
Producción,"1.378,50",2
Producción,"1.391,00",2
Producción,"1.394,00",2
Producción,"1.397,00",2
Producción,"1.399,65",2
Producción,"1.400,24",2
Producción,"1.404,90",2
Producción,"1.411,00",2
Producción,"1.417,50",2
Producción,"1.424,00",2
Producción,"1.426,00",2
Producción,"1.426,59",2
Producción,"1.436,00",2
Producción,"1.436,50",2
Producción,"1.437,50",2
Producción,"1.448,00",2
Producción,"1.453,00",2
Producción,"1.453,55",2
Producción,"1.457,00",2
Producción,"1.457,50",2
Producción,"1.457,75",2
Producción,"1.463,00",2
Producción,"1.468,20",2
Producción,"1.469,00",2
Producción,"1.474,00",2
Producción,"1.478,40",2
Producción,"1.486,80",2
Producción,"1.488,30",2
Producción,"1.489,60",2
Producción,"1.492,00",2
Producción,"1.499,00",2
Producción,"1.504,00",2
Producción,"1.504,20",2
Producción,"1.504,80",2
Producción,"1.508,00",2
Producción,"1.510,00",2
Producción,"1.513,00",2
Producción,"1.514,00",2
Producción,"1.516,36",2
Producción,"1.516,80",2
Producción,"1.523,20",2
Producción,"1.525,00",2
Producción,"1.528,00",2
Producción,"1.534,00",2
Producción,"1.540,08",2
Producción,"1.542,00",2
Producción,"1.550,50",2
Producción,"1.552,50",2
Producción,"1.561,00",2
Producción,"1.562,50",2
Producción,"1.573,60",2
Producción,"1.577,00",2
Producción,"1.582,00",2
Producción,"1.585,00",2
Producción,"1.587,00",2
Producción,"1.597,50",2
Producción,"1.598,00",2
Producción,"1.600,80",2
Producción,"1.603,50",2
Producción,"1.609,00",2
Producción,"1.627,50",2
Producción,"1.627,90",2
Producción,"1.629,60",2
Producción,"1.634,00",2
Producción,"1.636,00",2
Producción,"1.642,00",2
Producción,"1.642,50",2
Producción,"1.648,94",2
Producción,"1.650,60",2
Producción,"1.655,50",2
Producción,"1.656,14",2
Producción,"1.660,00",2
Producción,"1.662,50",2
Producción,"1.664,40",2
Producción,"1.673,00",2
Producción,"1.676,00",2
Producción,"1.676,15",2
Producción,"1.677,90",2
Producción,"1.687,00",2
Producción,"1.687,20",2
Producción,"1.697,64",2
Producción,"1.698,00",2
Producción,"1.702,00",2
Producción,"1.703,00",2
Producción,"1.703,80",2
Producción,"1.703.424,00",2
Producción,"1.710,50",2
Producción,"1.710,80",2
Producción,"1.712,50",2
Producción,"1.713,60",2
Producción,"1.722,50",2
Producción,"1.723,50",2
Producción,"1.727,70",2
Producción,"1.730,00",2
Producción,"1.735,50",2
Producción,"1.739,50",2
Producción,"1.739,70",2
Producción,"1.743,25",2
Producción,"1.745,00",2
Producción,"1.746,00",2
Producción,"1.754,00",2
Producción,"1.756,00",2
Producción,"1.757,00",2
Producción,"1.759,00",2
Producción,"1.767,15",2
Producción,"1.768,50",2
Producción,"1.773,00",2
Producción,"1.780,80",2
Producción,"1.781,00",2
Producción,"1.784,00",2
Producción,"1.787,50",2
Producción,"1.789,60",2
Producción,"1.801,10",2
Producción,"1.803,00",2
Producción,"1.804,00",2
Producción,"1.805,58",2
Producción,"1.808,80",2
Producción,"1.822,00",2
Producción,"1.834,00",2
Producción,"1.837,08",2
Producción,"1.837,50",2
Producción,"1.841,40",2
Producción,"1.846,80",2
Producción,"1.855,00",2
Producción,"1.867,50",2
Producción,"1.868,00",2
Producción,"1.869,00",2
Producción,"1.869,68",2
Producción,"1.870,60",2
Producción,"1.873,00",2
Producción,"1.873,17",2
Producción,"1.874,50",2
Producción,"1.903,00",2
Producción,"1.905,00",2
Producción,"1.908,50",2
Producción,"1.911,00",2
Producción,"1.914,00",2
Producción,"1.917,00",2
Producción,"1.918,80",2
Producción,"1.924,52",2
Producción,"1.927,50",2
Producción,"1.928,00",2
Producción,"1.945,00",2
Producción,"1.945,60",2
Producción,"1.946,00",2
Producción,"1.948,80",2
Producción,"1.949,00",2
Producción,"1.949,40",2
Producción,"1.952,00",2
Producción,"1.956,00",2
Producción,"1.958,00",2
Producción,"1.963,50",2
Producción,"1.967,90",2
Producción,"1.969,00",2
Producción,"1.969,20",2
Producción,"1.975,40",2
Producción,"1.985,00",2
Producción,"1.994,00",2
Producción,"10.005,00",2
Producción,"10.010,00",2
Producción,"10.020,00",2
Producción,"10.032,00",2
Producción,"10.110,60",2
Producción,"10.111,39",2
Producción,"10.115,00",2
Producción,"10.140,00",2
Producción,"10.164,00",2
Producción,"10.230,00",2
Producción,"10.240,00",2
Producción,"10.250,00",2
Producción,"10.324,80",2
Producción,"10.330,80",2
Producción,"10.335,00",2
Producción,"10.343,70",2
Producción,"10.380,00",2
Producción,"10.402,60",2
Producción,"10.472,00",2
Producción,"10.640,00",2
Producción,"10.687,50",2
Producción,"10.698,30",2
Producción,"10.758,00",2
Producción,"10.783,50",2
Producción,"10.791,00",2
Producción,"10.810,00",2
Producción,"10.833,60",2
Producción,"10.935,00",2
Producción,"10.940,00",2
Producción,"10.955,00",2
Producción,"105.000,00",2
Producción,"107.500,00",2
Producción,"109.250,00",2
Producción,"11.004,00",2
Producción,"11.060,00",2
Producción,"11.125,00",2
Producción,"11.126,40",2
Producción,"11.160,00",2
Producción,"11.175,00",2
Producción,"11.180,00",2
Producción,"11.240,00",2
Producción,"11.300,42",2
Producción,"11.310,00",2
Producción,"11.363,20",2
Producción,"11.424,00",2
Producción,"11.440,00",2
Producción,"11.486,52",2
Producción,"11.488,03",2
Producción,"11.580,00",2
Producción,"11.590,00",2
Producción,"11.599,95",2
Producción,"11.605,00",2
Producción,"11.703,51",2
Producción,"11.730,00",2
Producción,"11.820,00",2
Producción,"11.830,00",2
Producción,"11.850,00",2
Producción,"11.880,00",2
Producción,"11.890,00",2
Producción,"11.968,00",2
Producción,"11.969,60",2
Producción,"11.970,00",2
Producción,"117.125,00",2
Producción,"12.015,00",2
Producción,"12.035,00",2
Producción,"12.040,00",2
Producción,"12.080,00",2
Producción,"12.225,00",2
Producción,"12.250,00",2
Producción,"12.280,00",2
Producción,"12.345,90",2
Producción,"12.447,00",2
Producción,"12.455,00",2
Producción,"12.460,00",2
Producción,"12.510,00",2
Producción,"12.516,00",2
Producción,"12.530,00",2
Producción,"12.540,00",2
Producción,"12.552,00",2
Producción,"12.640,00",2
Producción,"12.656,00",2
Producción,"12.690,00",2
Producción,"12.736,00",2
Producción,"12.775,00",2
Producción,"12.782,00",2
Producción,"12.798,72",2
Producción,"12.805,00",2
Producción,"12.852,00",2
Producción,"12.880,00",2
Producción,"12.920,00",2
Producción,"12.976,00",2
Producción,"120.110,40",2
Producción,"120.960,00",2
Producción,"121.550,00",2
Producción,"13.010,00",2
Producción,"13.032,00",2
Producción,"13.049,70",2
Producción,"13.050,00",2
Producción,"13.053,00",2
Producción,"13.118,56",2
Producción,"13.230,00",2
Producción,"13.244,00",2
Producción,"13.258,00",2
Producción,"13.260,00",2
Producción,"13.420,00",2
Producción,"13.433,00",2
Producción,"13.745,60",2
Producción,"13.788,00",2
Producción,"13.864,20",2
Producción,"13.881,56",2
Producción,"13.910,00",2
Producción,"13.940,00",2
Producción,"13.976,00",2
Producción,"130.000,00",2
Producción,"130.860,00",2
Producción,"130.896,00",2
Producción,"132.000,00",2
Producción,"133.920,00",2
Producción,"136.000,00",2
Producción,"138.465,00",2
Producción,"14.040,00",2
Producción,"14.070,00",2
Producción,"14.085,00",2
Producción,"14.128,00",2
Producción,"14.200,00",2
Producción,"14.227,50",2
Producción,"14.275,52",2
Producción,"14.350,00",2
Producción,"14.508,00",2
Producción,"14.580,00",2
Producción,"14.595,00",2
Producción,"14.720,00",2
Producción,"14.840,00",2
Producción,"141.108,00",2
Producción,"144.760,00",2
Producción,"148.775,00",2
Producción,"149.856,00",2
Producción,"15.120,00",2
Producción,"15.150,00",2
Producción,"15.300,00",2
Producción,"15.520,00",2
Producción,"15.582,00",2
Producción,"15.732,00",2
Producción,"15.764,00",2
Producción,"15.800,00",2
Producción,"15.990,00",2
Producción,"150.840,00",2
Producción,"151.426,00",2
Producción,"153.810,00",2
Producción,"155.187,50",2
Producción,"155.350,00",2
Producción,"159.500,00",2
Producción,"16.020,00",2
Producción,"16.081,60",2
Producción,"16.100,00",2
Producción,"16.170,00",2
Producción,"16.280,00",2
Producción,"16.360,00",2
Producción,"16.390,00",2
Producción,"16.400,00",2
Producción,"16.450,00",2
Producción,"16.480,00",2
Producción,"16.520,00",2
Producción,"16.530,00",2
Producción,"16.590,00",2
Producción,"16.591,00",2
Producción,"16.638,08",2
Producción,"16.650,00",2
Producción,"16.695,00",2
Producción,"16.830,00",2
Producción,"16.926,00",2
Producción,"16.960,00",2
Producción,"161.900,00",2
Producción,"168.000,00",2
Producción,"17.080,00",2
Producción,"17.120,00",2
Producción,"17.166,60",2
Producción,"17.200,20",2
Producción,"17.430,00",2
Producción,"17.528,00",2
Producción,"17.700,00",2
Producción,"17.943,94",2
Producción,"17.970,00",2
Producción,"17.986,00",2
Producción,"170.100,00",2
Producción,"174.000,00",2
Producción,"175.150,00",2
Producción,"18.060,00",2
Producción,"18.220,79",2
Producción,"18.300,00",2
Producción,"18.360,00",2
Producción,"18.464,00",2
Producción,"18.476,00",2
Producción,"18.616,00",2
Producción,"18.700,00",2
Producción,"18.800,00",2
Producción,"18.850,00",2
Producción,"18.968,00",2
Producción,"180.000,00",2
Producción,"182.840,00",2
Producción,"184.572,00",2
Producción,"19.125,00",2
Producción,"19.140,00",2
Producción,"19.218,00",2
Producción,"19.250,00",2
Producción,"19.280,00",2
Producción,"19.300,00",2
Producción,"19.350,00",2
Producción,"19.400,00",2
Producción,"19.430,00",2
Producción,"19.680,00",2
Producción,"19.810,00",2
Producción,"19.908,00",2
Producción,"19.980,00",2
Producción,"2.001,00",2
Producción,"2.005,00",2
Producción,"2.007,00",2
Producción,"2.008,00",2
Producción,"2.013,56",2
Producción,"2.019,50",2
Producción,"2.022,50",2
Producción,"2.034,50",2
Producción,"2.037,55",2
Producción,"2.045,00",2
Producción,"2.048,00",2
Producción,"2.054,92",2
Producción,"2.068,00",2
Producción,"2.068,40",2
Producción,"2.070,50",2
Producción,"2.071,00",2
Producción,"2.073,50",2
Producción,"2.082,00",2
Producción,"2.082,50",2
Producción,"2.085,00",2
Producción,"2.086,00",2
Producción,"2.092,50",2
Producción,"2.098,80",2
Producción,"2.099,30",2
Producción,"2.102,00",2
Producción,"2.103,64",2
Producción,"2.106,00",2
Producción,"2.112,50",2
Producción,"2.117,00",2
Producción,"2.125,20",2
Producción,"2.126,60",2
Producción,"2.130,00",2
Producción,"2.133,00",2
Producción,"2.134,00",2
Producción,"2.134,65",2
Producción,"2.137,50",2
Producción,"2.139,00",2
Producción,"2.145,30",2
Producción,"2.148,00",2
Producción,"2.152,00",2
Producción,"2.152,50",2
Producción,"2.156,00",2
Producción,"2.163,60",2
Producción,"2.167,00",2
Producción,"2.169,00",2
Producción,"2.169,20",2
Producción,"2.177,36",2
Producción,"2.180,50",2
Producción,"2.185,00",2
Producción,"2.187,50",2
Producción,"2.188,00",2
Producción,"2.204,00",2
Producción,"2.204,40",2
Producción,"2.209,90",2
Producción,"2.212,00",2
Producción,"2.216,00",2
Producción,"2.222,50",2
Producción,"2.223,60",2
Producción,"2.227,50",2
Producción,"2.230,00",2
Producción,"2.241,30",2
Producción,"2.242,50",2
Producción,"2.244,00",2
Producción,"2.249,10",2
Producción,"2.265,00",2
Producción,"2.267,46",2
Producción,"2.272,00",2
Producción,"2.277,00",2
Producción,"2.285,04",2
Producción,"2.285,82",2
Producción,"2.291,00",2
Producción,"2.292,00",2
Producción,"2.294,59",2
Producción,"2.297,45",2
Producción,"2.301,00",2
Producción,"2.308,00",2
Producción,"2.312,50",2
Producción,"2.313,00",2
Producción,"2.317,00",2
Producción,"2.317,50",2
Producción,"2.318,00",2
Producción,"2.330,00",2
Producción,"2.331,00",2
Producción,"2.332,40",2
Producción,"2.344,00",2
Producción,"2.346,00",2
Producción,"2.349,00",2
Producción,"2.354,00",2
Producción,"2.355,14",2
Producción,"2.358,00",2
Producción,"2.368,00",2
Producción,"2.368,30",2
Producción,"2.369,00",2
Producción,"2.378,00",2
Producción,"2.384,00",2
Producción,"2.387,02",2
Producción,"2.410,00",2
Producción,"2.416,00",2
Producción,"2.421,00",2
Producción,"2.432,50",2
Producción,"2.435,76",2
Producción,"2.437,50",2
Producción,"2.454,00",2
Producción,"2.456,80",2
Producción,"2.475,20",2
Producción,"2.487,50",2
Producción,"2.488,07",2
Producción,"2.488,50",2
Producción,"2.493,00",2
Producción,"2.509,00",2
Producción,"2.512,50",2
Producción,"2.518,40",2
Producción,"2.523,36",2
Producción,"2.525,10",2
Producción,"2.532,00",2
Producción,"2.551,50",2
Producción,"2.555,00",2
Producción,"2.557,00",2
Producción,"2.566,08",2
Producción,"2.572,50",2
Producción,"2.574,00",2
Producción,"2.576,00",2
Producción,"2.584,00",2
Producción,"2.584,56",2
Producción,"2.585,00",2
Producción,"2.587,50",2
Producción,"2.599,00",2
Producción,"2.601,00",2
Producción,"2.603,00",2
Producción,"2.608,00",2
Producción,"2.618,00",2
Producción,"2.622,50",2
Producción,"2.624,00",2
Producción,"2.628,00",2
Producción,"2.628,50",2
Producción,"2.630,32",2
Producción,"2.631,30",2
Producción,"2.632,50",2
Producción,"2.635,00",2
Producción,"2.645,00",2
Producción,"2.656,50",2
Producción,"2.670,77",2
Producción,"2.681,00",2
Producción,"2.682,00",2
Producción,"2.701,35",2
Producción,"2.711,94",2
Producción,"2.715,00",2
Producción,"2.716,00",2
Producción,"2.723,00",2
Producción,"2.723,60",2
Producción,"2.725,00",2
Producción,"2.729,00",2
Producción,"2.731,54",2
Producción,"2.732,80",2
Producción,"2.737,50",2
Producción,"2.752,50",2
Producción,"2.752.360,00",2
Producción,"2.754,00",2
Producción,"2.756,00",2
Producción,"2.769,00",2
Producción,"2.774,52",2
Producción,"2.775,50",2
Producción,"2.779,50",2
Producción,"2.780,50",2
Producción,"2.784,60",2
Producción,"2.786,00",2
Producción,"2.806,00",2
Producción,"2.814,00",2
Producción,"2.817,50",2
Producción,"2.821,00",2
Producción,"2.826,00",2
Producción,"2.827,00",2
Producción,"2.827,50",2
Producción,"2.832,00",2
Producción,"2.839,20",2
Producción,"2.842,00",2
Producción,"2.848,00",2
Producción,"2.857,50",2
Producción,"2.864,00",2
Producción,"2.865,86",2
Producción,"2.866,00",2
Producción,"2.868,16",2
Producción,"2.880,24",2
Producción,"2.884,00",2
Producción,"2.893,00",2
Producción,"2.895,00",2
Producción,"2.912,30",2
Producción,"2.915,00",2
Producción,"2.915,50",2
Producción,"2.923,00",2
Producción,"2.936,44",2
Producción,"2.945,85",2
Producción,"2.960,86",2
Producción,"2.967,52",2
Producción,"2.982,00",2
Producción,"2.985,00",2
Producción,"2.993,76",2
Producción,"20.057,00",2
Producción,"20.088,00",2
Producción,"20.100,00",2
Producción,"20.251,04",2
Producción,"20.280,00",2
Producción,"20.300,00",2
Producción,"20.640,00",2
Producción,"20.735,00",2
Producción,"20.988,24",2
Producción,"20.992,00",2
Producción,"21.069,39",2
Producción,"21.280,00",2
Producción,"21.424,00",2
Producción,"21.505,79",2
Producción,"21.570,00",2
Producción,"21.585,00",2
Producción,"21.714,00",2
Producción,"21.870,00",2
Producción,"21.880,00",2
Producción,"21.900,00",2
Producción,"21.920,00",2
Producción,"216.000,00",2
Producción,"218.325,00",2
Producción,"22.236,00",2
Producción,"22.240,00",2
Producción,"22.247,35",2
Producción,"22.250,00",2
Producción,"221.817,60",2
Producción,"222.450,00",2
Producción,"23.100,00",2
Producción,"23.294,60",2
Producción,"23.433,30",2
Producción,"23.560,00",2
Producción,"23.598,00",2
Producción,"23.616,00",2
Producción,"23.632,00",2
Producción,"23.664,00",2
Producción,"23.760,00",2
Producción,"23.786,00",2
Producción,"239.400,00",2
Producción,"24.080,00",2
Producción,"24.570,00",2
Producción,"24.704,00",2
Producción,"24.728,00",2
Producción,"24.750,00",2
Producción,"24.800,00",2
Producción,"24.900,00",2
Producción,"24.960,00",2
Producción,"24.990,00",2
Producción,"25.300,00",2
Producción,"25.371,00",2
Producción,"25.600,00",2
Producción,"25.800,00",2
Producción,"25.830,00",2
Producción,"252.000,00",2
Producción,"26.250,00",2
Producción,"26.358,56",2
Producción,"26.520,00",2
Producción,"26.565,00",2
Producción,"26.576,00",2
Producción,"27.240,00",2
Producción,"27.360,00",2
Producción,"27.500,00",2
Producción,"27.510,00",2
Producción,"27.816,00",2
Producción,"27.840,00",2
Producción,"27.958,00",2
Producción,"28.125,00",2
Producción,"28.485,00",2
Producción,"28.560,00",2
Producción,"28.600,00",2
Producción,"28.764,00",2
Producción,"280.800,00",2
Producción,"283.250,00",2
Producción,"29.000,00",2
Producción,"29.084,00",2
Producción,"29.370,00",2
Producción,"29.440,00",2
Producción,"29.640,00",2
Producción,"29.642,40",2
Producción,"298.480,00",2
Producción,"3.013,00",2
Producción,"3.015,00",2
Producción,"3.016,00",2
Producción,"3.020,00",2
Producción,"3.021,00",2
Producción,"3.035,50",2
Producción,"3.050,00",2
Producción,"3.055,00",2
Producción,"3.062,50",2
Producción,"3.076,80",2
Producción,"3.077,00",2
Producción,"3.078,00",2
Producción,"3.080,40",2
Producción,"3.082,10",2
Producción,"3.084,00",2
Producción,"3.088,00",2
Producción,"3.097.702,00",2
Producción,"3.104,00",2
Producción,"3.114,00",2
Producción,"3.130,00",2
Producción,"3.140,00",2
Producción,"3.153,50",2
Producción,"3.162,00",2
Producción,"3.162,50",2
Producción,"3.173,80",2
Producción,"3.187,80",2
Producción,"3.217,00",2
Producción,"3.229,66",2
Producción,"3.232,00",2
Producción,"3.235,00",2
Producción,"3.248,00",2
Producción,"3.249,00",2
Producción,"3.258,64",2
Producción,"3.272,50",2
Producción,"3.284,40",2
Producción,"3.292,00",2
Producción,"3.296,00",2
Producción,"3.299,40",2
Producción,"3.320,10",2
Producción,"3.322,10",2
Producción,"3.324,00",2
Producción,"3.335,00",2
Producción,"3.340,00",2
Producción,"3.344,00",2
Producción,"3.372,00",2
Producción,"3.382,00",2
Producción,"3.388,00",2
Producción,"3.390,00",2
Producción,"3.392,00",2
Producción,"3.393,50",2
Producción,"3.394,71",2
Producción,"3.395,00",2
Producción,"3.396,00",2
Producción,"3.416,00",2
Producción,"3.418,56",2
Producción,"3.423,00",2
Producción,"3.425,00",2
Producción,"3.427,20",2
Producción,"3.438,00",2
Producción,"3.439,25",2
Producción,"3.458,00",2
Producción,"3.470,00",2
Producción,"3.474,00",2
Producción,"3.475,00",2
Producción,"3.498,00",2
Producción,"3.500,56",2
Producción,"3.511,98",2
Producción,"3.512,00",2
Producción,"3.514,00",2
Producción,"3.535,00",2
Producción,"3.539,20",2
Producción,"3.546,00",2
Producción,"3.549,00",2
Producción,"3.551,80",2
Producción,"3.553,00",2
Producción,"3.556,00",2
Producción,"3.565,80",2
Producción,"3.577,00",2
Producción,"3.580,00",2
Producción,"3.594,73",2
Producción,"3.596,00",2
Producción,"3.605,00",2
Producción,"3.610,00",2
Producción,"3.615,00",2
Producción,"3.618,00",2
Producción,"3.628,80",2
Producción,"3.633,00",2
Producción,"3.634,24",2
Producción,"3.642,00",2
Producción,"3.657,00",2
Producción,"3.661,25",2
Producción,"3.664,00",2
Producción,"3.666,00",2
Producción,"3.674,00",2
Producción,"3.685,00",2
Producción,"3.712,30",2
Producción,"3.717,00",2
Producción,"3.726,00",2
Producción,"3.730,00",2
Producción,"3.731,00",2
Producción,"3.735,00",2
Producción,"3.745,00",2
Producción,"3.748,00",2
Producción,"3.765,00",2
Producción,"3.784,20",2
Producción,"3.795,00",2
Producción,"3.807,00",2
Producción,"3.836,00",2
Producción,"3.842,00",2
Producción,"3.848,00",2
Producción,"3.852,00",2
Producción,"3.856,00",2
Producción,"3.860,00",2
Producción,"3.864,46",2
Producción,"3.867,50",2
Producción,"3.869,00",2
Producción,"3.895,00",2
Producción,"3.921,00",2
Producción,"3.924,00",2
Producción,"3.925,00",2
Producción,"3.936,00",2
Producción,"3.942,00",2
Producción,"3.948,00",2
Producción,"3.966,00",2
Producción,"3.975,00",2
Producción,"3.976,00",2
Producción,"3.999,60",2
Producción,"30.040,00",2
Producción,"30.360,00",2
Producción,"30.600,00",2
Producción,"30.800,00",2
Producción,"30.870,50",2
Producción,"30.900,00",2
Producción,"31.067,00",2
Producción,"31.434,00",2
Producción,"31.500,00",2
Producción,"31.590,00",2
Producción,"314.710,00",2
Producción,"32.184,00",2
Producción,"32.250,00",2
Producción,"32.340,00",2
Producción,"32.760,00",2
Producción,"32.800,00",2
Producción,"33.000,00",2
Producción,"33.200,00",2
Producción,"33.280,00",2
Producción,"33.390,00",2
Producción,"33.568,92",2
Producción,"33.750,00",2
Producción,"33.960,00",2
Producción,"34.116,00",2
Producción,"34.400,00",2
Producción,"34.510,00",2
Producción,"34.720,00",2
Producción,"35.227,50",2
Producción,"35.360,00",2
Producción,"35.460,00",2
Producción,"35.701,00",2
Producción,"35.840,00",2
Producción,"356.400,00",2
Producción,"36.177,00",2
Producción,"37.050,00",2
Producción,"37.200,00",2
Producción,"37.300,00",2
Producción,"37.500,00",2
Producción,"37.600,00",2
Producción,"37.965,00",2
Producción,"379.675,44",2
Producción,"38.040,00",2
Producción,"38.385,00",2
Producción,"38.400,00",2
Producción,"38.610,00",2
Producción,"38.950,00",2
Producción,"38.990,00",2
Producción,"382.500,00",2
Producción,"39.072,80",2
Producción,"39.080,60",2
Producción,"39.150,00",2
Producción,"394.687,50",2
Producción,"4.002,00",2
Producción,"4.004,00",2
Producción,"4.011,00",2
Producción,"4.024,00",2
Producción,"4.025,40",2
Producción,"4.034,10",2
Producción,"4.035,00",2
Producción,"4.065,00",2
Producción,"4.068,00",2
Producción,"4.070,00",2
Producción,"4.074,00",2
Producción,"4.075,00",2
Producción,"4.085,00",2
Producción,"4.095,00",2
Producción,"4.102,00",2
Producción,"4.118,00",2
Producción,"4.127,20",2
Producción,"4.130,00",2
Producción,"4.134,00",2
Producción,"4.135,11",2
Producción,"4.149,00",2
Producción,"4.150,00",2
Producción,"4.152,00",2
Producción,"4.199,00",2
Producción,"4.199,80",2
Producción,"4.201,60",2
Producción,"4.212,00",2
Producción,"4.238,40",2
Producción,"4.255,00",2
Producción,"4.286,00",2
Producción,"4.301,00",2
Producción,"4.302,00",2
Producción,"4.304,00",2
Producción,"4.305,00",2
Producción,"4.312,00",2
Producción,"4.325,00",2
Producción,"4.326,00",2
Producción,"4.330,00",2
Producción,"4.336,00",2
Producción,"4.338,00",2
Producción,"4.355,00",2
Producción,"4.361,00",2
Producción,"4.365,00",2
Producción,"4.367,00",2
Producción,"4.370,00",2
Producción,"4.371,00",2
Producción,"4.374,26",2
Producción,"4.375,00",2
Producción,"4.378,50",2
Producción,"4.383,00",2
Producción,"4.386,00",2
Producción,"4.408,00",2
Producción,"4.412,00",2
Producción,"4.412,60",2
Producción,"4.413,50",2
Producción,"4.425,00",2
Producción,"4.428,00",2
Producción,"4.439,00",2
Producción,"4.444,00",2
Producción,"4.445,00",2
Producción,"4.452,00",2
Producción,"4.455,00",2
Producción,"4.460,00",2
Producción,"4.464,00",2
Producción,"4.473,00",2
Producción,"4.488,00",2
Producción,"4.490,00",2
Producción,"4.496,00",2
Producción,"4.508,00",2
Producción,"4.528,00",2
Producción,"4.556,00",2
Producción,"4.572,00",2
Producción,"4.581,00",2
Producción,"4.589,00",2
Producción,"4.595,00",2
Producción,"4.607,00",2
Producción,"4.617,00",2
Producción,"4.619,00",2
Producción,"4.627,50",2
Producción,"4.636,00",2
Producción,"4.642,00",2
Producción,"4.642,44",2
Producción,"4.665,50",2
Producción,"4.669,00",2
Producción,"4.672,00",2
Producción,"4.703,00",2
Producción,"4.773,60",2
Producción,"4.797,00",2
Producción,"4.798,08",2
Producción,"4.802,00",2
Producción,"4.808,48",2
Producción,"4.833,60",2
Producción,"4.844,00",2
Producción,"4.866,75",2
Producción,"4.908,00",2
Producción,"4.914,00",2
Producción,"4.917,00",2
Producción,"4.928,00",2
Producción,"4.932,00",2
Producción,"4.965,00",2
Producción,"4.968,00",2
Producción,"4.975,00",2
Producción,"4.986,18",2
Producción,"4.990,00",2
Producción,"40.680,00",2
Producción,"41.450,00",2
Producción,"41.490,00",2
Producción,"41.820,00",2
Producción,"42.480,00",2
Producción,"42.818,40",2
Producción,"42.900,00",2
Producción,"426.160,00",2
Producción,"43.200,00",2
Producción,"43.230,00",2
Producción,"43.456,00",2
Producción,"43.610,00",2
Producción,"43.855,20",2
Producción,"430.640,00",2
Producción,"44.500,00",2
Producción,"44.800,00",2
Producción,"440.400,00",2
Producción,"45.500,00",2
Producción,"453.400,00",2
Producción,"453.650,00",2
Producción,"46.440,00",2
Producción,"46.686,00",2
Producción,"46.745,58",2
Producción,"47.700,00",2
Producción,"47.960,00",2
Producción,"472.940,00",2
Producción,"48.450,00",2
Producción,"48.550,00",2
Producción,"49.180,00",2
Producción,"49.700,00",2
Producción,"49.905,00",2
Producción,"49.950,00",2
Producción,"49.960,00",2
Producción,"5.005,00",2
Producción,"5.022,00",2
Producción,"5.029,56",2
Producción,"5.045,75",2
Producción,"5.062,50",2
Producción,"5.066,00",2
Producción,"5.075,00",2
Producción,"5.104,35",2
Producción,"5.111,38",2
Producción,"5.124,00",2
Producción,"5.140,00",2
Producción,"5.145,00",2
Producción,"5.160,00",2
Producción,"5.164,60",2
Producción,"5.169,50",2
Producción,"5.172,00",2
Producción,"5.176,00",2
Producción,"5.215,00",2
Producción,"5.217,00",2
Producción,"5.227,70",2
Producción,"5.236,80",2
Producción,"5.242,00",2
Producción,"5.264,00",2
Producción,"5.265,00",2
Producción,"5.285,00",2
Producción,"5.292,00",2
Producción,"5.325,00",2
Producción,"5.344,80",2
Producción,"5.360,00",2
Producción,"5.397,84",2
Producción,"5.408,00",2
Producción,"5.412,00",2
Producción,"5.424,50",2
Producción,"5.456,00",2
Producción,"5.470,06",2
Producción,"5.472,00",2
Producción,"5.474,00",2
Producción,"5.478,00",2
Producción,"5.481,00",2
Producción,"5.488,00",2
Producción,"5.540,00",2
Producción,"5.556,00",2
Producción,"5.560,00",2
Producción,"5.565,00",2
Producción,"5.575,00",2
Producción,"5.592,00",2
Producción,"5.605,00",2
Producción,"5.615,00",2
Producción,"5.620,00",2
Producción,"5.625,00",2
Producción,"5.626,00",2
Producción,"5.650,00",2
Producción,"5.665,00",2
Producción,"5.668,56",2
Producción,"5.673,20",2
Producción,"5.676,00",2
Producción,"5.678,00",2
Producción,"5.724,00",2
Producción,"5.747,06",2
Producción,"5.770,00",2
Producción,"5.780,00",2
Producción,"5.786,00",2
Producción,"5.796,00",2
Producción,"5.810,00",2
Producción,"5.824,00",2
Producción,"5.845,00",2
Producción,"5.855,20",2
Producción,"5.874,75",2
Producción,"5.899,50",2
Producción,"5.907,00",2
Producción,"5.910,00",2
Producción,"5.962,50",2
Producción,"5.980,00",2
Producción,"50.015,60",2
Producción,"50.355,00",2
Producción,"51.000,00",2
Producción,"51.600,00",2
Producción,"512.582,40",2
Producción,"52.115,60",2
Producción,"52.392,00",2
Producción,"52.400,00",2
Producción,"526.175,00",2
Producción,"526.746,50",2
Producción,"53.200,00",2
Producción,"54.600,00",2
Producción,"55.260,00",2
Producción,"55.280,00",2
Producción,"55.600,00",2
Producción,"55.800,00",2
Producción,"56.104,00",2
Producción,"56.224,00",2
Producción,"56.952,00",2
Producción,"58.072,17",2
Producción,"58.800,00",2
Producción,"58.914,00",2
Producción,"59.340,00",2
Producción,"59.760,00",2
Producción,"599.440,00",2
Producción,"6.012,00",2
Producción,"6.016,00",2
Producción,"6.037,50",2
Producción,"6.042,00",2
Producción,"6.060,00",2
Producción,"6.096,00",2
Producción,"6.110,00",2
Producción,"6.142,40",2
Producción,"6.175,00",2
Producción,"6.180,00",2
Producción,"6.182,40",2
Producción,"6.201,00",2
Producción,"6.228,06",2
Producción,"6.233,00",2
Producción,"6.251,20",2
Producción,"6.255,00",2
Producción,"6.265,00",2
Producción,"6.305,00",2
Producción,"6.312,00",2
Producción,"6.330,00",2
Producción,"6.338,40",2
Producción,"6.345,00",2
Producción,"6.350,00",2
Producción,"6.352,00",2
Producción,"6.390,00",2
Producción,"6.412,00",2
Producción,"6.420,00",2
Producción,"6.435,00",2
Producción,"6.441,00",2
Producción,"6.489,00",2
Producción,"6.496,00",2
Producción,"6.518,48",2
Producción,"6.518,50",2
Producción,"6.545,00",2
Producción,"6.555,00",2
Producción,"6.556,35",2
Producción,"6.562,36",2
Producción,"6.592,00",2
Producción,"6.630,00",2
Producción,"6.657,60",2
Producción,"6.672,00",2
Producción,"6.675,00",2
Producción,"6.680,00",2
Producción,"6.690,00",2
Producción,"6.732,00",2
Producción,"6.765,50",2
Producción,"6.790,00",2
Producción,"6.794,10",2
Producción,"6.852,00",2
Producción,"6.888,00",2
Producción,"6.914,80",2
Producción,"6.920,00",2
Producción,"6.952,00",2
Producción,"6.976,00",2
Producción,"6.982,40",2
Producción,"6.984,00",2
Producción,"60.960,00",2
Producción,"61.575,10",2
Producción,"62.000,00",2
Producción,"62.200,00",2
Producción,"63.060,00",2
Producción,"63.720,00",2
Producción,"63.783,00",2
Producción,"64.003,20",2
Producción,"64.920,00",2
Producción,"66.640,00",2
Producción,"67.600,00",2
Producción,"67.710,00",2
Producción,"68.600,00",2
Producción,"68.800,00",2
Producción,"69.000,00",2
Producción,"7.038,00",2
Producción,"7.056,00",2
Producción,"7.068,00",2
Producción,"7.089,00",2
Producción,"7.095,00",2
Producción,"7.105,00",2
Producción,"7.116,00",2
Producción,"7.128,00",2
Producción,"7.129,80",2
Producción,"7.164,00",2
Producción,"7.175,00",2
Producción,"7.190,00",2
Producción,"7.205,00",2
Producción,"7.240,00",2
Producción,"7.260,00",2
Producción,"7.300,00",2
Producción,"7.326,00",2
Producción,"7.344,00",2
Producción,"7.392,00",2
Producción,"7.395,00",2
Producción,"7.456,00",2
Producción,"7.488,00",2
Producción,"7.490,00",2
Producción,"7.508,00",2
Producción,"7.520,00",2
Producción,"7.525,56",2
Producción,"7.536,00",2
Producción,"7.540,00",2
Producción,"7.613,00",2
Producción,"7.634,00",2
Producción,"7.655,20",2
Producción,"7.658,00",2
Producción,"7.711,20",2
Producción,"7.761,00",2
Producción,"7.761,95",2
Producción,"7.810,00",2
Producción,"7.855,20",2
Producción,"7.875,00",2
Producción,"7.980,00",2
Producción,"7.990,00",2
Producción,"7.994,80",2
Producción,"70.830,00",2
Producción,"71.280,00",2
Producción,"71.520,00",2
Producción,"72.000,00",2
Producción,"72.995,00",2
Producción,"73.000,00",2
Producción,"74.425,00",2
Producción,"76.200,00",2
Producción,"76.326,36",2
Producción,"76.800,00",2
Producción,"78.200,00",2
Producción,"79.200,00",2
Producción,"79.872,00",2
Producción,"8.002,80",2
Producción,"8.006,40",2
Producción,"8.006,60",2
Producción,"8.020,00",2
Producción,"8.044,20",2
Producción,"8.164,00",2
Producción,"8.192,00",2
Producción,"8.218,00",2
Producción,"8.244,80",2
Producción,"8.256,00",2
Producción,"8.292,00",2
Producción,"8.307,00",2
Producción,"8.370,00",2
Producción,"8.448,00",2
Producción,"8.459,00",2
Producción,"8.463,00",2
Producción,"8.470,00",2
Producción,"8.477,00",2
Producción,"8.496,00",2
Producción,"8.497,50",2
Producción,"8.540,00",2
Producción,"8.560,00",2
Producción,"8.595,00",2
Producción,"8.607,50",2
Producción,"8.616,00",2
Producción,"8.648,00",2
Producción,"8.658,00",2
Producción,"8.700,00",2
Producción,"8.712,00",2
Producción,"8.734,00",2
Producción,"8.740,00",2
Producción,"8.802,75",2
Producción,"8.880,00",2
Producción,"8.901,40",2
Producción,"8.904,00",2
Producción,"8.925,00",2
Producción,"8.976,00",2
Producción,"81.850,00",2
Producción,"82.647,50",2
Producción,"83.600,00",2
Producción,"830.640,00",2
Producción,"87.500,00",2
Producción,"88.000,00",2
Producción,"88.011,00",2
Producción,"9.060,00",2
Producción,"9.082,80",2
Producción,"9.128,00",2
Producción,"9.160,80",2
Producción,"9.161,50",2
Producción,"9.168,75",2
Producción,"9.173,25",2
Producción,"9.174,00",2
Producción,"9.234,00",2
Producción,"9.245,39",2
Producción,"9.250,00",2
Producción,"9.270,00",2
Producción,"9.275,00",2
Producción,"9.312,00",2
Producción,"9.315,00",2
Producción,"9.350,00",2
Producción,"9.384,00",2
Producción,"9.418,00",2
Producción,"9.440,00",2
Producción,"9.486,00",2
Producción,"9.502,50",2
Producción,"9.576,00",2
Producción,"9.624,00",2
Producción,"9.724,00",2
Producción,"9.724,50",2
Producción,"9.729,00",2
Producción,"9.740,00",2
Producción,"9.754,50",2
Producción,"9.780,00",2
Producción,"9.810,00",2
Producción,"9.821,00",2
Producción,"9.856,00",2
Producción,"9.875,00",2
Producción,"9.890,00",2
Producción,"9.920,00",2
Producción,"9.960,00",2
Producción,"9.975,00",2
Producción,"91.630,00",2
Producción,"935.520,00",2
Producción,"94.400,00",2
Producción,"94.500,00",2
Producción,"96.000,00",2
Producción,"1.000,04",1
Producción,"1.002,25",1
Producción,"1.002,75",1
Producción,"1.003,08",1
Producción,"1.003,50",1
Producción,"1.005,40",1
Producción,"1.005,75",1
Producción,"1.005,89",1
Producción,"1.006,20",1
Producción,"1.006,30",1
Producción,"1.006,50",1
Producción,"1.006,78",1
Producción,"1.006,99",1
Producción,"1.007,00",1
Producción,"1.007,08",1
Producción,"1.007,24",1
Producción,"1.007,50",1
Producción,"1.009,77",1
Producción,"1.010,62",1
Producción,"1.010,94",1
Producción,"1.010.526,00",1
Producción,"1.011,20",1
Producción,"1.011,29",1
Producción,"1.011,30",1
Producción,"1.011,60",1
Producción,"1.011,87",1
Producción,"1.011,99",1
Producción,"1.012,09",1
Producción,"1.012,20",1
Producción,"1.012,69",1
Producción,"1.012,80",1
Producción,"1.013,36",1
Producción,"1.013,92",1
Producción,"1.014,02",1
Producción,"1.014,30",1
Producción,"1.016,02",1
Producción,"1.016,49",1
Producción,"1.016,60",1
Producción,"1.016.400,00",1
Producción,"1.017,60",1
Producción,"1.017,97",1
Producción,"1.018,00",1
Producción,"1.018,06",1
Producción,"1.018,23",1
Producción,"1.018,50",1
Producción,"1.018,60",1
Producción,"1.019,00",1
Producción,"1.019,96",1
Producción,"1.020,03",1
Producción,"1.020,60",1
Producción,"1.021,60",1
Producción,"1.021.099,70",1
Producción,"1.022,40",1
Producción,"1.022.580,00",1
Producción,"1.023,01",1
Producción,"1.023,07",1
Producción,"1.023,21",1
Producción,"1.023,25",1
Producción,"1.023,30",1
Producción,"1.023,49",1
Producción,"1.024,59",1
Producción,"1.024,80",1
Producción,"1.025,12",1
Producción,"1.025,59",1
Producción,"1.025,63",1
Producción,"1.026,25",1
Producción,"1.026,38",1
Producción,"1.026,53",1
Producción,"1.027,00",1
Producción,"1.027,24",1
Producción,"1.027,90",1
Producción,"1.029,00",1
Producción,"1.029,30",1
Producción,"1.029,50",1
Producción,"1.029,60",1
Producción,"1.029,85",1
Producción,"1.029,91",1
Producción,"1.030,26",1
Producción,"1.030,45",1
Producción,"1.030,50",1
Producción,"1.031,00",1
Producción,"1.032,22",1
Producción,"1.032,37",1
Producción,"1.032,64",1
Producción,"1.032,71",1
Producción,"1.033,00",1
Producción,"1.033,60",1
Producción,"1.034,71",1
Producción,"1.034,74",1
Producción,"1.034,75",1
Producción,"1.035,45",1
Producción,"1.036,01",1
Producción,"1.036,36",1
Producción,"1.036,75",1
Producción,"1.037,33",1
Producción,"1.037,83",1
Producción,"1.038,27",1
Producción,"1.038,40",1
Producción,"1.038,80",1
Producción,"1.038,94",1
Producción,"1.039,14",1
Producción,"1.039,50",1
Producción,"1.039,52",1
Producción,"1.040,98",1
Producción,"1.041,00",1
Producción,"1.041,40",1
Producción,"1.041,55",1
Producción,"1.041,60",1
Producción,"1.043,20",1
Producción,"1.043,42",1
Producción,"1.045,10",1
Producción,"1.045,50",1
Producción,"1.045,60",1
Producción,"1.046,00",1
Producción,"1.046,12",1
Producción,"1.046,70",1
Producción,"1.047,20",1
Producción,"1.047,29",1
Producción,"1.047,33",1
Producción,"1.047,60",1
Producción,"1.047,61",1
Producción,"1.047,75",1
Producción,"1.047,80",1
Producción,"1.048,03",1
Producción,"1.048,32",1
Producción,"1.048,61",1
Producción,"1.048,73",1
Producción,"1.049,40",1
Producción,"1.049,72",1
Producción,"1.050,11",1
Producción,"1.050,39",1
Producción,"1.051,00",1
Producción,"1.051,40",1
Producción,"1.051,60",1
Producción,"1.051,84",1
Producción,"1.052,00",1
Producción,"1.053,20",1
Producción,"1.053,55",1
Producción,"1.053,74",1
Producción,"1.054,50",1
Producción,"1.054,56",1
Producción,"1.055,61",1
Producción,"1.055,74",1
Producción,"1.055.080,00",1
Producción,"1.056,04",1
Producción,"1.056,36",1
Producción,"1.057,12",1
Producción,"1.057,40",1
Producción,"1.057,50",1
Producción,"1.057,72",1
Producción,"1.057,73",1
Producción,"1.058,12",1
Producción,"1.058,40",1
Producción,"1.058,87",1
Producción,"1.059,27",1
Producción,"1.059,93",1
Producción,"1.060,50",1
Producción,"1.060,80",1
Producción,"1.061,90",1
Producción,"1.062,72",1
Producción,"1.062,75",1
Producción,"1.062,97",1
Producción,"1.063,41",1
Producción,"1.063,56",1
Producción,"1.063,64",1
Producción,"1.063.776,52",1
Producción,"1.063.777,88",1
Producción,"1.065,60",1
Producción,"1.066,50",1
Producción,"1.067,08",1
Producción,"1.067,50",1
Producción,"1.067,95",1
Producción,"1.068,20",1
Producción,"1.068,60",1
Producción,"1.068,75",1
Producción,"1.068,80",1
Producción,"1.068,90",1
Producción,"1.069,15",1
Producción,"1.069,45",1
Producción,"1.069,69",1
Producción,"1.070,26",1
Producción,"1.070,71",1
Producción,"1.070,87",1
Producción,"1.071,36",1
Producción,"1.071,98",1
Producción,"1.072.307,00",1
Producción,"1.073,00",1
Producción,"1.073,38",1
Producción,"1.073,40",1
Producción,"1.073,90",1
Producción,"1.074,08",1
Producción,"1.075,51",1
Producción,"1.076,00",1
Producción,"1.076,03",1
Producción,"1.076,69",1
Producción,"1.078,18",1
Producción,"1.079,44",1
Producción,"1.079,48",1
Producción,"1.079,76",1
Producción,"1.079,80",1
Producción,"1.080,04",1
Producción,"1.080,56",1
Producción,"1.081,30",1
Producción,"1.081,71",1
Producción,"1.082,00",1
Producción,"1.082,25",1
Producción,"1.083,82",1
Producción,"1.083,96",1
Producción,"1.084,60",1
Producción,"1.085,50",1
Producción,"1.085,54",1
Producción,"1.085,60",1
Producción,"1.085,85",1
Producción,"1.085,87",1
Producción,"1.086,40",1
Producción,"1.086,64",1
Producción,"1.086,82",1
Producción,"1.087,30",1
Producción,"1.089,18",1
Producción,"1.090,51",1
Producción,"1.090.800,00",1
Producción,"1.091,50",1
Producción,"1.092,04",1
Producción,"1.093,50",1
Producción,"1.093,80",1
Producción,"1.093,90",1
Producción,"1.094,10",1
Producción,"1.094,51",1
Producción,"1.095,21",1
Producción,"1.095,79",1
Producción,"1.096,20",1
Producción,"1.096,50",1
Producción,"1.096,80",1
Producción,"1.096,94",1
Producción,"1.096,95",1
Producción,"1.097,60",1
Producción,"1.098,09",1
Producción,"1.098,50",1
Producción,"1.099,40",1
Producción,"1.099,64",1
Producción,"1.099,89",1
Producción,"1.100,05",1
Producción,"1.100,13",1
Producción,"1.100,21",1
Producción,"1.100,40",1
Producción,"1.101,00",1
Producción,"1.101,60",1
Producción,"1.101,61",1
Producción,"1.101,75",1
Producción,"1.101,80",1
Producción,"1.102,80",1
Producción,"1.103,00",1
Producción,"1.103,25",1
Producción,"1.103,90",1
Producción,"1.104,13",1
Producción,"1.104,45",1
Producción,"1.104,84",1
Producción,"1.104,89",1
Producción,"1.104,90",1
Producción,"1.105,30",1
Producción,"1.105,50",1
Producción,"1.105,55",1
Producción,"1.105,56",1
Producción,"1.105,98",1
Producción,"1.106,40",1
Producción,"1.106,70",1
Producción,"1.107,60",1
Producción,"1.107,96",1
Producción,"1.108,40",1
Producción,"1.108,61",1
Producción,"1.108,80",1
Producción,"1.108,98",1
Producción,"1.109,27",1
Producción,"1.110,16",1
Producción,"1.110,20",1
Producción,"1.110,60",1
Producción,"1.111,00",1
Producción,"1.111,46",1
Producción,"1.112,06",1
Producción,"1.112,13",1
Producción,"1.112,30",1
Producción,"1.112,51",1
Producción,"1.113,20",1
Producción,"1.113,26",1
Producción,"1.113,84",1
Producción,"1.114,00",1
Producción,"1.114,07",1
Producción,"1.114,41",1
Producción,"1.114,52",1
Producción,"1.115,79",1
Producción,"1.116,81",1
Producción,"1.117,12",1
Producción,"1.117,40",1
Producción,"1.117,50",1
Producción,"1.118,40",1
Producción,"1.118,88",1
Producción,"1.118,90",1
Producción,"1.119,00",1
Producción,"1.119,04",1
Producción,"1.120,46",1
Producción,"1.120,49",1
Producción,"1.120,80",1
Producción,"1.121,50",1
Producción,"1.122,09",1
Producción,"1.122,10",1
Producción,"1.122,68",1
Producción,"1.124,03",1
Producción,"1.124,40",1
Producción,"1.124,50",1
Producción,"1.125,29",1
Producción,"1.125,60",1
Producción,"1.126,00",1
Producción,"1.126,11",1
Producción,"1.126,31",1
Producción,"1.126,89",1
Producción,"1.126,90",1
Producción,"1.126,97",1
Producción,"1.128,08",1
Producción,"1.128,12",1
Producción,"1.128,73",1
Producción,"1.129,80",1
Producción,"1.130,07",1
Producción,"1.130,50",1
Producción,"1.130,99",1
Producción,"1.131,41",1
Producción,"1.131,60",1
Producción,"1.132,20",1
Producción,"1.132,88",1
Producción,"1.133,90",1
Producción,"1.134,07",1
Producción,"1.134,30",1
Producción,"1.134,98",1
Producción,"1.135,17",1
Producción,"1.135,20",1
Producción,"1.136,80",1
Producción,"1.137,06",1
Producción,"1.137,42",1
Producción,"1.137,58",1
Producción,"1.138,28",1
Producción,"1.138,50",1
Producción,"1.139,70",1
Producción,"1.139,74",1
Producción,"1.140,09",1
Producción,"1.140,20",1
Producción,"1.140,80",1
Producción,"1.141,77",1
Producción,"1.141,90",1
Producción,"1.142,60",1
Producción,"1.143,18",1
Producción,"1.143,75",1
Producción,"1.144,58",1
Producción,"1.144,86",1
Producción,"1.145,21",1
Producción,"1.145,48",1
Producción,"1.145,60",1
Producción,"1.145,65",1
Producción,"1.146,50",1
Producción,"1.146,80",1
Producción,"1.147,30",1
Producción,"1.148,11",1
Producción,"1.148,99",1
Producción,"1.149,20",1
Producción,"1.150,40",1
Producción,"1.150,90",1
Producción,"1.150.794,00",1
Producción,"1.151,50",1
Producción,"1.151,70",1
Producción,"1.152,45",1
Producción,"1.152,63",1
Producción,"1.152,82",1
Producción,"1.153,71",1
Producción,"1.154,60",1
Producción,"1.154,64",1
Producción,"1.154,75",1
Producción,"1.155,06",1
Producción,"1.155,60",1
Producción,"1.156,05",1
Producción,"1.156,50",1
Producción,"1.156,71",1
Producción,"1.157,70",1
Producción,"1.157,89",1
Producción,"1.158,00",1
Producción,"1.158,10",1
Producción,"1.158,40",1
Producción,"1.158,88",1
Producción,"1.159,20",1
Producción,"1.159.400,00",1
Producción,"1.161,50",1
Producción,"1.162,00",1
Producción,"1.162,72",1
Producción,"1.162,88",1
Producción,"1.163,00",1
Producción,"1.163,50",1
Producción,"1.163,68",1
Producción,"1.164,27",1
Producción,"1.164,60",1
Producción,"1.165,00",1
Producción,"1.165,50",1
Producción,"1.165,69",1
Producción,"1.166,00",1
Producción,"1.166,40",1
Producción,"1.166,52",1
Producción,"1.166,60",1
Producción,"1.168,22",1
Producción,"1.170,30",1
Producción,"1.170,55",1
Producción,"1.170,70",1
Producción,"1.171,27",1
Producción,"1.171,30",1
Producción,"1.172,00",1
Producción,"1.172,40",1
Producción,"1.172,50",1
Producción,"1.173,79",1
Producción,"1.173,90",1
Producción,"1.174,58",1
Producción,"1.175,32",1
Producción,"1.175,33",1
Producción,"1.176,13",1
Producción,"1.177,25",1
Producción,"1.177,40",1
Producción,"1.177,93",1
Producción,"1.179,20",1
Producción,"1.179,50",1
Producción,"1.179,76",1
Producción,"1.179,90",1
Producción,"1.180,18",1
Producción,"1.183,54",1
Producción,"1.184,40",1
Producción,"1.184,66",1
Producción,"1.184,83",1
Producción,"1.185,24",1
Producción,"1.185,60",1
Producción,"1.186,00",1
Producción,"1.186,39",1
Producción,"1.186,54",1
Producción,"1.186,55",1
Producción,"1.187,02",1
Producción,"1.187,60",1
Producción,"1.188,34",1
Producción,"1.188,57",1
Producción,"1.188,81",1
Producción,"1.189,00",1
Producción,"1.189,88",1
Producción,"1.190,79",1
Producción,"1.191,30",1
Producción,"1.192,25",1
Producción,"1.194,60",1
Producción,"1.195,20",1
Producción,"1.195,40",1
Producción,"1.196,26",1
Producción,"1.196,94",1
Producción,"1.197,73",1
Producción,"1.198,00",1
Producción,"1.198,71",1
Producción,"1.200,10",1
Producción,"1.200,32",1
Producción,"1.201,90",1
Producción,"1.202,20",1
Producción,"1.202,44",1
Producción,"1.203,43",1
Producción,"1.203,60",1
Producción,"1.204,56",1
Producción,"1.205,20",1
Producción,"1.205,40",1
Producción,"1.205,42",1
Producción,"1.205,69",1
Producción,"1.205,82",1
Producción,"1.206,21",1
Producción,"1.206,22",1
Producción,"1.206,40",1
Producción,"1.206,42",1
Producción,"1.207,00",1
Producción,"1.208,22",1
Producción,"1.208,50",1
Producción,"1.208,60",1
Producción,"1.209,04",1
Producción,"1.209,08",1
Producción,"1.210,25",1
Producción,"1.210,28",1
Producción,"1.211,67",1
Producción,"1.211,80",1
Producción,"1.213,60",1
Producción,"1.215,32",1
Producción,"1.215,50",1
Producción,"1.215,69",1
Producción,"1.215,76",1
Producción,"1.216,25",1
Producción,"1.216,29",1
Producción,"1.216,50",1
Producción,"1.216,74",1
Producción,"1.217,09",1
Producción,"1.217,28",1
Producción,"1.217,83",1
Producción,"1.218,60",1
Producción,"1.219,20",1
Producción,"1.219,40",1
Producción,"1.219,50",1
Producción,"1.219,75",1
Producción,"1.219,80",1
Producción,"1.220,12",1
Producción,"1.220,55",1
Producción,"1.220,78",1
Producción,"1.220,80",1
Producción,"1.222,20",1
Producción,"1.222,37",1
Producción,"1.222,38",1
Producción,"1.222,45",1
Producción,"1.222,52",1
Producción,"1.222,93",1
Producción,"1.223,73",1
Producción,"1.223,78",1
Producción,"1.224,02",1
Producción,"1.224,51",1
Producción,"1.224,90",1
Producción,"1.225,70",1
Producción,"1.225,98",1
Producción,"1.226,25",1
Producción,"1.226,59",1
Producción,"1.226,70",1
Producción,"1.226,75",1
Producción,"1.226,85",1
Producción,"1.226,90",1
Producción,"1.227,00",1
Producción,"1.227,51",1
Producción,"1.227,60",1
Producción,"1.228,00",1
Producción,"1.228,25",1
Producción,"1.228,50",1
Producción,"1.228,70",1
Producción,"1.228,80",1
Producción,"1.230,20",1
Producción,"1.230,46",1
Producción,"1.230,57",1
Producción,"1.230,62",1
Producción,"1.231,00",1
Producción,"1.231,45",1
Producción,"1.231,72",1
Producción,"1.231,75",1
Producción,"1.232,16",1
Producción,"1.232,33",1
Producción,"1.232,50",1
Producción,"1.232,60",1
Producción,"1.233,04",1
Producción,"1.233,47",1
Producción,"1.233,60",1
Producción,"1.233,70",1
Producción,"1.233,74",1
Producción,"1.234,72",1
Producción,"1.234,77",1
Producción,"1.235,28",1
Producción,"1.235,30",1
Producción,"1.235,40",1
Producción,"1.235,82",1
Producción,"1.236,83",1
Producción,"1.237,00",1
Producción,"1.238,45",1
Producción,"1.238,66",1
Producción,"1.240,65",1
Producción,"1.240,80",1
Producción,"1.240.770,00",1
Producción,"1.241,00",1
Producción,"1.241,02",1
Producción,"1.241,10",1
Producción,"1.241,50",1
Producción,"1.241,72",1
Producción,"1.242,13",1
Producción,"1.242,50",1
Producción,"1.243,73",1
Producción,"1.243,80",1
Producción,"1.244,33",1
Producción,"1.244,40",1
Producción,"1.245,33",1
Producción,"1.246,20",1
Producción,"1.246,40",1
Producción,"1.246,43",1
Producción,"1.246,50",1
Producción,"1.247,00",1
Producción,"1.247,84",1
Producción,"1.247.206,27",1
Producción,"1.249,87",1
Producción,"1.250,01",1
Producción,"1.250,36",1
Producción,"1.251,50",1
Producción,"1.251,57",1
Producción,"1.251,60",1
Producción,"1.252,49",1
Producción,"1.252,59",1
Producción,"1.253,38",1
Producción,"1.253,96",1
Producción,"1.254,76",1
Producción,"1.254.811,80",1
Producción,"1.255,00",1
Producción,"1.255,02",1
Producción,"1.255,07",1
Producción,"1.255,32",1
Producción,"1.255,80",1
Producción,"1.256,30",1
Producción,"1.256,50",1
Producción,"1.257,00",1
Producción,"1.257,15",1
Producción,"1.257,50",1
Producción,"1.257,51",1
Producción,"1.257,60",1
Producción,"1.257,83",1
Producción,"1.258,47",1
Producción,"1.258,50",1
Producción,"1.259,00",1
Producción,"1.260,74",1
Producción,"1.260,99",1
Producción,"1.261,10",1
Producción,"1.261,50",1
Producción,"1.261,97",1
Producción,"1.262,22",1
Producción,"1.262,25",1
Producción,"1.262,90",1
Producción,"1.263,50",1
Producción,"1.263,78",1
Producción,"1.264,03",1
Producción,"1.264,04",1
Producción,"1.264,10",1
Producción,"1.265.000,00",1
Producción,"1.267,00",1
Producción,"1.267,20",1
Producción,"1.267,46",1
Producción,"1.269,12",1
Producción,"1.269,40",1
Producción,"1.269,60",1
Producción,"1.269,70",1
Producción,"1.269,90",1
Producción,"1.270,17",1
Producción,"1.273,32",1
Producción,"1.273,47",1
Producción,"1.273,50",1
Producción,"1.274,30",1
Producción,"1.275,10",1
Producción,"1.275,30",1
Producción,"1.278,47",1
Producción,"1.279,30",1
Producción,"1.280,20",1
Producción,"1.280,42",1
Producción,"1.280,80",1
Producción,"1.281,28",1
Producción,"1.282,87",1
Producción,"1.283,25",1
Producción,"1.283,40",1
Producción,"1.283,70",1
Producción,"1.284,14",1
Producción,"1.284,50",1
Producción,"1.284,80",1
Producción,"1.285,00",1
Producción,"1.285,05",1
Producción,"1.285,46",1
Producción,"1.286,00",1
Producción,"1.286,50",1
Producción,"1.287,25",1
Producción,"1.288,08",1
Producción,"1.288,50",1
Producción,"1.289,00",1
Producción,"1.289,48",1
Producción,"1.290,60",1
Producción,"1.290,64",1
Producción,"1.290,75",1
Producción,"1.291,32",1
Producción,"1.292,14",1
Producción,"1.292,41",1
Producción,"1.292,76",1
Producción,"1.293,18",1
Producción,"1.293,20",1
Producción,"1.293,60",1
Producción,"1.293,61",1
Producción,"1.294,20",1
Producción,"1.295,20",1
Producción,"1.295,80",1
Producción,"1.297,20",1
Producción,"1.297,44",1
Producción,"1.299,92",1
Producción,"1.299,93",1
Producción,"1.300,23",1
Producción,"1.300,59",1
Producción,"1.302,38",1
Producción,"1.303,05",1
Producción,"1.303,20",1
Producción,"1.304,10",1
Producción,"1.305,08",1
Producción,"1.305,60",1
Producción,"1.306,40",1
Producción,"1.307,51",1
Producción,"1.307,62",1
Producción,"1.308,72",1
Producción,"1.310,63",1
Producción,"1.310,67",1
Producción,"1.311,00",1
Producción,"1.311,33",1
Producción,"1.312,50",1
Producción,"1.312,52",1
Producción,"1.314,50",1
Producción,"1.314,54",1
Producción,"1.315,20",1
Producción,"1.315,60",1
Producción,"1.317,00",1
Producción,"1.317,05",1
Producción,"1.318,22",1
Producción,"1.318,24",1
Producción,"1.318,52",1
Producción,"1.319,00",1
Producción,"1.319,25",1
Producción,"1.320,50",1
Producción,"1.320,90",1
Producción,"1.321,50",1
Producción,"1.321,80",1
Producción,"1.322,40",1
Producción,"1.323,30",1
Producción,"1.324,50",1
Producción,"1.324,94",1
Producción,"1.325,49",1
Producción,"1.325,54",1
Producción,"1.325,66",1
Producción,"1.326,40",1
Producción,"1.327,56",1
Producción,"1.327,98",1
Producción,"1.329,16",1
Producción,"1.329,38",1
Producción,"1.330,02",1
Producción,"1.330,91",1
Producción,"1.331,08",1
Producción,"1.331,37",1
Producción,"1.332,45",1
Producción,"1.332,80",1
Producción,"1.333,80",1
Producción,"1.334,66",1
Producción,"1.334,84",1
Producción,"1.334,99",1
Producción,"1.335,52",1
Producción,"1.337,33",1
Producción,"1.340,23",1
Producción,"1.341,16",1
Producción,"1.341,40",1
Producción,"1.342,00",1
Producción,"1.342,37",1
Producción,"1.342,48",1
Producción,"1.342,50",1
Producción,"1.342,51",1
Producción,"1.342,71",1
Producción,"1.342,82",1
Producción,"1.343,00",1
Producción,"1.343,70",1
Producción,"1.344,20",1
Producción,"1.344,38",1
Producción,"1.345,20",1
Producción,"1.345,50",1
Producción,"1.345,74",1
Producción,"1.346,40",1
Producción,"1.346,57",1
Producción,"1.347,00",1
Producción,"1.348,05",1
Producción,"1.348,10",1
Producción,"1.349,36",1
Producción,"1.349,46",1
Producción,"1.349,60",1
Producción,"1.349,65",1
Producción,"1.350,30",1
Producción,"1.351,24",1
Producción,"1.352,13",1
Producción,"1.352,40",1
Producción,"1.353,00",1
Producción,"1.353,75",1
Producción,"1.354,20",1
Producción,"1.355,09",1
Producción,"1.355,60",1
Producción,"1.356,03",1
Producción,"1.356,30",1
Producción,"1.356,36",1
Producción,"1.356,48",1
Producción,"1.356,64",1
Producción,"1.357,17",1
Producción,"1.358,24",1
Producción,"1.359,15",1
Producción,"1.359,46",1
Producción,"1.362,00",1
Producción,"1.362,06",1
Producción,"1.362,18",1
Producción,"1.362,50",1
Producción,"1.362,83",1
Producción,"1.362,90",1
Producción,"1.362.319,80",1
Producción,"1.363,50",1
Producción,"1.363,60",1
Producción,"1.365,87",1
Producción,"1.366,00",1
Producción,"1.366,20",1
Producción,"1.367,31",1
Producción,"1.368,14",1
Producción,"1.368,50",1
Producción,"1.369,60",1
Producción,"1.370,34",1
Producción,"1.372,20",1
Producción,"1.372,66",1
Producción,"1.372,70",1
Producción,"1.372,99",1
Producción,"1.373,00",1
Producción,"1.373,50",1
Producción,"1.373,90",1
Producción,"1.374,10",1
Producción,"1.374,60",1
Producción,"1.376,73",1
Producción,"1.377,60",1
Producción,"1.377,96",1
Producción,"1.378,74",1
Producción,"1.378,80",1
Producción,"1.379,04",1
Producción,"1.379,70",1
Producción,"1.380,11",1
Producción,"1.381,59",1
Producción,"1.381,80",1
Producción,"1.382,00",1
Producción,"1.382,76",1
Producción,"1.383,34",1
Producción,"1.383,75",1
Producción,"1.384,00",1
Producción,"1.385,00",1
Producción,"1.386,35",1
Producción,"1.386,46",1
Producción,"1.386,50",1
Producción,"1.387,00",1
Producción,"1.387,39",1
Producción,"1.387,50",1
Producción,"1.388,23",1
Producción,"1.388,95",1
Producción,"1.389,00",1
Producción,"1.389,45",1
Producción,"1.390,50",1
Producción,"1.391,20",1
Producción,"1.391,50",1
Producción,"1.392,30",1
Producción,"1.392,31",1
Producción,"1.393,00",1
Producción,"1.394,20",1
Producción,"1.395,80",1
Producción,"1.396,20",1
Producción,"1.396,23",1
Producción,"1.396,50",1
Producción,"1.397,48",1
Producción,"1.398,00",1
Producción,"1.398,40",1
Producción,"1.398,60",1
Producción,"1.398,73",1
Producción,"1.399,00",1
Producción,"1.399,20",1
Producción,"1.399,90",1
Producción,"1.400,20",1
Producción,"1.400,80",1
Producción,"1.401,00",1
Producción,"1.401,25",1
Producción,"1.401,40",1
Producción,"1.401,87",1
Producción,"1.403,00",1
Producción,"1.403,29",1
Producción,"1.403,30",1
Producción,"1.403,83",1
Producción,"1.404,43",1
Producción,"1.404,96",1
Producción,"1.406,00",1
Producción,"1.406,29",1
Producción,"1.406,50",1
Producción,"1.406,51",1
Producción,"1.407,38",1
Producción,"1.407,41",1
Producción,"1.407,43",1
Producción,"1.407,92",1
Producción,"1.408,64",1
Producción,"1.409,70",1
Producción,"1.409,90",1
Producción,"1.409,98",1
Producción,"1.410,52",1
Producción,"1.411,34",1
Producción,"1.412,00",1
Producción,"1.413,12",1
Producción,"1.413,60",1
Producción,"1.414,33",1
Producción,"1.415,34",1
Producción,"1.415,75",1
Producción,"1.416,10",1
Producción,"1.416,95",1
Producción,"1.417,16",1
Producción,"1.418,04",1
Producción,"1.418,75",1
Producción,"1.419,50",1
Producción,"1.420,48",1
Producción,"1.420,90",1
Producción,"1.421,20",1
Producción,"1.421,35",1
Producción,"1.422,00",1
Producción,"1.422,96",1
Producción,"1.423,00",1
Producción,"1.424,65",1
Producción,"1.426,52",1
Producción,"1.426,57",1
Producción,"1.427,20",1
Producción,"1.428,70",1
Producción,"1.428,83",1
Producción,"1.429,56",1
Producción,"1.430,04",1
Producción,"1.430,80",1
Producción,"1.431,00",1
Producción,"1.431,34",1
Producción,"1.431,50",1
Producción,"1.432,50",1
Producción,"1.432,60",1
Producción,"1.433,08",1
Producción,"1.433,25",1
Producción,"1.433,61",1
Producción,"1.433,73",1
Producción,"1.434,00",1
Producción,"1.434,50",1
Producción,"1.434,60",1
Producción,"1.435,34",1
Producción,"1.436,29",1
Producción,"1.436,40",1
Producción,"1.438,00",1
Producción,"1.438,08",1
Producción,"1.438,50",1
Producción,"1.438,80",1
Producción,"1.439,30",1
Producción,"1.440,33",1
Producción,"1.441,00",1
Producción,"1.442,76",1
Producción,"1.443,40",1
Producción,"1.444,13",1
Producción,"1.444,50",1
Producción,"1.444,94",1
Producción,"1.445,34",1
Producción,"1.445,64",1
Producción,"1.445,82",1
Producción,"1.446,32",1
Producción,"1.446,79",1
Producción,"1.447,16",1
Producción,"1.448,44",1
Producción,"1.449,00",1
Producción,"1.449,60",1
Producción,"1.450,08",1
Producción,"1.450,33",1
Producción,"1.451,00",1
Producción,"1.451,30",1
Producción,"1.451,53",1
Producción,"1.451,65",1
Producción,"1.452,22",1
Producción,"1.452,25",1
Producción,"1.452,50",1
Producción,"1.452,60",1
Producción,"1.453,20",1
Producción,"1.453,50",1
Producción,"1.454,00",1
Producción,"1.455,03",1
Producción,"1.455,35",1
Producción,"1.458,40",1
Producción,"1.459,00",1
Producción,"1.460,50",1
Producción,"1.461,00",1
Producción,"1.461,78",1
Producción,"1.462,98",1
Producción,"1.463,32",1
Producción,"1.463,40",1
Producción,"1.463,70",1
Producción,"1.464,40",1
Producción,"1.464,98",1
Producción,"1.465,45",1
Producción,"1.465,50",1
Producción,"1.466,08",1
Producción,"1.466,24",1
Producción,"1.466,50",1
Producción,"1.466,67",1
Producción,"1.468,00",1
Producción,"1.468,69",1
Producción,"1.468,80",1
Producción,"1.469,48",1
Producción,"1.469,70",1
Producción,"1.469,75",1
Producción,"1.470,32",1
Producción,"1.470,50",1
Producción,"1.470,52",1
Producción,"1.470,60",1
Producción,"1.471,00",1
Producción,"1.472,03",1
Producción,"1.472,62",1
Producción,"1.472,69",1
Producción,"1.473,04",1
Producción,"1.474,41",1
Producción,"1.475,50",1
Producción,"1.475,60",1
Producción,"1.475,80",1
Producción,"1.476,50",1
Producción,"1.477,50",1
Producción,"1.479,00",1
Producción,"1.479,87",1
Producción,"1.480,04",1
Producción,"1.480,50",1
Producción,"1.480,94",1
Producción,"1.481,62",1
Producción,"1.482,68",1
Producción,"1.483,36",1
Producción,"1.483,50",1
Producción,"1.483,76",1
Producción,"1.484,04",1
Producción,"1.484,72",1
Producción,"1.485,90",1
Producción,"1.486,62",1
Producción,"1.487,15",1
Producción,"1.488,50",1
Producción,"1.488,81",1
Producción,"1.489,92",1
Producción,"1.492,05",1
Producción,"1.492,20",1
Producción,"1.492,40",1
Producción,"1.492,50",1
Producción,"1.492,92",1
Producción,"1.494,83",1
Producción,"1.495,33",1
Producción,"1.495,80",1
Producción,"1.496,40",1
Producción,"1.496,88",1
Producción,"1.497,60",1
Producción,"1.498,00",1
Producción,"1.498,91",1
Producción,"1.499,94",1
Producción,"1.500,60",1
Producción,"1.500,64",1
Producción,"1.501,00",1
Producción,"1.503,64",1
Producción,"1.504,50",1
Producción,"1.505,03",1
Producción,"1.505,35",1
Producción,"1.506,00",1
Producción,"1.506,79",1
Producción,"1.506,91",1
Producción,"1.506,94",1
Producción,"1.506,95",1
Producción,"1.507,00",1
Producción,"1.507,20",1
Producción,"1.507,49",1
Producción,"1.507,50",1
Producción,"1.507,53",1
Producción,"1.509,00",1
Producción,"1.509,75",1
Producción,"1.509,79",1
Producción,"1.510,17",1
Producción,"1.510,49",1
Producción,"1.510,50",1
Producción,"1.510.499,80",1
Producción,"1.511,00",1
Producción,"1.511,47",1
Producción,"1.512,81",1
Producción,"1.514,16",1
Producción,"1.515,60",1
Producción,"1.515,80",1
Producción,"1.516,68",1
Producción,"1.516,70",1
Producción,"1.517,00",1
Producción,"1.518,00",1
Producción,"1.518,69",1
Producción,"1.519,80",1
Producción,"1.520,94",1
Producción,"1.521,70",1
Producción,"1.522,28",1
Producción,"1.522,30",1
Producción,"1.522,60",1
Producción,"1.522,80",1
Producción,"1.523,02",1
Producción,"1.523,11",1
Producción,"1.523,70",1
Producción,"1.523,78",1
Producción,"1.523,80",1
Producción,"1.524,66",1
Producción,"1.524,80",1
Producción,"1.525,18",1
Producción,"1.525,23",1
Producción,"1.525,54",1
Producción,"1.525,96",1
Producción,"1.526,00",1
Producción,"1.526,20",1
Producción,"1.527,00",1
Producción,"1.527,40",1
Producción,"1.529,02",1
Producción,"1.529,19",1
Producción,"1.529,50",1
Producción,"1.530,39",1
Producción,"1.530,41",1
Producción,"1.530,82",1
Producción,"1.531,20",1
Producción,"1.531,89",1
Producción,"1.532,71",1
Producción,"1.533,00",1
Producción,"1.533,25",1
Producción,"1.533,28",1
Producción,"1.533,75",1
Producción,"1.534,72",1
Producción,"1.535,20",1
Producción,"1.535,60",1
Producción,"1.536,50",1
Producción,"1.536,80",1
Producción,"1.537,26",1
Producción,"1.537,50",1
Producción,"1.537,80",1
Producción,"1.538,46",1
Producción,"1.538,50",1
Producción,"1.540,50",1
Producción,"1.540,80",1
Producción,"1.541,05",1
Producción,"1.541,12",1
Producción,"1.541,25",1
Producción,"1.543,65",1
Producción,"1.544,76",1
Producción,"1.544,90",1
Producción,"1.546,16",1
Producción,"1.546,69",1
Producción,"1.547,20",1
Producción,"1.547,35",1
Producción,"1.547,60",1
Producción,"1.548,80",1
Producción,"1.549,68",1
Producción,"1.550,40",1
Producción,"1.551,00",1
Producción,"1.551,18",1
Producción,"1.551,42",1
Producción,"1.551,88",1
Producción,"1.551,95",1
Producción,"1.552,07",1
Producción,"1.552,12",1
Producción,"1.552,68",1
Producción,"1.552,80",1
Producción,"1.553,00",1
Producción,"1.553,50",1
Producción,"1.553,64",1
Producción,"1.555,70",1
Producción,"1.557,92",1
Producción,"1.558,40",1
Producción,"1.559,70",1
Producción,"1.559,99",1
Producción,"1.562,61",1
Producción,"1.562,75",1
Producción,"1.562,97",1
Producción,"1.563,00",1
Producción,"1.563,25",1
Producción,"1.563,66",1
Producción,"1.563,75",1
Producción,"1.563,94",1
Producción,"1.564,50",1
Producción,"1.564,53",1
Producción,"1.565,20",1
Producción,"1.565,29",1
Producción,"1.566,68",1
Producción,"1.567,65",1
Producción,"1.567,95",1
Producción,"1.569,60",1
Producción,"1.571,00",1
Producción,"1.572,35",1
Producción,"1.573,02",1
Producción,"1.575,39",1
Producción,"1.576,04",1
Producción,"1.576,25",1
Producción,"1.576,75",1
Producción,"1.577,25",1
Producción,"1.577,42",1
Producción,"1.577,60",1
Producción,"1.578,00",1
Producción,"1.579,00",1
Producción,"1.582,25",1
Producción,"1.582,70",1
Producción,"1.582,90",1
Producción,"1.584,70",1
Producción,"1.587,08",1
Producción,"1.587,60",1
Producción,"1.588,40",1
Producción,"1.589,50",1
Producción,"1.589,84",1
Producción,"1.590,25",1
Producción,"1.591,00",1
Producción,"1.591,20",1
Producción,"1.591,37",1
Producción,"1.592,50",1
Producción,"1.594,41",1
Producción,"1.595,00",1
Producción,"1.595,20",1
Producción,"1.595,41",1
Producción,"1.596,53",1
Producción,"1.597,20",1
Producción,"1.599,80",1
Producción,"1.599,96",1
Producción,"1.600,39",1
Producción,"1.601,60",1
Producción,"1.601,84",1
Producción,"1.601.019,80",1
Producción,"1.602,32",1
Producción,"1.602,49",1
Producción,"1.602,60",1
Producción,"1.603,00",1
Producción,"1.604,20",1
Producción,"1.605,85",1
Producción,"1.606,00",1
Producción,"1.606,25",1
Producción,"1.607,63",1
Producción,"1.607,70",1
Producción,"1.608,21",1
Producción,"1.608,60",1
Producción,"1.609,20",1
Producción,"1.609,40",1
Producción,"1.611,00",1
Producción,"1.611,20",1
Producción,"1.612,40",1
Producción,"1.612,56",1
Producción,"1.613,40",1
Producción,"1.613,49",1
Producción,"1.613,52",1
Producción,"1.614,20",1
Producción,"1.615,40",1
Producción,"1.616,12",1
Producción,"1.616,50",1
Producción,"1.617,00",1
Producción,"1.617,32",1
Producción,"1.617,65",1
Producción,"1.618,00",1
Producción,"1.618,34",1
Producción,"1.618,71",1
Producción,"1.619,00",1
Producción,"1.619,42",1
Producción,"1.621,50",1
Producción,"1.621,60",1
Producción,"1.622,50",1
Producción,"1.622,51",1
Producción,"1.622,70",1
Producción,"1.622,77",1
Producción,"1.623,00",1
Producción,"1.623,90",1
Producción,"1.624,30",1
Producción,"1.624,35",1
Producción,"1.624,95",1
Producción,"1.625,17",1
Producción,"1.625,40",1
Producción,"1.626,10",1
Producción,"1.626,29",1
Producción,"1.628,40",1
Producción,"1.628,79",1
Producción,"1.629,18",1
Producción,"1.629,55",1
Producción,"1.630,20",1
Producción,"1.631,26",1
Producción,"1.631,34",1
Producción,"1.631,35",1
Producción,"1.631,86",1
Producción,"1.635,90",1
Producción,"1.637,00",1
Producción,"1.637,50",1
Producción,"1.638,62",1
Producción,"1.638,73",1
Producción,"1.639,00",1
Producción,"1.641,00",1
Producción,"1.641,24",1
Producción,"1.641,60",1
Producción,"1.642,05",1
Producción,"1.642,20",1
Producción,"1.642,23",1
Producción,"1.642,60",1
Producción,"1.643,00",1
Producción,"1.643,65",1
Producción,"1.644,96",1
Producción,"1.646,21",1
Producción,"1.646,29",1
Producción,"1.646,58",1
Producción,"1.649,34",1
Producción,"1.649,44",1
Producción,"1.649,70",1
Producción,"1.650,32",1
Producción,"1.651,00",1
Producción,"1.651,90",1
Producción,"1.652,10",1
Producción,"1.652,33",1
Producción,"1.653,00",1
Producción,"1.653,48",1
Producción,"1.653,75",1
Producción,"1.654,08",1
Producción,"1.656,60",1
Producción,"1.657,75",1
Producción,"1.658,95",1
Producción,"1.659,14",1
Producción,"1.659,20",1
Producción,"1.660,05",1
Producción,"1.660,50",1
Producción,"1.661,45",1
Producción,"1.661,99",1
Producción,"1.662,00",1
Producción,"1.662,40",1
Producción,"1.663,19",1
Producción,"1.664,04",1
Producción,"1.664,75",1
Producción,"1.664,81",1
Producción,"1.665,40",1
Producción,"1.666,50",1
Producción,"1.667,50",1
Producción,"1.668,20",1
Producción,"1.668,80",1
Producción,"1.668,87",1
Producción,"1.669,20",1
Producción,"1.669,50",1
Producción,"1.669,69",1
Producción,"1.671,70",1
Producción,"1.672,05",1
Producción,"1.673,25",1
Producción,"1.674,59",1
Producción,"1.677,60",1
Producción,"1.678,00",1
Producción,"1.679,00",1
Producción,"1.681,35",1
Producción,"1.682,24",1
Producción,"1.682,67",1
Producción,"1.683,18",1
Producción,"1.683,50",1
Producción,"1.683,70",1
Producción,"1.683,99",1
Producción,"1.683.649,80",1
Producción,"1.683.968,00",1
Producción,"1.684,00",1
Producción,"1.684,15",1
Producción,"1.684,75",1
Producción,"1.685,51",1
Producción,"1.686,60",1
Producción,"1.688,00",1
Producción,"1.688,61",1
Producción,"1.688,70",1
Producción,"1.688.704,00",1
Producción,"1.689,00",1
Producción,"1.690,50",1
Producción,"1.691,25",1
Producción,"1.692,06",1
Producción,"1.692,35",1
Producción,"1.692,36",1
Producción,"1.694,35",1
Producción,"1.694,40",1
Producción,"1.696,17",1
Producción,"1.697,60",1
Producción,"1.699,00",1
Producción,"1.699,11",1
Producción,"1.699,25",1
Producción,"1.700,40",1
Producción,"1.701,26",1
Producción,"1.701,50",1
Producción,"1.702,32",1
Producción,"1.702,66",1
Producción,"1.703,25",1
Producción,"1.703.808,00",1
Producción,"1.705,42",1
Producción,"1.705,99",1
Producción,"1.706,00",1
Producción,"1.708,00",1
Producción,"1.708,60",1
Producción,"1.709,40",1
Producción,"1.710,20",1
Producción,"1.711,90",1
Producción,"1.712,00",1
Producción,"1.713,84",1
Producción,"1.714,49",1
Producción,"1.714,50",1
Producción,"1.716,97",1
Producción,"1.717,00",1
Producción,"1.717,48",1
Producción,"1.717,60",1
Producción,"1.718,58",1
Producción,"1.720,24",1
Producción,"1.721,15",1
Producción,"1.723,18",1
Producción,"1.725,01",1
Producción,"1.725,20",1
Producción,"1.725,50",1
Producción,"1.726,35",1
Producción,"1.727,62",1
Producción,"1.728,80",1
Producción,"1.729,00",1
Producción,"1.729,50",1
Producción,"1.729,60",1
Producción,"1.730.040,00",1
Producción,"1.732,00",1
Producción,"1.733,00",1
Producción,"1.734,20",1
Producción,"1.735,59",1
Producción,"1.737,95",1
Producción,"1.739,00",1
Producción,"1.740,53",1
Producción,"1.741,01",1
Producción,"1.741,13",1
Producción,"1.743,00",1
Producción,"1.744,00",1
Producción,"1.744,06",1
Producción,"1.744,20",1
Producción,"1.744,50",1
Producción,"1.745,88",1
Producción,"1.746,23",1
Producción,"1.746,33",1
Producción,"1.747,00",1
Producción,"1.747,20",1
Producción,"1.747,72",1
Producción,"1.748,00",1
Producción,"1.748,25",1
Producción,"1.748,81",1
Producción,"1.749,30",1
Producción,"1.751,11",1
Producción,"1.751,21",1
Producción,"1.751,60",1
Producción,"1.752,30",1
Producción,"1.752,34",1
Producción,"1.754,37",1
Producción,"1.754,88",1
Producción,"1.755,30",1
Producción,"1.756,80",1
Producción,"1.758,00",1
Producción,"1.758,21",1
Producción,"1.758,96",1
Producción,"1.759,20",1
Producción,"1.760,30",1
Producción,"1.762,34",1
Producción,"1.762,50",1
Producción,"1.763,30",1
Producción,"1.763,56",1
Producción,"1.763,99",1
Producción,"1.765,00",1
Producción,"1.765,60",1
Producción,"1.766,40",1
Producción,"1.767,00",1
Producción,"1.767,50",1
Producción,"1.767,60",1
Producción,"1.772,15",1
Producción,"1.772,36",1
Producción,"1.773,20",1
Producción,"1.773,58",1
Producción,"1.773,59",1
Producción,"1.773,80",1
Producción,"1.774,10",1
Producción,"1.775,68",1
Producción,"1.776,60",1
Producción,"1.776,70",1
Producción,"1.777,33",1
Producción,"1.777,86",1
Producción,"1.779,00",1
Producción,"1.779,26",1
Producción,"1.780,20",1
Producción,"1.780,44",1
Producción,"1.780,50",1
Producción,"1.781,25",1
Producción,"1.782,20",1
Producción,"1.783,23",1
Producción,"1.785,24",1
Producción,"1.786,00",1
Producción,"1.786,10",1
Producción,"1.786,16",1
Producción,"1.787,11",1
Producción,"1.787,48",1
Producción,"1.789,22",1
Producción,"1.789,50",1
Producción,"1.789,52",1
Producción,"1.789,66",1
Producción,"1.790,00",1
Producción,"1.790,06",1
Producción,"1.790,11",1
Producción,"1.791,98",1
Producción,"1.793,00",1
Producción,"1.793,04",1
Producción,"1.794,00",1
Producción,"1.795,00",1
Producción,"1.795,85",1
Producción,"1.798,00",1
Producción,"1.798,51",1
Producción,"1.798,96",1
Producción,"1.799,00",1
Producción,"1.799,84",1
Producción,"1.799,98",1
Producción,"1.800,25",1
Producción,"1.800,68",1
Producción,"1.800,81",1
Producción,"1.801,26",1
Producción,"1.801,80",1
Producción,"1.802,58",1
Producción,"1.803,20",1
Producción,"1.803,36",1
Producción,"1.803,99",1
Producción,"1.804,56",1
Producción,"1.805,00",1
Producción,"1.805,10",1
Producción,"1.807,30",1
Producción,"1.808,40",1
Producción,"1.809,97",1
Producción,"1.810,80",1
Producción,"1.811,25",1
Producción,"1.811,70",1
Producción,"1.813,39",1
Producción,"1.814,40",1
Producción,"1.815,70",1
Producción,"1.816,58",1
Producción,"1.817,19",1
Producción,"1.819,50",1
Producción,"1.819,80",1
Producción,"1.820,70",1
Producción,"1.822,28",1
Producción,"1.823,00",1
Producción,"1.824,20",1
Producción,"1.824,81",1
Producción,"1.825,50",1
Producción,"1.825,74",1
Producción,"1.826,00",1
Producción,"1.826,71",1
Producción,"1.828,20",1
Producción,"1.828,50",1
Producción,"1.829,59",1
Producción,"1.830,32",1
Producción,"1.830,60",1
Producción,"1.831,20",1
Producción,"1.831,50",1
Producción,"1.831,80",1
Producción,"1.832,13",1
Producción,"1.832,46",1
Producción,"1.832,80",1
Producción,"1.835,20",1
Producción,"1.835,37",1
Producción,"1.837,00",1
Producción,"1.837,80",1
Producción,"1.838,50",1
Producción,"1.839,00",1
Producción,"1.840,80",1
Producción,"1.841,00",1
Producción,"1.842,00",1
Producción,"1.842,10",1
Producción,"1.844,70",1
Producción,"1.846,84",1
Producción,"1.849,20",1
Producción,"1.849,50",1
Producción,"1.850,85",1
Producción,"1.851,50",1
Producción,"1.851,78",1
Producción,"1.852,20",1
Producción,"1.852,50",1
Producción,"1.853,44",1
Producción,"1.854,91",1
Producción,"1.855,50",1
Producción,"1.858,73",1
Producción,"1.859,70",1
Producción,"1.859,80",1
Producción,"1.861,00",1
Producción,"1.861,20",1
Producción,"1.862,90",1
Producción,"1.863,75",1
Producción,"1.864,00",1
Producción,"1.864,20",1
Producción,"1.865,82",1
Producción,"1.866,00",1
Producción,"1.867,84",1
Producción,"1.868,90",1
Producción,"1.870,70",1
Producción,"1.871,16",1
Producción,"1.871,19",1
Producción,"1.871,40",1
Producción,"1.874,00",1
Producción,"1.874,25",1
Producción,"1.874,70",1
Producción,"1.874,71",1
Producción,"1.874,90",1
Producción,"1.876,25",1
Producción,"1.877,50",1
Producción,"1.877,80",1
Producción,"1.878,00",1
Producción,"1.878,92",1
Producción,"1.879,00",1
Producción,"1.879,47",1
Producción,"1.880,34",1
Producción,"1.883,00",1
Producción,"1.884,27",1
Producción,"1.886,40",1
Producción,"1.886,62",1
Producción,"1.887,00",1
Producción,"1.888,00",1
Producción,"1.891,00",1
Producción,"1.891,07",1
Producción,"1.892,10",1
Producción,"1.892,50",1
Producción,"1.894,00",1
Producción,"1.894,50",1
Producción,"1.894,52",1
Producción,"1.895,63",1
Producción,"1.897,08",1
Producción,"1.897,50",1
Producción,"1.898,61",1
Producción,"1.899,24",1
Producción,"1.899,63",1
Producción,"1.899,80",1
Producción,"1.900,74",1
Producción,"1.900,86",1
Producción,"1.901,69",1
Producción,"1.901,85",1
Producción,"1.902,00",1
Producción,"1.903,67",1
Producción,"1.904,60",1
Producción,"1.905,94",1
Producción,"1.906,40",1
Producción,"1.906,73",1
Producción,"1.907,50",1
Producción,"1.908,38",1
Producción,"1.909,00",1
Producción,"1.911,74",1
Producción,"1.912,50",1
Producción,"1.912,53",1
Producción,"1.912,80",1
Producción,"1.913,54",1
Producción,"1.914,36",1
Producción,"1.914,55",1
Producción,"1.915,53",1
Producción,"1.916,20",1
Producción,"1.916,40",1
Producción,"1.918,47",1
Producción,"1.919,69",1
Producción,"1.919,86",1
Producción,"1.919,94",1
Producción,"1.921,00",1
Producción,"1.922,00",1
Producción,"1.922,70",1
Producción,"1.923,30",1
Producción,"1.927,62",1
Producción,"1.928,13",1
Producción,"1.928,19",1
Producción,"1.928,30",1
Producción,"1.929,91",1
Producción,"1.931,67",1
Producción,"1.932,98",1
Producción,"1.933,00",1
Producción,"1.933,75",1
Producción,"1.933,93",1
Producción,"1.935,50",1
Producción,"1.937,00",1
Producción,"1.938,80",1
Producción,"1.940,32",1
Producción,"1.941,44",1
Producción,"1.942,00",1
Producción,"1.942,50",1
Producción,"1.943,00",1
Producción,"1.943,50",1
Producción,"1.944,75",1
Producción,"1.946,50",1
Producción,"1.947,00",1
Producción,"1.948,44",1
Producción,"1.949,50",1
Producción,"1.950,85",1
Producción,"1.951,00",1
Producción,"1.951,68",1
Producción,"1.951,72",1
Producción,"1.954,59",1
Producción,"1.954,78",1
Producción,"1.955,58",1
Producción,"1.956,15",1
Producción,"1.956,59",1
Producción,"1.956,65",1
Producción,"1.957,00",1
Producción,"1.958,04",1
Producción,"1.958,19",1
Producción,"1.959,00",1
Producción,"1.959,26",1
Producción,"1.959,50",1
Producción,"1.959,56",1
Producción,"1.959,90",1
Producción,"1.960,44",1
Producción,"1.961,00",1
Producción,"1.962,50",1
Producción,"1.963,00",1
Producción,"1.963,24",1
Producción,"1.963,80",1
Producción,"1.964,00",1
Producción,"1.965,36",1
Producción,"1.965,60",1
Producción,"1.966,20",1
Producción,"1.966,63",1
Producción,"1.967,00",1
Producción,"1.970,40",1
Producción,"1.971,00",1
Producción,"1.971,20",1
Producción,"1.973,00",1
Producción,"1.973,58",1
Producción,"1.974,00",1
Producción,"1.974,90",1
Producción,"1.977,05",1
Producción,"1.977,24",1
Producción,"1.977,60",1
Producción,"1.979,00",1
Producción,"1.981,00",1
Producción,"1.982,00",1
Producción,"1.982,39",1
Producción,"1.982,47",1
Producción,"1.983,40",1
Producción,"1.983,60",1
Producción,"1.983,97",1
Producción,"1.984,44",1
Producción,"1.984,50",1
Producción,"1.985,50",1
Producción,"1.985,98",1
Producción,"1.986,17",1
Producción,"1.986,72",1
Producción,"1.987,62",1
Producción,"1.988,40",1
Producción,"1.990,30",1
Producción,"1.992,00",1
Producción,"1.992,50",1
Producción,"1.993,48",1
Producción,"1.994,25",1
Producción,"1.995,69",1
Producción,"1.996,00",1
Producción,"1.996,16",1
Producción,"1.996,40",1
Producción,"1.997,75",1
Producción,"1.998,64",1
Producción,"10.004,40",1
Producción,"10.008,00",1
Producción,"10.013,92",1
Producción,"10.016,23",1
Producción,"10.017,00",1
Producción,"10.044,00",1
Producción,"10.045,00",1
Producción,"10.048,00",1
Producción,"10.048,65",1
Producción,"10.049,00",1
Producción,"10.049,20",1
Producción,"10.050,00",1
Producción,"10.054,00",1
Producción,"10.057,50",1
Producción,"10.058,00",1
Producción,"10.062,00",1
Producción,"10.097,50",1
Producción,"10.125,00",1
Producción,"10.131,66",1
Producción,"10.134,00",1
Producción,"10.149,60",1
Producción,"10.152,00",1
Producción,"10.155,60",1
Producción,"10.167,00",1
Producción,"10.168,00",1
Producción,"10.170,00",1
Producción,"10.178,25",1
Producción,"10.180,00",1
Producción,"10.184,00",1
Producción,"10.220,00",1
Producción,"10.224,00",1
Producción,"10.233,90",1
Producción,"10.237,36",1
Producción,"10.246,00",1
Producción,"10.276,00",1
Producción,"10.281,00",1
Producción,"10.284,00",1
Producción,"10.290,00",1
Producción,"10.296,00",1
Producción,"10.300,00",1
Producción,"10.304,00",1
Producción,"10.306,05",1
Producción,"10.317,00",1
Producción,"10.327,45",1
Producción,"10.332,00",1
Producción,"10.334,40",1
Producción,"10.340,00",1
Producción,"10.340,20",1
Producción,"10.340,72",1
Producción,"10.355,00",1
Producción,"10.360,00",1
Producción,"10.392,00",1
Producción,"10.392,80",1
Producción,"10.395,00",1
Producción,"10.396,00",1
Producción,"10.410,50",1
Producción,"10.412,50",1
Producción,"10.413,00",1
Producción,"10.422,50",1
Producción,"10.431,00",1
Producción,"10.440,36",1
Producción,"10.450,00",1
Producción,"10.450,80",1
Producción,"10.455,00",1
Producción,"10.460,81",1
Producción,"10.470,00",1
Producción,"10.478,00",1
Producción,"10.487,70",1
Producción,"10.496,00",1
Producción,"10.506,00",1
Producción,"10.516,00",1
Producción,"10.530,00",1
Producción,"10.542,00",1
Producción,"10.549,45",1
Producción,"10.550,00",1
Producción,"10.575,00",1
Producción,"10.587,85",1
Producción,"10.596,00",1
Producción,"10.602,00",1
Producción,"10.615,00",1
Producción,"10.617,60",1
Producción,"10.620,00",1
Producción,"10.622,89",1
Producción,"10.637,50",1
Producción,"10.650,00",1
Producción,"10.660,00",1
Producción,"10.662,30",1
Producción,"10.676,25",1
Producción,"10.685,20",1
Producción,"10.687,00",1
Producción,"10.695,00",1
Producción,"10.696,00",1
Producción,"10.699,00",1
Producción,"10.721,20",1
Producción,"10.725,00",1
Producción,"10.730,00",1
Producción,"10.736,00",1
Producción,"10.752,00",1
Producción,"10.760,00",1
Producción,"10.765,00",1
Producción,"10.780,00",1
Producción,"10.785,10",1
Producción,"10.804,50",1
Producción,"10.808,00",1
Producción,"10.819,20",1
Producción,"10.822,50",1
Producción,"10.830,00",1
Producción,"10.831,00",1
Producción,"10.836,00",1
Producción,"10.841,60",1
Producción,"10.842,86",1
Producción,"10.846,50",1
Producción,"10.857,00",1
Producción,"10.860,00",1
Producción,"10.878,00",1
Producción,"10.882,33",1
Producción,"10.900,00",1
Producción,"10.916,00",1
Producción,"10.916,75",1
Producción,"10.928,00",1
Producción,"10.944,00",1
Producción,"10.950,00",1
Producción,"10.951,60",1
Producción,"10.960,00",1
Producción,"10.962,00",1
Producción,"10.985,00",1
Producción,"10.993,80",1
Producción,"100.000,00",1
Producción,"100.200,00",1
Producción,"100.303,47",1
Producción,"100.700,00",1
Producción,"101.137,50",1
Producción,"101.443,47",1
Producción,"101.600,00",1
Producción,"101.850,00",1
Producción,"102.000,00",1
Producción,"102.240,00",1
Producción,"102.400,00",1
Producción,"103.200,00",1
Producción,"103.443,00",1
Producción,"104.000,00",1
Producción,"104.280,00",1
Producción,"104.720,00",1
Producción,"105.364,00",1
Producción,"105.860,17",1
Producción,"105.880,00",1
Producción,"105.918,00",1
Producción,"105.960,00",1
Producción,"106.329,30",1
Producción,"106.377,00",1
Producción,"106.400,00",1
Producción,"106.410,00",1
Producción,"106.500,00",1
Producción,"106.520,00",1
Producción,"106.719,60",1
Producción,"106.980,00",1
Producción,"107.840,00",1
Producción,"108.000,00",1
Producción,"108.523,20",1
Producción,"108.548,00",1
Producción,"109.350,00",1
Producción,"109.440,00",1
Producción,"109.686,50",1
Producción,"11.006,32",1
Producción,"11.008,00",1
Producción,"11.011,56",1
Producción,"11.020,00",1
Producción,"11.022,97",1
Producción,"11.028,00",1
Producción,"11.039,00",1
Producción,"11.044,00",1
Producción,"11.071,20",1
Producción,"11.076,00",1
Producción,"11.076,30",1
Producción,"11.080,00",1
Producción,"11.082,00",1
Producción,"11.093,24",1
Producción,"11.096,00",1
Producción,"11.104,00",1
Producción,"11.110,00",1
Producción,"11.140,36",1
Producción,"11.163,00",1
Producción,"11.168,00",1
Producción,"11.212,50",1
Producción,"11.220,00",1
Producción,"11.238,00",1
Producción,"11.257,50",1
Producción,"11.265,00",1
Producción,"11.272,00",1
Producción,"11.342,50",1
Producción,"11.360,00",1
Producción,"11.375,00",1
Producción,"11.376,40",1
Producción,"11.377,60",1
Producción,"11.381,38",1
Producción,"11.383,20",1
Producción,"11.396,00",1
Producción,"11.410,00",1
Producción,"11.419,00",1
Producción,"11.436,00",1
Producción,"11.438,23",1
Producción,"11.462,00",1
Producción,"11.480,00",1
Producción,"11.483,00",1
Producción,"11.488,70",1
Producción,"11.496,40",1
Producción,"11.504,60",1
Producción,"11.508,20",1
Producción,"11.513,28",1
Producción,"11.518,09",1
Producción,"11.523,60",1
Producción,"11.525,00",1
Producción,"11.525,02",1
Producción,"11.535,00",1
Producción,"11.544,00",1
Producción,"11.554,78",1
Producción,"11.555,38",1
Producción,"11.568,70",1
Producción,"11.571,00",1
Producción,"11.573,00",1
Producción,"11.592,00",1
Producción,"11.615,00",1
Producción,"11.625,00",1
Producción,"11.627,00",1
Producción,"11.633,60",1
Producción,"11.644,87",1
Producción,"11.649,50",1
Producción,"11.659,95",1
Producción,"11.661,00",1
Producción,"11.664,00",1
Producción,"11.670,00",1
Producción,"11.689,14",1
Producción,"11.701,03",1
Producción,"11.706,20",1
Producción,"11.708,40",1
Producción,"11.720,00",1
Producción,"11.725,00",1
Producción,"11.730,50",1
Producción,"11.744,00",1
Producción,"11.745,00",1
Producción,"11.746,80",1
Producción,"11.750,00",1
Producción,"11.764,00",1
Producción,"11.766,00",1
Producción,"11.768,30",1
Producción,"11.769,00",1
Producción,"11.770,00",1
Producción,"11.771,50",1
Producción,"11.775,00",1
Producción,"11.781,00",1
Producción,"11.790,00",1
Producción,"11.792,00",1
Producción,"11.799,00",1
Producción,"11.802,00",1
Producción,"11.823,50",1
Producción,"11.835,00",1
Producción,"11.857,00",1
Producción,"11.858,00",1
Producción,"11.872,00",1
Producción,"11.874,00",1
Producción,"11.875,00",1
Producción,"11.875,92",1
Producción,"11.888,50",1
Producción,"11.907,20",1
Producción,"11.915,40",1
Producción,"11.920,00",1
Producción,"11.925,00",1
Producción,"11.928,00",1
Producción,"11.932,09",1
Producción,"11.933,35",1
Producción,"11.942,40",1
Producción,"11.950,00",1
Producción,"11.950,08",1
Producción,"11.952,00",1
Producción,"11.953,60",1
Producción,"11.962,90",1
Producción,"11.966,50",1
Producción,"11.968,33",1
Producción,"11.973,00",1
Producción,"11.973,75",1
Producción,"11.975,96",1
Producción,"11.986,63",1
Producción,"11.994,00",1
Producción,"11.994,70",1
Producción,"11.995,20",1
Producción,"11.995,92",1
Producción,"11.999,00",1
Producción,"110.600,00",1
Producción,"111.840,00",1
Producción,"112.000,00",1
Producción,"112.860,00",1
Producción,"114.195,00",1
Producción,"114.250,00",1
Producción,"114.400,00",1
Producción,"115.300,00",1
Producción,"115.500,00",1
Producción,"115.640,00",1
Producción,"115.990,00",1
Producción,"116.000,00",1
Producción,"116.500,00",1
Producción,"117.000,00",1
Producción,"117.406,00",1
Producción,"117.600,00",1
Producción,"117.650,00",1
Producción,"117.700,00",1
Producción,"118.020,00",1
Producción,"118.490,00",1
Producción,"118.690,00",1
Producción,"118.950,00",1
Producción,"118.980,00",1
Producción,"119.700,00",1
Producción,"119.912,50",1
Producción,"119.960,00",1
Producción,"12.007,68",1
Producción,"12.008,00",1
Producción,"12.023,96",1
Producción,"12.024,00",1
Producción,"12.024,60",1
Producción,"12.029,12",1
Producción,"12.038,40",1
Producción,"12.042,00",1
Producción,"12.048,75",1
Producción,"12.054,00",1
Producción,"12.067,00",1
Producción,"12.096,00",1
Producción,"12.102,00",1
Producción,"12.110,00",1
Producción,"12.114,00",1
Producción,"12.126,00",1
Producción,"12.127,70",1
Producción,"12.130,00",1
Producción,"12.140,00",1
Producción,"12.150,00",1
Producción,"12.154,00",1
Producción,"12.156,00",1
Producción,"12.165,00",1
Producción,"12.177,00",1
Producción,"12.198,00",1
Producción,"12.199,68",1
Producción,"12.201,00",1
Producción,"12.204,00",1
Producción,"12.215,96",1
Producción,"12.216,00",1
Producción,"12.226,50",1
Producción,"12.243,51",1
Producción,"12.257,00",1
Producción,"12.260,00",1
Producción,"12.275,00",1
Producción,"12.279,68",1
Producción,"12.282,00",1
Producción,"12.282,95",1
Producción,"12.285,00",1
Producción,"12.287,00",1
Producción,"12.287,04",1
Producción,"12.309,00",1
Producción,"12.309,44",1
Producción,"12.312,00",1
Producción,"12.320,00",1
Producción,"12.325,00",1
Producción,"12.337,60",1
Producción,"12.342,00",1
Producción,"12.348,00",1
Producción,"12.350,00",1
Producción,"12.355,92",1
Producción,"12.363,50",1
Producción,"12.364,80",1
Producción,"12.389,00",1
Producción,"12.393,72",1
Producción,"12.408,00",1
Producción,"12.411,00",1
Producción,"12.414,00",1
Producción,"12.426,00",1
Producción,"12.435,00",1
Producción,"12.449,60",1
Producción,"12.456,00",1
Producción,"12.461,57",1
Producción,"12.465,00",1
Producción,"12.471,00",1
Producción,"12.474,56",1
Producción,"12.495,00",1
Producción,"12.501,00",1
Producción,"12.505,00",1
Producción,"12.520,00",1
Producción,"12.525,00",1
Producción,"12.538,39",1
Producción,"12.540,36",1
Producción,"12.566,80",1
Producción,"12.568,92",1
Producción,"12.584,00",1
Producción,"12.588,00",1
Producción,"12.604,14",1
Producción,"12.622,50",1
Producción,"12.625,90",1
Producción,"12.635,00",1
Producción,"12.645,00",1
Producción,"12.647,50",1
Producción,"12.650,00",1
Producción,"12.675,00",1
Producción,"12.680,80",1
Producción,"12.683,00",1
Producción,"12.686,52",1
Producción,"12.692,50",1
Producción,"12.693,50",1
Producción,"12.701,50",1
Producción,"12.705,00",1
Producción,"12.710,00",1
Producción,"12.716,00",1
Producción,"12.726,00",1
Producción,"12.727,00",1
Producción,"12.747,66",1
Producción,"12.751,26",1
Producción,"12.765,60",1
Producción,"12.792,00",1
Producción,"12.803,00",1
Producción,"12.822,00",1
Producción,"12.832,00",1
Producción,"12.835,00",1
Producción,"12.847,50",1
Producción,"12.857,60",1
Producción,"12.864,00",1
Producción,"12.870,00",1
Producción,"12.885,00",1
Producción,"12.894,00",1
Producción,"12.896,00",1
Producción,"12.899,00",1
Producción,"12.915,00",1
Producción,"12.924,82",1
Producción,"12.925,00",1
Producción,"12.927,57",1
Producción,"12.936,00",1
Producción,"12.937,50",1
Producción,"12.939,92",1
Producción,"12.946,50",1
Producción,"12.974,00",1
Producción,"12.975,00",1
Producción,"12.985,00",1
Producción,"12.986,75",1
Producción,"12.990,00",1
Producción,"120.000,00",1
Producción,"120.285,00",1
Producción,"120.780,00",1
Producción,"121.325,00",1
Producción,"121.455,00",1
Producción,"121.500,00",1
Producción,"122.200,00",1
Producción,"122.500,00",1
Producción,"122.730,00",1
Producción,"122.892,00",1
Producción,"123.120,00",1
Producción,"123.250,00",1
Producción,"125.675,00",1
Producción,"125.772,40",1
Producción,"125.790,00",1
Producción,"126.000,00",1
Producción,"126.420,00",1
Producción,"127.020,00",1
Producción,"127.050,00",1
Producción,"127.260,00",1
Producción,"127.957,50",1
Producción,"128.250,00",1
Producción,"128.359,50",1
Producción,"128.690,00",1
Producción,"129.500,00",1
Producción,"129.600,00",1
Producción,"129.960,00",1
Producción,"13.006,72",1
Producción,"13.012,50",1
Producción,"13.012,54",1
Producción,"13.021,00",1
Producción,"13.040,00",1
Producción,"13.059,06",1
Producción,"13.060,30",1
Producción,"13.070,40",1
Producción,"13.077,12",1
Producción,"13.083,00",1
Producción,"13.100,00",1
Producción,"13.109,73",1
Producción,"13.110,00",1
Producción,"13.125,00",1
Producción,"13.140,80",1
Producción,"13.176,00",1
Producción,"13.188,50",1
Producción,"13.208,87",1
Producción,"13.212,00",1
Producción,"13.213,20",1
Producción,"13.215,00",1
Producción,"13.215,28",1
Producción,"13.224,00",1
Producción,"13.248,00",1
Producción,"13.250,00",1
Producción,"13.255,00",1
Producción,"13.256,70",1
Producción,"13.257,66",1
Producción,"13.266,00",1
Producción,"13.276,50",1
Producción,"13.281,00",1
Producción,"13.300,70",1
Producción,"13.310,00",1
Producción,"13.320,00",1
Producción,"13.325,00",1
Producción,"13.335,00",1
Producción,"13.340,90",1
Producción,"13.342,50",1
Producción,"13.344,00",1
Producción,"13.358,40",1
Producción,"13.361,84",1
Producción,"13.380,00",1
Producción,"13.382,60",1
Producción,"13.386,00",1
Producción,"13.392,00",1
Producción,"13.414,30",1
Producción,"13.430,00",1
Producción,"13.432,00",1
Producción,"13.443,24",1
Producción,"13.470,00",1
Producción,"13.475,00",1
Producción,"13.486,00",1
Producción,"13.496,00",1
Producción,"13.504,00",1
Producción,"13.505,83",1
Producción,"13.525,60",1
Producción,"13.525,93",1
Producción,"13.552,00",1
Producción,"13.560,00",1
Producción,"13.570,00",1
Producción,"13.585,00",1
Producción,"13.594,44",1
Producción,"13.605,00",1
Producción,"13.607,00",1
Producción,"13.622,00",1
Producción,"13.667,70",1
Producción,"13.685,00",1
Producción,"13.688,20",1
Producción,"13.696,00",1
Producción,"13.700,00",1
Producción,"13.706,04",1
Producción,"13.719,68",1
Producción,"13.722,78",1
Producción,"13.725,00",1
Producción,"13.730,40",1
Producción,"13.748,62",1
Producción,"13.751,97",1
Producción,"13.760,00",1
Producción,"13.770,00",1
Producción,"13.780,00",1
Producción,"13.782,00",1
Producción,"13.808,00",1
Producción,"13.809,00",1
Producción,"13.821,00",1
Producción,"13.835,63",1
Producción,"13.859,00",1
Producción,"13.859,56",1
Producción,"13.875,00",1
Producción,"13.907,25",1
Producción,"13.936,00",1
Producción,"13.938,73",1
Producción,"13.950,00",1
Producción,"13.965,00",1
Producción,"13.968,00",1
Producción,"13.974,00",1
Producción,"13.987,00",1
Producción,"13.990,00",1
Producción,"130.247,83",1
Producción,"130.410,00",1
Producción,"130.728,00",1
Producción,"131.489,05",1
Producción,"132.570,00",1
Producción,"135.000,00",1
Producción,"135.104,00",1
Producción,"135.772,00",1
Producción,"136.200,00",1
Producción,"136.280,00",1
Producción,"136.360,00",1
Producción,"137.139,20",1
Producción,"137.250,00",1
Producción,"137.614,82",1
Producción,"137.677,00",1
Producción,"137.760,00",1
Producción,"138.226,00",1
Producción,"139.800,00",1
Producción,"139.860,00",1
Producción,"14.014,00",1
Producción,"14.045,00",1
Producción,"14.088,00",1
Producción,"14.100,00",1
Producción,"14.112,00",1
Producción,"14.125,00",1
Producción,"14.130,00",1
Producción,"14.140,00",1
Producción,"14.144,00",1
Producción,"14.151,00",1
Producción,"14.156,59",1
Producción,"14.157,00",1
Producción,"14.170,00",1
Producción,"14.172,30",1
Producción,"14.193,85",1
Producción,"14.203,00",1
Producción,"14.209,00",1
Producción,"14.224,00",1
Producción,"14.238,00",1
Producción,"14.244,00",1
Producción,"14.320,00",1
Producción,"14.325,00",1
Producción,"14.341,81",1
Producción,"14.343,00",1
Producción,"14.344,80",1
Producción,"14.359,20",1
Producción,"14.378,00",1
Producción,"14.394,56",1
Producción,"14.413,00",1
Producción,"14.418,00",1
Producción,"14.430,00",1
Producción,"14.448,00",1
Producción,"14.450,00",1
Producción,"14.458,50",1
Producción,"14.458,62",1
Producción,"14.461,20",1
Producción,"14.464,00",1
Producción,"14.467,78",1
Producción,"14.471,50",1
Producción,"14.473,68",1
Producción,"14.474,00",1
Producción,"14.476,80",1
Producción,"14.486,90",1
Producción,"14.490,00",1
Producción,"14.525,28",1
Producción,"14.552,00",1
Producción,"14.558,30",1
Producción,"14.588,81",1
Producción,"14.620,00",1
Producción,"14.656,94",1
Producción,"14.686,54",1
Producción,"14.687,80",1
Producción,"14.712,00",1
Producción,"14.732,00",1
Producción,"14.739,00",1
Producción,"14.740,00",1
Producción,"14.759,08",1
Producción,"14.762,14",1
Producción,"14.769,65",1
Producción,"14.782,00",1
Producción,"14.790,00",1
Producción,"14.820,00",1
Producción,"14.827,20",1
Producción,"14.828,80",1
Producción,"14.835,00",1
Producción,"14.835,16",1
Producción,"14.848,00",1
Producción,"14.859,00",1
Producción,"14.868,80",1
Producción,"14.869,50",1
Producción,"14.900,00",1
Producción,"14.921,00",1
Producción,"14.940,95",1
Producción,"14.947,20",1
Producción,"14.950,00",1
Producción,"14.958,00",1
Producción,"14.963,02",1
Producción,"14.985,00",1
Producción,"141.240,00",1
Producción,"142.120,00",1
Producción,"142.560,00",1
Producción,"142.604,00",1
Producción,"143.000,00",1
Producción,"143.200,00",1
Producción,"143.460,00",1
Producción,"143.610,00",1
Producción,"143.640,00",1
Producción,"143.960,00",1
Producción,"144.300,00",1
Producción,"144.416,00",1
Producción,"145.300,00",1
Producción,"145.395,00",1
Producción,"145.548,90",1
Producción,"145.637,44",1
Producción,"145.652,00",1
Producción,"145.880,00",1
Producción,"146.655,60",1
Producción,"147.400,00",1
Producción,"148.275,00",1
Producción,"148.440,00",1
Producción,"148.500,00",1
Producción,"148.504,00",1
Producción,"148.675,00",1
Producción,"148.875,00",1
Producción,"149.060,26",1
Producción,"149.424,00",1
Producción,"149.616,00",1
Producción,"15.012,00",1
Producción,"15.028,00",1
Producción,"15.060,00",1
Producción,"15.079,68",1
Producción,"15.080,00",1
Producción,"15.097,50",1
Producción,"15.125,00",1
Producción,"15.140,00",1
Producción,"15.145,00",1
Producción,"15.164,00",1
Producción,"15.166,55",1
Producción,"15.167,00",1
Producción,"15.168,00",1
Producción,"15.169,00",1
Producción,"15.174,00",1
Producción,"15.180,00",1
Producción,"15.187,50",1
Producción,"15.190,00",1
Producción,"15.197,00",1
Producción,"15.201,00",1
Producción,"15.216,00",1
Producción,"15.225,00",1
Producción,"15.240,00",1
Producción,"15.248,00",1
Producción,"15.270,00",1
Producción,"15.284,00",1
Producción,"15.288,00",1
Producción,"15.290,00",1
Producción,"15.301,51",1
Producción,"15.320,00",1
Producción,"15.340,00",1
Producción,"15.356,25",1
Producción,"15.360,00",1
Producción,"15.375,00",1
Producción,"15.378,00",1
Producción,"15.386,79",1
Producción,"15.388,00",1
Producción,"15.390,00",1
Producción,"15.400,26",1
Producción,"15.429,00",1
Producción,"15.450,00",1
Producción,"15.451,16",1
Producción,"15.490,00",1
Producción,"15.491,70",1
Producción,"15.494,76",1
Producción,"15.503,00",1
Producción,"15.521,00",1
Producción,"15.529,50",1
Producción,"15.548,00",1
Producción,"15.551,60",1
Producción,"15.561,76",1
Producción,"15.570,00",1
Producción,"15.577,81",1
Producción,"15.616,00",1
Producción,"15.627,20",1
Producción,"15.637,00",1
Producción,"15.648,00",1
Producción,"15.658,03",1
Producción,"15.665,11",1
Producción,"15.674,16",1
Producción,"15.678,00",1
Producción,"15.692,40",1
Producción,"15.700,00",1
Producción,"15.719,00",1
Producción,"15.720,00",1
Producción,"15.720,60",1
Producción,"15.723,00",1
Producción,"15.768,00",1
Producción,"15.770,00",1
Producción,"15.790,00",1
Producción,"15.792,00",1
Producción,"15.793,32",1
Producción,"15.793,40",1
Producción,"15.802,50",1
Producción,"15.803,00",1
Producción,"15.806,00",1
Producción,"15.819,50",1
Producción,"15.834,00",1
Producción,"15.844,00",1
Producción,"15.847,00",1
Producción,"15.850,00",1
Producción,"15.860,00",1
Producción,"15.875,00",1
Producción,"15.878,20",1
Producción,"15.883,00",1
Producción,"15.900,00",1
Producción,"15.910,90",1
Producción,"15.911,40",1
Producción,"15.912,00",1
Producción,"15.916,00",1
Producción,"15.950,00",1
Producción,"15.958,10",1
Producción,"15.975,00",1
Producción,"15.998,00",1
Producción,"150.528,00",1
Producción,"151.300,00",1
Producción,"151.646,00",1
Producción,"152.640,00",1
Producción,"153.626,00",1
Producción,"155.775,90",1
Producción,"157.050,00",1
Producción,"157.500,00",1
Producción,"157.520,00",1
Producción,"158.400,00",1
Producción,"158.950,00",1
Producción,"159.400,00",1
Producción,"159.600,00",1
Producción,"16.005,00",1
Producción,"16.032,00",1
Producción,"16.052,20",1
Producción,"16.056,00",1
Producción,"16.058,00",1
Producción,"16.060,00",1
Producción,"16.080,00",1
Producción,"16.084,50",1
Producción,"16.109,90",1
Producción,"16.122,10",1
Producción,"16.148,00",1
Producción,"16.148,30",1
Producción,"16.150,00",1
Producción,"16.177,50",1
Producción,"16.178,32",1
Producción,"16.188,00",1
Producción,"16.192,00",1
Producción,"16.192,30",1
Producción,"16.224,00",1
Producción,"16.243,68",1
Producción,"16.286,00",1
Producción,"16.286,40",1
Producción,"16.305,80",1
Producción,"16.306,50",1
Producción,"16.308,00",1
Producción,"16.315,00",1
Producción,"16.332,00",1
Producción,"16.339,20",1
Producción,"16.372,30",1
Producción,"16.380,00",1
Producción,"16.392,00",1
Producción,"16.400,80",1
Producción,"16.408,00",1
Producción,"16.416,00",1
Producción,"16.422,00",1
Producción,"16.425,00",1
Producción,"16.440,00",1
Producción,"16.441,00",1
Producción,"16.482,00",1
Producción,"16.485,90",1
Producción,"16.489,00",1
Producción,"16.511,19",1
Producción,"16.512,00",1
Producción,"16.521,94",1
Producción,"16.545,00",1
Producción,"16.565,40",1
Producción,"16.620,00",1
Producción,"16.622,20",1
Producción,"16.626,00",1
Producción,"16.629,70",1
Producción,"16.632,00",1
Producción,"16.634,00",1
Producción,"16.639,93",1
Producción,"16.661,97",1
Producción,"16.672,50",1
Producción,"16.680,00",1
Producción,"16.692,30",1
Producción,"16.696,00",1
Producción,"16.701,00",1
Producción,"16.710,00",1
Producción,"16.727,70",1
Producción,"16.753,80",1
Producción,"16.791,90",1
Producción,"16.807,52",1
Producción,"16.832,00",1
Producción,"16.848,00",1
Producción,"16.848,60",1
Producción,"16.853,00",1
Producción,"16.869,60",1
Producción,"16.878,78",1
Producción,"16.880,00",1
Producción,"16.880,50",1
Producción,"16.912,50",1
Producción,"16.919,50",1
Producción,"16.933,00",1
Producción,"16.965,00",1
Producción,"16.968,00",1
Producción,"16.970,59",1
Producción,"160.000,00",1
Producción,"160.080,00",1
Producción,"160.480,00",1
Producción,"161.280,00",1
Producción,"162.800,00",1
Producción,"164.080,00",1
Producción,"164.145,00",1
Producción,"164.268,00",1
Producción,"165.200,00",1
Producción,"167.700,00",1
Producción,"168.495,93",1
Producción,"17.010,00",1
Producción,"17.045,00",1
Producción,"17.056,20",1
Producción,"17.105,20",1
Producción,"17.131,00",1
Producción,"17.160,00",1
Producción,"17.185,00",1
Producción,"17.192,00",1
Producción,"17.204,00",1
Producción,"17.207,40",1
Producción,"17.216,46",1
Producción,"17.233,00",1
Producción,"17.280,00",1
Producción,"17.295,00",1
Producción,"17.320,00",1
Producción,"17.322,00",1
Producción,"17.334,00",1
Producción,"17.337,48",1
Producción,"17.350,00",1
Producción,"17.424,00",1
Producción,"17.427,00",1
Producción,"17.460,00",1
Producción,"17.490,00",1
Producción,"17.497,15",1
Producción,"17.520,00",1
Producción,"17.523,70",1
Producción,"17.526,00",1
Producción,"17.550,00",1
Producción,"17.554,00",1
Producción,"17.589,00",1
Producción,"17.605,00",1
Producción,"17.622,60",1
Producción,"17.642,94",1
Producción,"17.671,50",1
Producción,"17.690,00",1
Producción,"17.696,00",1
Producción,"17.710,00",1
Producción,"17.718,00",1
Producción,"17.720,00",1
Producción,"17.721,00",1
Producción,"17.730,00",1
Producción,"17.742,97",1
Producción,"17.760,00",1
Producción,"17.767,30",1
Producción,"17.782,99",1
Producción,"17.802,89",1
Producción,"17.825,00",1
Producción,"17.825,50",1
Producción,"17.848,00",1
Producción,"17.855,00",1
Producción,"17.865,70",1
Producción,"17.867,80",1
Producción,"17.880,00",1
Producción,"17.894,00",1
Producción,"17.918,00",1
Producción,"17.920,00",1
Producción,"17.925,00",1
Producción,"17.930,00",1
Producción,"17.946,00",1
Producción,"17.947,00",1
Producción,"17.984,26",1
Producción,"170.090,00",1
Producción,"170.110,23",1
Producción,"171.000,00",1
Producción,"172.515,20",1
Producción,"172.800,00",1
Producción,"175.000,00",1
Producción,"175.300,00",1
Producción,"176.675,00",1
Producción,"176.800,00",1
Producción,"177.600,00",1
Producción,"179.010,00",1
Producción,"18.040,00",1
Producción,"18.040,65",1
Producción,"18.073,67",1
Producción,"18.131,05",1
Producción,"18.150,00",1
Producción,"18.172,00",1
Producción,"18.180,00",1
Producción,"18.191,00",1
Producción,"18.195,00",1
Producción,"18.210,00",1
Producción,"18.223,94",1
Producción,"18.230,00",1
Producción,"18.250,00",1
Producción,"18.288,00",1
Producción,"18.305,00",1
Producción,"18.315,00",1
Producción,"18.322,50",1
Producción,"18.349,10",1
Producción,"18.355,20",1
Producción,"18.370,50",1
Producción,"18.375,00",1
Producción,"18.383,20",1
Producción,"18.483,00",1
Producción,"18.552,00",1
Producción,"18.559,70",1
Producción,"18.560,00",1
Producción,"18.610,00",1
Producción,"18.620,00",1
Producción,"18.640,00",1
Producción,"18.643,94",1
Producción,"18.664,80",1
Producción,"18.690,00",1
Producción,"18.693,00",1
Producción,"18.730,00",1
Producción,"18.780,00",1
Producción,"18.781,00",1
Producción,"18.810,00",1
Producción,"18.840,00",1
Producción,"18.874,00",1
Producción,"18.882,50",1
Producción,"18.906,00",1
Producción,"18.914,00",1
Producción,"18.915,00",1
Producción,"18.920,00",1
Producción,"18.925,00",1
Producción,"18.945,00",1
Producción,"18.972,80",1
Producción,"18.973,96",1
Producción,"18.975,00",1
Producción,"181.700,00",1
Producción,"182.500,00",1
Producción,"183.740,00",1
Producción,"184.160,00",1
Producción,"185.520,00",1
Producción,"185.640,00",1
Producción,"185.720,00",1
Producción,"185.769,60",1
Producción,"187.650,00",1
Producción,"189.420,00",1
Producción,"189.600,00",1
Producción,"189.800,00",1
Producción,"19.008,00",1
Producción,"19.040,00",1
Producción,"19.063,94",1
Producción,"19.065,00",1
Producción,"19.068,00",1
Producción,"19.090,00",1
Producción,"19.102,50",1
Producción,"19.168,87",1
Producción,"19.176,00",1
Producción,"19.184,14",1
Producción,"19.188,75",1
Producción,"19.193,00",1
Producción,"19.201,00",1
Producción,"19.240,00",1
Producción,"19.248,00",1
Producción,"19.259,20",1
Producción,"19.270,00",1
Producción,"19.287,65",1
Producción,"19.298,42",1
Producción,"19.308,00",1
Producción,"19.317,60",1
Producción,"19.320,00",1
Producción,"19.370,00",1
Producción,"19.392,00",1
Producción,"19.416,00",1
Producción,"19.432,00",1
Producción,"19.448,00",1
Producción,"19.456,00",1
Producción,"19.500,00",1
Producción,"19.509,54",1
Producción,"19.550,00",1
Producción,"19.560,00",1
Producción,"19.565,00",1
Producción,"19.571,00",1
Producción,"19.575,00",1
Producción,"19.580,00",1
Producción,"19.591,45",1
Producción,"19.635,00",1
Producción,"19.640,00",1
Producción,"19.678,50",1
Producción,"19.710,00",1
Producción,"19.712,00",1
Producción,"19.717,65",1
Producción,"19.720,00",1
Producción,"19.721,64",1
Producción,"19.725,00",1
Producción,"19.732,00",1
Producción,"19.753,79",1
Producción,"19.785,60",1
Producción,"19.797,00",1
Producción,"19.805,00",1
Producción,"19.834,10",1
Producción,"19.877,75",1
Producción,"19.886,00",1
Producción,"19.910,00",1
Producción,"19.936,00",1
Producción,"19.944,00",1
Producción,"19.964,00",1
Producción,"19.968,00",1
Producción,"19.990,00",1
Producción,"19.992,00",1
Producción,"190.276,02",1
Producción,"192.500,00",1
Producción,"192.665,00",1
Producción,"193.233,34",1
Producción,"194.075,00",1
Producción,"194.265,00",1
Producción,"194.448,00",1
Producción,"196.875,00",1
Producción,"199.870,00",1
Producción,"2.002,14",1
Producción,"2.002,28",1
Producción,"2.003,13",1
Producción,"2.004,64",1
Producción,"2.005,08",1
Producción,"2.005,15",1
Producción,"2.006,00",1
Producción,"2.006,04",1
Producción,"2.006,12",1
Producción,"2.006,40",1
Producción,"2.007,56",1
Producción,"2.008,50",1
Producción,"2.010,93",1
Producción,"2.011,14",1
Producción,"2.012,89",1
Producción,"2.012,92",1
Producción,"2.013,00",1
Producción,"2.014,00",1
Producción,"2.015,36",1
Producción,"2.015,83",1
Producción,"2.016,30",1
Producción,"2.017,15",1
Producción,"2.017,50",1
Producción,"2.017,60",1
Producción,"2.019,31",1
Producción,"2.019,79",1
Producción,"2.020,80",1
Producción,"2.021,00",1
Producción,"2.022,62",1
Producción,"2.022,75",1
Producción,"2.023,80",1
Producción,"2.024,60",1
Producción,"2.024,82",1
Producción,"2.025,20",1
Producción,"2.026,20",1
Producción,"2.026,50",1
Producción,"2.027,28",1
Producción,"2.027,60",1
Producción,"2.027,73",1
Producción,"2.028,04",1
Producción,"2.028,28",1
Producción,"2.028,60",1
Producción,"2.029,31",1
Producción,"2.030,04",1
Producción,"2.033,64",1
Producción,"2.034,80",1
Producción,"2.034,92",1
Producción,"2.035,74",1
Producción,"2.036,80",1
Producción,"2.037,21",1
Producción,"2.038,20",1
Producción,"2.038,25",1
Producción,"2.038,30",1
Producción,"2.039,70",1
Producción,"2.041,20",1
Producción,"2.041,60",1
Producción,"2.043,00",1
Producción,"2.047,50",1
Producción,"2.047,97",1
Producción,"2.048,50",1
Producción,"2.053,00",1
Producción,"2.054,40",1
Producción,"2.054,90",1
Producción,"2.056,21",1
Producción,"2.056,60",1
Producción,"2.057,00",1
Producción,"2.057,12",1
Producción,"2.057,24",1
Producción,"2.057,97",1
Producción,"2.059,00",1
Producción,"2.059,75",1
Producción,"2.061,07",1
Producción,"2.061,67",1
Producción,"2.061,71",1
Producción,"2.065,50",1
Producción,"2.066,00",1
Producción,"2.066,04",1
Producción,"2.066,64",1
Producción,"2.067,80",1
Producción,"2.068,80",1
Producción,"2.069,00",1
Producción,"2.070,60",1
Producción,"2.070,95",1
Producción,"2.072,07",1
Producción,"2.073,00",1
Producción,"2.075,13",1
Producción,"2.075,21",1
Producción,"2.076,00",1
Producción,"2.076,03",1
Producción,"2.080,92",1
Producción,"2.081,50",1
Producción,"2.082,83",1
Producción,"2.083,78",1
Producción,"2.084,40",1
Producción,"2.087,40",1
Producción,"2.088,09",1
Producción,"2.089,71",1
Producción,"2.090.400,00",1
Producción,"2.091,77",1
Producción,"2.094,40",1
Producción,"2.094,66",1
Producción,"2.095,00",1
Producción,"2.095,60",1
Producción,"2.096,30",1
Producción,"2.098,88",1
Producción,"2.100,21",1
Producción,"2.100,28",1
Producción,"2.101,00",1
Producción,"2.101,54",1
Producción,"2.102,80",1
Producción,"2.103,30",1
Producción,"2.104,83",1
Producción,"2.106,30",1
Producción,"2.107,00",1
Producción,"2.109,80",1
Producción,"2.110,00",1
Producción,"2.112,60",1
Producción,"2.116,00",1
Producción,"2.117,11",1
Producción,"2.118,40",1
Producción,"2.120.400,00",1
Producción,"2.122,03",1
Producción,"2.122,20",1
Producción,"2.123,22",1
Producción,"2.124,25",1
Producción,"2.124,40",1
Producción,"2.125,50",1
Producción,"2.126,50",1
Producción,"2.129,00",1
Producción,"2.129,40",1
Producción,"2.131,92",1
Producción,"2.132,24",1
Producción,"2.132,50",1
Producción,"2.133,31",1
Producción,"2.133,60",1
Producción,"2.138,55",1
Producción,"2.139,39",1
Producción,"2.140,60",1
Producción,"2.142,90",1
Producción,"2.145,36",1
Producción,"2.145,90",1
Producción,"2.147,00",1
Producción,"2.147,62",1
Producción,"2.147,67",1
Producción,"2.148,25",1
Producción,"2.149,00",1
Producción,"2.150,37",1
Producción,"2.151,25",1
Producción,"2.151,90",1
Producción,"2.152,80",1
Producción,"2.154,00",1
Producción,"2.155,00",1
Producción,"2.157,30",1
Producción,"2.158,94",1
Producción,"2.160,70",1
Producción,"2.162,00",1
Producción,"2.163,00",1
Producción,"2.163,10",1
Producción,"2.165,26",1
Producción,"2.165,29",1
Producción,"2.165,48",1
Producción,"2.165,60",1
Producción,"2.166,01",1
Producción,"2.166,92",1
Producción,"2.167,72",1
Producción,"2.168,92",1
Producción,"2.169,57",1
Producción,"2.169,61",1
Producción,"2.170,42",1
Producción,"2.170,50",1
Producción,"2.170,70",1
Producción,"2.170,84",1
Producción,"2.172,00",1
Producción,"2.172,50",1
Producción,"2.173,81",1
Producción,"2.173,86",1
Producción,"2.174,40",1
Producción,"2.177,50",1
Producción,"2.177,77",1
Producción,"2.178,10",1
Producción,"2.180,41",1
Producción,"2.181,36",1
Producción,"2.182,00",1
Producción,"2.183,10",1
Producción,"2.185,50",1
Producción,"2.186,00",1
Producción,"2.187,00",1
Producción,"2.187,46",1
Producción,"2.188,80",1
Producción,"2.190,58",1
Producción,"2.191,98",1
Producción,"2.192,20",1
Producción,"2.194,00",1
Producción,"2.194,50",1
Producción,"2.195,32",1
Producción,"2.195,55",1
Producción,"2.195,60",1
Producción,"2.197,20",1
Producción,"2.197,60",1
Producción,"2.198,00",1
Producción,"2.198,60",1
Producción,"2.199,00",1
Producción,"2.199,60",1
Producción,"2.199,75",1
Producción,"2.201,90",1
Producción,"2.202,50",1
Producción,"2.203,00",1
Producción,"2.203,20",1
Producción,"2.203,53",1
Producción,"2.204,30",1
Producción,"2.204,67",1
Producción,"2.206,00",1
Producción,"2.207,45",1
Producción,"2.207,46",1
Producción,"2.209,00",1
Producción,"2.212,10",1
Producción,"2.212,50",1
Producción,"2.212,72",1
Producción,"2.213,40",1
Producción,"2.214,25",1
Producción,"2.215,50",1
Producción,"2.217,25",1
Producción,"2.217,60",1
Producción,"2.219,10",1
Producción,"2.219,87",1
Producción,"2.220,25",1
Producción,"2.221,27",1
Producción,"2.222,00",1
Producción,"2.224,00",1
Producción,"2.224,56",1
Producción,"2.225,00",1
Producción,"2.225,60",1
Producción,"2.225,69",1
Producción,"2.227,00",1
Producción,"2.227,68",1
Producción,"2.228,95",1
Producción,"2.229,50",1
Producción,"2.229,80",1
Producción,"2.230,35",1
Producción,"2.231,33",1
Producción,"2.232,25",1
Producción,"2.236,00",1
Producción,"2.236,08",1
Producción,"2.236,27",1
Producción,"2.237,29",1
Producción,"2.237,46",1
Producción,"2.237,50",1
Producción,"2.237,95",1
Producción,"2.241,00",1
Producción,"2.242,66",1
Producción,"2.243,50",1
Producción,"2.243,51",1
Producción,"2.244,24",1
Producción,"2.244,80",1
Producción,"2.245,00",1
Producción,"2.245,79",1
Producción,"2.246,00",1
Producción,"2.246,40",1
Producción,"2.247,12",1
Producción,"2.247,80",1
Producción,"2.248,73",1
Producción,"2.249,00",1
Producción,"2.249,60",1
Producción,"2.251,52",1
Producción,"2.252,00",1
Producción,"2.253,05",1
Producción,"2.255,73",1
Producción,"2.257,45",1
Producción,"2.258,30",1
Producción,"2.259,00",1
Producción,"2.260,87",1
Producción,"2.261,00",1
Producción,"2.261,13",1
Producción,"2.261,25",1
Producción,"2.262,50",1
Producción,"2.262,65",1
Producción,"2.263,20",1
Producción,"2.263,38",1
Producción,"2.263,66",1
Producción,"2.264,00",1
Producción,"2.264,15",1
Producción,"2.264,50",1
Producción,"2.267,34",1
Producción,"2.267,70",1
Producción,"2.268,48",1
Producción,"2.268,96",1
Producción,"2.270,00",1
Producción,"2.270,17",1
Producción,"2.270,45",1
Producción,"2.272,08",1
Producción,"2.272,09",1
Producción,"2.273,45",1
Producción,"2.274,00",1
Producción,"2.274,09",1
Producción,"2.274,32",1
Producción,"2.274,60",1
Producción,"2.280,42",1
Producción,"2.282,00",1
Producción,"2.282,06",1
Producción,"2.285,00",1
Producción,"2.285,22",1
Producción,"2.286,00",1
Producción,"2.287,50",1
Producción,"2.287,60",1
Producción,"2.288,50",1
Producción,"2.289,56",1
Producción,"2.290,20",1
Producción,"2.291,10",1
Producción,"2.291,52",1
Producción,"2.291,85",1
Producción,"2.293,60",1
Producción,"2.295,64",1
Producción,"2.299,00",1
Producción,"2.299,55",1
Producción,"2.303,88",1
Producción,"2.304,02",1
Producción,"2.304,07",1
Producción,"2.305,03",1
Producción,"2.305,24",1
Producción,"2.306,40",1
Producción,"2.307,00",1
Producción,"2.308,61",1
Producción,"2.308,80",1
Producción,"2.310,27",1
Producción,"2.310,62",1
Producción,"2.310,80",1
Producción,"2.311,78",1
Producción,"2.313,08",1
Producción,"2.313,30",1
Producción,"2.313,87",1
Producción,"2.314,55",1
Producción,"2.317,88",1
Producción,"2.320,50",1
Producción,"2.321,00",1
Producción,"2.323,00",1
Producción,"2.324,00",1
Producción,"2.324,40",1
Producción,"2.326,91",1
Producción,"2.327,50",1
Producción,"2.327,64",1
Producción,"2.327,84",1
Producción,"2.328,90",1
Producción,"2.329,20",1
Producción,"2.330,50",1
Producción,"2.332,76",1
Producción,"2.334,00",1
Producción,"2.334,24",1
Producción,"2.335,98",1
Producción,"2.338,00",1
Producción,"2.340,57",1
Producción,"2.341,00",1
Producción,"2.341,50",1
Producción,"2.344,30",1
Producción,"2.345,15",1
Producción,"2.345,25",1
Producción,"2.346,04",1
Producción,"2.347,12",1
Producción,"2.347,27",1
Producción,"2.348,28",1
Producción,"2.349,15",1
Producción,"2.349,20",1
Producción,"2.349,50",1
Producción,"2.350,80",1
Producción,"2.350,95",1
Producción,"2.351,25",1
Producción,"2.351,38",1
Producción,"2.352,50",1
Producción,"2.353,00",1
Producción,"2.353,51",1
Producción,"2.354,80",1
Producción,"2.355,60",1
Producción,"2.355,70",1
Producción,"2.356,00",1
Producción,"2.356,17",1
Producción,"2.357,31",1
Producción,"2.359,80",1
Producción,"2.362,50",1
Producción,"2.363,00",1
Producción,"2.363,04",1
Producción,"2.364,41",1
Producción,"2.366,00",1
Producción,"2.367,00",1
Producción,"2.367,42",1
Producción,"2.367,48",1
Producción,"2.373,10",1
Producción,"2.373,50",1
Producción,"2.374,40",1
Producción,"2.375,40",1
Producción,"2.376,90",1
Producción,"2.377,50",1
Producción,"2.378,60",1
Producción,"2.379,50",1
Producción,"2.381,80",1
Producción,"2.382,00",1
Producción,"2.382,85",1
Producción,"2.385,60",1
Producción,"2.391,20",1
Producción,"2.391,34",1
Producción,"2.391,93",1
Producción,"2.392,60",1
Producción,"2.393,68",1
Producción,"2.394,90",1
Producción,"2.395,00",1
Producción,"2.398,00",1
Producción,"2.398,50",1
Producción,"2.398,60",1
Producción,"2.399,46",1
Producción,"2.400,23",1
Producción,"2.400,33",1
Producción,"2.401,20",1
Producción,"2.401,98",1
Producción,"2.402,34",1
Producción,"2.402,40",1
Producción,"2.404,50",1
Producción,"2.405,00",1
Producción,"2.406,18",1
Producción,"2.406,23",1
Producción,"2.406,93",1
Producción,"2.409,00",1
Producción,"2.409,91",1
Producción,"2.416,38",1
Producción,"2.416,80",1
Producción,"2.418,00",1
Producción,"2.418,80",1
Producción,"2.422,50",1
Producción,"2.423,16",1
Producción,"2.424,40",1
Producción,"2.425,50",1
Producción,"2.426,50",1
Producción,"2.427,60",1
Producción,"2.429,94",1
Producción,"2.431,00",1
Producción,"2.431,17",1
Producción,"2.435,88",1
Producción,"2.437,00",1
Producción,"2.438,00",1
Producción,"2.438,20",1
Producción,"2.438,40",1
Producción,"2.440,96",1
Producción,"2.441,83",1
Producción,"2.442,00",1
Producción,"2.442,90",1
Producción,"2.443,91",1
Producción,"2.447,58",1
Producción,"2.449,50",1
Producción,"2.450,55",1
Producción,"2.450,57",1
Producción,"2.451,00",1
Producción,"2.451,38",1
Producción,"2.452,00",1
Producción,"2.453,78",1
Producción,"2.454,68",1
Producción,"2.459,00",1
Producción,"2.460,20",1
Producción,"2.461,00",1
Producción,"2.462,40",1
Producción,"2.464,26",1
Producción,"2.465,00",1
Producción,"2.467,25",1
Producción,"2.467,50",1
Producción,"2.468,58",1
Producción,"2.468,75",1
Producción,"2.470,04",1
Producción,"2.471,83",1
Producción,"2.472,00",1
Producción,"2.473,50",1
Producción,"2.473,80",1
Producción,"2.473,90",1
Producción,"2.474,40",1
Producción,"2.475,50",1
Producción,"2.476,02",1
Producción,"2.476,80",1
Producción,"2.477,64",1
Producción,"2.478,00",1
Producción,"2.479,40",1
Producción,"2.480,38",1
Producción,"2.481,36",1
Producción,"2.481,88",1
Producción,"2.482,46",1
Producción,"2.482,50",1
Producción,"2.483,60",1
Producción,"2.485,70",1
Producción,"2.486,00",1
Producción,"2.489,00",1
Producción,"2.489,65",1
Producción,"2.490,00",1
Producción,"2.490,67",1
Producción,"2.492,00",1
Producción,"2.495,00",1
Producción,"2.495,34",1
Producción,"2.495,67",1
Producción,"2.496,25",1
Producción,"2.498,66",1
Producción,"2.500,50",1
Producción,"2.501,59",1
Producción,"2.503,00",1
Producción,"2.504,00",1
Producción,"2.507,40",1
Producción,"2.509,15",1
Producción,"2.509,80",1
Producción,"2.511,30",1
Producción,"2.512,00",1
Producción,"2.512,98",1
Producción,"2.514,00",1
Producción,"2.514,37",1
Producción,"2.516,00",1
Producción,"2.517,14",1
Producción,"2.517,35",1
Producción,"2.518,88",1
Producción,"2.519,82",1
Producción,"2.521,50",1
Producción,"2.522,53",1
Producción,"2.523,20",1
Producción,"2.524,00",1
Producción,"2.524,97",1
Producción,"2.525,12",1
Producción,"2.526,50",1
Producción,"2.528,40",1
Producción,"2.529,00",1
Producción,"2.529,74",1
Producción,"2.529,80",1
Producción,"2.532,94",1
Producción,"2.537,08",1
Producción,"2.537,76",1
Producción,"2.538,24",1
Producción,"2.538,90",1
Producción,"2.539,68",1
Producción,"2.539,90",1
Producción,"2.540,11",1
Producción,"2.543,06",1
Producción,"2.545,00",1
Producción,"2.545,84",1
Producción,"2.549,91",1
Producción,"2.550,50",1
Producción,"2.553,00",1
Producción,"2.553,20",1
Producción,"2.555,34",1
Producción,"2.558,50",1
Producción,"2.559,00",1
Producción,"2.559,60",1
Producción,"2.560,20",1
Producción,"2.562,00",1
Producción,"2.562,50",1
Producción,"2.563,00",1
Producción,"2.564,00",1
Producción,"2.564,80",1
Producción,"2.565,60",1
Producción,"2.565,64",1
Producción,"2.565,71",1
Producción,"2.565,99",1
Producción,"2.566,15",1
Producción,"2.566,20",1
Producción,"2.567,00",1
Producción,"2.569,50",1
Producción,"2.570,00",1
Producción,"2.570,25",1
Producción,"2.571,45",1
Producción,"2.572,00",1
Producción,"2.573,90",1
Producción,"2.577,00",1
Producción,"2.579,00",1
Producción,"2.580,15",1
Producción,"2.580,26",1
Producción,"2.580,42",1
Producción,"2.581,60",1
Producción,"2.582,10",1
Producción,"2.582,40",1
Producción,"2.583,00",1
Producción,"2.583,60",1
Producción,"2.584,25",1
Producción,"2.586,52",1
Producción,"2.587,00",1
Producción,"2.588,40",1
Producción,"2.592,27",1
Producción,"2.593,06",1
Producción,"2.593,81",1
Producción,"2.595,45",1
Producción,"2.596,28",1
Producción,"2.599,54",1
Producción,"2.600,18",1
Producción,"2.601,44",1
Producción,"2.601,50",1
Producción,"2.602,60",1
Producción,"2.603,04",1
Producción,"2.604.120,00",1
Producción,"2.605,50",1
Producción,"2.605,92",1
Producción,"2.607,00",1
Producción,"2.608,50",1
Producción,"2.609,00",1
Producción,"2.609,84",1
Producción,"2.610,40",1
Producción,"2.612,52",1
Producción,"2.612,58",1
Producción,"2.612,60",1
Producción,"2.613,00",1
Producción,"2.615,57",1
Producción,"2.615,69",1
Producción,"2.616,00",1
Producción,"2.619,00",1
Producción,"2.621,57",1
Producción,"2.621,70",1
Producción,"2.623,68",1
Producción,"2.624,09",1
Producción,"2.624,88",1
Producción,"2.625,48",1
Producción,"2.625,60",1
Producción,"2.626,00",1
Producción,"2.627,00",1
Producción,"2.628,16",1
Producción,"2.628,18",1
Producción,"2.628,20",1
Producción,"2.629,37",1
Producción,"2.629,47",1
Producción,"2.631,77",1
Producción,"2.631,84",1
Producción,"2.632,08",1
Producción,"2.634,00",1
Producción,"2.634,75",1
Producción,"2.634,80",1
Producción,"2.637,50",1
Producción,"2.638,52",1
Producción,"2.638,72",1
Producción,"2.640,32",1
Producción,"2.640,60",1
Producción,"2.641,10",1
Producción,"2.641,80",1
Producción,"2.644,00",1
Producción,"2.647,60",1
Producción,"2.650,20",1
Producción,"2.651,97",1
Producción,"2.652,00",1
Producción,"2.652,51",1
Producción,"2.654,00",1
Producción,"2.654,24",1
Producción,"2.657,34",1
Producción,"2.657,37",1
Producción,"2.657,50",1
Producción,"2.657,68",1
Producción,"2.658,00",1
Producción,"2.659,27",1
Producción,"2.659,60",1
Producción,"2.661,60",1
Producción,"2.662,00",1
Producción,"2.663,53",1
Producción,"2.666,00",1
Producción,"2.667,00",1
Producción,"2.668,00",1
Producción,"2.668,80",1
Producción,"2.670,99",1
Producción,"2.671,00",1
Producción,"2.672,00",1
Producción,"2.673,60",1
Producción,"2.674,00",1
Producción,"2.676,00",1
Producción,"2.676,50",1
Producción,"2.677,00",1
Producción,"2.678,00",1
Producción,"2.680,30",1
Producción,"2.680,36",1
Producción,"2.682,50",1
Producción,"2.682,56",1
Producción,"2.684,50",1
Producción,"2.684,96",1
Producción,"2.685,00",1
Producción,"2.685,59",1
Producción,"2.685,60",1
Producción,"2.688,48",1
Producción,"2.688,58",1
Producción,"2.689,56",1
Producción,"2.690,08",1
Producción,"2.691,00",1
Producción,"2.691,78",1
Producción,"2.693,70",1
Producción,"2.694,00",1
Producción,"2.698,00",1
Producción,"2.702,00",1
Producción,"2.702,69",1
Producción,"2.703,47",1
Producción,"2.703,53",1
Producción,"2.704,00",1
Producción,"2.704,50",1
Producción,"2.705,40",1
Producción,"2.706,00",1
Producción,"2.706,60",1
Producción,"2.707,50",1
Producción,"2.707,60",1
Producción,"2.708,64",1
Producción,"2.710,00",1
Producción,"2.712,00",1
Producción,"2.713,20",1
Producción,"2.713,80",1
Producción,"2.715,21",1
Producción,"2.715,82",1
Producción,"2.717,48",1
Producción,"2.718,00",1
Producción,"2.718,32",1
Producción,"2.721,00",1
Producción,"2.724,80",1
Producción,"2.725,70",1
Producción,"2.726,00",1
Producción,"2.726,71",1
Producción,"2.727,00",1
Producción,"2.728,00",1
Producción,"2.728,08",1
Producción,"2.728,14",1
Producción,"2.729,30",1
Producción,"2.730,35",1
Producción,"2.732,48",1
Producción,"2.732,50",1
Producción,"2.732,85",1
Producción,"2.732,92",1
Producción,"2.733,64",1
Producción,"2.734,01",1
Producción,"2.734,20",1
Producción,"2.737,00",1
Producción,"2.739,00",1
Producción,"2.739,29",1
Producción,"2.739,98",1
Producción,"2.741,00",1
Producción,"2.741,99",1
Producción,"2.742,00",1
Producción,"2.742,98",1
Producción,"2.743,00",1
Producción,"2.743,20",1
Producción,"2.745,60",1
Producción,"2.746,00",1
Producción,"2.746,48",1
Producción,"2.747,00",1
Producción,"2.748,21",1
Producción,"2.749,26",1
Producción,"2.749,32",1
Producción,"2.749,50",1
Producción,"2.750,67",1
Producción,"2.752,20",1
Producción,"2.753,82",1
Producción,"2.754,22",1
Producción,"2.755,00",1
Producción,"2.755,60",1
Producción,"2.757,53",1
Producción,"2.757,95",1
Producción,"2.758,00",1
Producción,"2.758,33",1
Producción,"2.758,36",1
Producción,"2.762,00",1
Producción,"2.763,00",1
Producción,"2.763,85",1
Producción,"2.764,00",1
Producción,"2.765,09",1
Producción,"2.767,54",1
Producción,"2.767,72",1
Producción,"2.768,37",1
Producción,"2.770,00",1
Producción,"2.771,00",1
Producción,"2.772,20",1
Producción,"2.772,52",1
Producción,"2.775,15",1
Producción,"2.776,40",1
Producción,"2.779,00",1
Producción,"2.779,83",1
Producción,"2.780,00",1
Producción,"2.781,00",1
Producción,"2.782,05",1
Producción,"2.783,20",1
Producción,"2.783,60",1
Producción,"2.783,70",1
Producción,"2.786,10",1
Producción,"2.788,50",1
Producción,"2.789,17",1
Producción,"2.789,20",1
Producción,"2.791,00",1
Producción,"2.792,00",1
Producción,"2.792,40",1
Producción,"2.793,00",1
Producción,"2.796,61",1
Producción,"2.796,80",1
Producción,"2.799,00",1
Producción,"2.799,36",1
Producción,"2.799,50",1
Producción,"2.800,37",1
Producción,"2.801,32",1
Producción,"2.801,50",1
Producción,"2.802,47",1
Producción,"2.802,80",1
Producción,"2.803,74",1
Producción,"2.804,00",1
Producción,"2.804,85",1
Producción,"2.805,00",1
Producción,"2.805,51",1
Producción,"2.807,21",1
Producción,"2.808,96",1
Producción,"2.809,00",1
Producción,"2.809,15",1
Producción,"2.810,00",1
Producción,"2.815,80",1
Producción,"2.817,00",1
Producción,"2.817,90",1
Producción,"2.818,00",1
Producción,"2.828,25",1
Producción,"2.829,00",1
Producción,"2.830,50",1
Producción,"2.831,01",1
Producción,"2.831,15",1
Producción,"2.832,20",1
Producción,"2.833,08",1
Producción,"2.836,15",1
Producción,"2.836,50",1
Producción,"2.837,20",1
Producción,"2.838,56",1
Producción,"2.841,60",1
Producción,"2.841,80",1
Producción,"2.842,08",1
Producción,"2.843,04",1
Producción,"2.843,50",1
Producción,"2.844,00",1
Producción,"2.845,20",1
Producción,"2.846,19",1
Producción,"2.847,00",1
Producción,"2.848,82",1
Producción,"2.849,00",1
Producción,"2.851,53",1
Producción,"2.852,00",1
Producción,"2.853,14",1
Producción,"2.853,18",1
Producción,"2.853,70",1
Producción,"2.853,75",1
Producción,"2.854,00",1
Producción,"2.856,88",1
Producción,"2.858,00",1
Producción,"2.859,50",1
Producción,"2.860,04",1
Producción,"2.862,32",1
Producción,"2.864,40",1
Producción,"2.864,43",1
Producción,"2.865,08",1
Producción,"2.865,70",1
Producción,"2.866,50",1
Producción,"2.867,88",1
Producción,"2.867,91",1
Producción,"2.869,75",1
Producción,"2.869,86",1
Producción,"2.869,94",1
Producción,"2.873,25",1
Producción,"2.873,85",1
Producción,"2.876,25",1
Producción,"2.876,40",1
Producción,"2.877,71",1
Producción,"2.879,80",1
Producción,"2.880,94",1
Producción,"2.881,20",1
Producción,"2.881,80",1
Producción,"2.882,00",1
Producción,"2.883,20",1
Producción,"2.884,93",1
Producción,"2.885,32",1
Producción,"2.885,40",1
Producción,"2.885,45",1
Producción,"2.885,57",1
Producción,"2.887,16",1
Producción,"2.887,30",1
Producción,"2.887,50",1
Producción,"2.887,90",1
Producción,"2.888,40",1
Producción,"2.891,00",1
Producción,"2.891,20",1
Producción,"2.891,70",1
Producción,"2.892,01",1
Producción,"2.892,31",1
Producción,"2.893,67",1
Producción,"2.896,10",1
Producción,"2.896,80",1
Producción,"2.901,40",1
Producción,"2.901,43",1
Producción,"2.901,60",1
Producción,"2.902,80",1
Producción,"2.903,87",1
Producción,"2.905,00",1
Producción,"2.906,01",1
Producción,"2.907,80",1
Producción,"2.908,30",1
Producción,"2.909,50",1
Producción,"2.911,13",1
Producción,"2.912,00",1
Producción,"2.912,40",1
Producción,"2.913,75",1
Producción,"2.914,50",1
Producción,"2.918,75",1
Producción,"2.920,45",1
Producción,"2.921,00",1
Producción,"2.921,60",1
Producción,"2.922,00",1
Producción,"2.926,00",1
Producción,"2.926,95",1
Producción,"2.927,70",1
Producción,"2.930,00",1
Producción,"2.931,02",1
Producción,"2.932,88",1
Producción,"2.934,15",1
Producción,"2.937,00",1
Producción,"2.938,00",1
Producción,"2.938,30",1
Producción,"2.939,20",1
Producción,"2.939,86",1
Producción,"2.940,60",1
Producción,"2.941,20",1
Producción,"2.942,00",1
Producción,"2.943,00",1
Producción,"2.943,50",1
Producción,"2.943,93",1
Producción,"2.944,50",1
Producción,"2.945,38",1
Producción,"2.947,00",1
Producción,"2.949,84",1
Producción,"2.950,62",1
Producción,"2.950,70",1
Producción,"2.953,50",1
Producción,"2.954,30",1
Producción,"2.955,00",1
Producción,"2.955,75",1
Producción,"2.955,94",1
Producción,"2.957,32",1
Producción,"2.959,32",1
Producción,"2.959,38",1
Producción,"2.961,25",1
Producción,"2.961.720,00",1
Producción,"2.962,72",1
Producción,"2.965,20",1
Producción,"2.966,70",1
Producción,"2.968,56",1
Producción,"2.969,86",1
Producción,"2.974,40",1
Producción,"2.976,00",1
Producción,"2.976,80",1
Producción,"2.978,50",1
Producción,"2.979,64",1
Producción,"2.984,00",1
Producción,"2.984,80",1
Producción,"2.986,50",1
Producción,"2.987,00",1
Producción,"2.989,00",1
Producción,"2.992,00",1
Producción,"2.994,00",1
Producción,"2.995,20",1
Producción,"2.995,55",1
Producción,"2.996,00",1
Producción,"2.997,40",1
Producción,"2.997,60",1
Producción,"2.999,70",1
Producción,"2.999,97",1
Producción,"20.072,15",1
Producción,"20.073,69",1
Producción,"20.080,00",1
Producción,"20.152,00",1
Producción,"20.160,00",1
Producción,"20.184,00",1
Producción,"20.198,70",1
Producción,"20.205,00",1
Producción,"20.251,03",1
Producción,"20.256,00",1
Producción,"20.298,21",1
Producción,"20.322,00",1
Producción,"20.328,00",1
Producción,"20.354,32",1
Producción,"20.372,02",1
Producción,"20.416,00",1
Producción,"20.422,00",1
Producción,"20.425,00",1
Producción,"20.426,00",1
Producción,"20.430,00",1
Producción,"20.448,00",1
Producción,"20.448,98",1
Producción,"20.450,00",1
Producción,"20.458,00",1
Producción,"20.492,00",1
Producción,"20.500,00",1
Producción,"20.514,36",1
Producción,"20.520,00",1
Producción,"20.540,00",1
Producción,"20.549,50",1
Producción,"20.557,49",1
Producción,"20.580,00",1
Producción,"20.584,62",1
Producción,"20.597,50",1
Producción,"20.625,00",1
Producción,"20.690,00",1
Producción,"20.740,00",1
Producción,"20.744,60",1
Producción,"20.760,00",1
Producción,"20.776,00",1
Producción,"20.784,00",1
Producción,"20.800,00",1
Producción,"20.848,00",1
Producción,"20.853,20",1
Producción,"20.895,00",1
Producción,"20.896,00",1
Producción,"20.920,50",1
Producción,"20.925,00",1
Producción,"20.937,42",1
Producción,"20.950,40",1
Producción,"20.973,75",1
Producción,"202.057,20",1
Producción,"206.642,97",1
Producción,"207.000,00",1
Producción,"208.000,00",1
Producción,"208.270,08",1
Producción,"21.000,20",1
Producción,"21.024,00",1
Producción,"21.035,00",1
Producción,"21.045,00",1
Producción,"21.060,00",1
Producción,"21.062,30",1
Producción,"21.074,68",1
Producción,"21.084,42",1
Producción,"21.099,10",1
Producción,"21.105,00",1
Producción,"21.140,35",1
Producción,"21.150,00",1
Producción,"21.176,31",1
Producción,"21.250,00",1
Producción,"21.283,67",1
Producción,"21.297,87",1
Producción,"21.300,00",1
Producción,"21.320,00",1
Producción,"21.360,00",1
Producción,"21.390,00",1
Producción,"21.408,00",1
Producción,"21.409,78",1
Producción,"21.433,79",1
Producción,"21.437,52",1
Producción,"21.455,00",1
Producción,"21.460,00",1
Producción,"21.470,00",1
Producción,"21.480,00",1
Producción,"21.527,49",1
Producción,"21.552,00",1
Producción,"21.598,77",1
Producción,"21.650,90",1
Producción,"21.658,00",1
Producción,"21.660,00",1
Producción,"21.749,00",1
Producción,"21.760,00",1
Producción,"21.761,30",1
Producción,"21.767,40",1
Producción,"21.768,00",1
Producción,"21.775,00",1
Producción,"21.804,00",1
Producción,"21.812,50",1
Producción,"21.840,00",1
Producción,"21.843,15",1
Producción,"21.850,00",1
Producción,"21.877,41",1
Producción,"21.881,79",1
Producción,"21.888,00",1
Producción,"21.931,58",1
Producción,"21.942,00",1
Producción,"21.952,00",1
Producción,"21.971,00",1
Producción,"21.983,00",1
Producción,"210.600,00",1
Producción,"211.140,00",1
Producción,"213.888,00",1
Producción,"214.800,00",1
Producción,"216.840,00",1
Producción,"219.840,00",1
Producción,"22.030,00",1
Producción,"22.040,00",1
Producción,"22.050,00",1
Producción,"22.088,00",1
Producción,"22.098,00",1
Producción,"22.120,11",1
Producción,"22.134,05",1
Producción,"22.183,20",1
Producción,"22.206,04",1
Producción,"22.209,00",1
Producción,"22.230,00",1
Producción,"22.264,00",1
Producción,"22.275,00",1
Producción,"22.302,00",1
Producción,"22.310,40",1
Producción,"22.348,00",1
Producción,"22.353,50",1
Producción,"22.372,00",1
Producción,"22.398,00",1
Producción,"22.407,70",1
Producción,"22.432,90",1
Producción,"22.440,00",1
Producción,"22.470,00",1
Producción,"22.498,00",1
Producción,"22.524,00",1
Producción,"22.525,00",1
Producción,"22.540,00",1
Producción,"22.572,00",1
Producción,"22.575,00",1
Producción,"22.584,80",1
Producción,"22.589,60",1
Producción,"22.638,00",1
Producción,"22.680,00",1
Producción,"22.682,00",1
Producción,"22.728,00",1
Producción,"22.747,28",1
Producción,"22.780,00",1
Producción,"22.824,00",1
Producción,"22.836,00",1
Producción,"22.848,29",1
Producción,"22.848,70",1
Producción,"22.860,00",1
Producción,"22.890,00",1
Producción,"22.910,50",1
Producción,"22.960,00",1
Producción,"22.992,00",1
Producción,"221.875,00",1
Producción,"222.067,20",1
Producción,"223.740,00",1
Producción,"224.000,00",1
Producción,"224.128,20",1
Producción,"225.000,00",1
Producción,"229.120,00",1
Producción,"229.920,00",1
Producción,"23.020,60",1
Producción,"23.040,00",1
Producción,"23.050,65",1
Producción,"23.086,00",1
Producción,"23.103,82",1
Producción,"23.125,00",1
Producción,"23.136,00",1
Producción,"23.170,00",1
Producción,"23.190,00",1
Producción,"23.200,00",1
Producción,"23.220,00",1
Producción,"23.227,00",1
Producción,"23.232,00",1
Producción,"23.236,75",1
Producción,"23.240,70",1
Producción,"23.250,00",1
Producción,"23.255,98",1
Producción,"23.275,00",1
Producción,"23.277,00",1
Producción,"23.277,60",1
Producción,"23.280,00",1
Producción,"23.304,40",1
Producción,"23.306,30",1
Producción,"23.324,80",1
Producción,"23.328,42",1
Producción,"23.340,00",1
Producción,"23.346,96",1
Producción,"23.352,00",1
Producción,"23.374,00",1
Producción,"23.379,54",1
Producción,"23.411,30",1
Producción,"23.465,00",1
Producción,"23.478,00",1
Producción,"23.480,00",1
Producción,"23.512,00",1
Producción,"23.530,50",1
Producción,"23.530,69",1
Producción,"23.544,00",1
Producción,"23.550,24",1
Producción,"23.580,70",1
Producción,"23.587,42",1
Producción,"23.594,00",1
Producción,"23.600,00",1
Producción,"23.640,00",1
Producción,"23.652,00",1
Producción,"23.700,00",1
Producción,"23.712,00",1
Producción,"23.730,00",1
Producción,"23.733,00",1
Producción,"23.745,00",1
Producción,"23.750,00",1
Producción,"23.770,50",1
Producción,"23.820,00",1
Producción,"23.826,00",1
Producción,"23.836,80",1
Producción,"23.850,00",1
Producción,"23.880,00",1
Producción,"23.895,00",1
Producción,"23.960,00",1
Producción,"23.980,00",1
Producción,"230.900,00",1
Producción,"231.313,50",1
Producción,"232.303,50",1
Producción,"232.500,00",1
Producción,"232.900,00",1
Producción,"233.300,00",1
Producción,"233.500,00",1
Producción,"233.520,57",1
Producción,"237.600,00",1
Producción,"238.828,50",1
Producción,"238.950,00",1
Producción,"24.018,00",1
Producción,"24.024,00",1
Producción,"24.060,00",1
Producción,"24.106,50",1
Producción,"24.120,00",1
Producción,"24.160,00",1
Producción,"24.167,50",1
Producción,"24.170,00",1
Producción,"24.184,50",1
Producción,"24.191,85",1
Producción,"24.195,90",1
Producción,"24.240,00",1
Producción,"24.250,00",1
Producción,"24.270,40",1
Producción,"24.292,06",1
Producción,"24.300,00",1
Producción,"24.368,58",1
Producción,"24.375,00",1
Producción,"24.390,00",1
Producción,"24.395,00",1
Producción,"24.436,83",1
Producción,"24.472,00",1
Producción,"24.497,00",1
Producción,"24.508,00",1
Producción,"24.510,60",1
Producción,"24.511,02",1
Producción,"24.540,00",1
Producción,"24.554,46",1
Producción,"24.622,20",1
Producción,"24.627,40",1
Producción,"24.651,90",1
Producción,"24.667,50",1
Producción,"24.696,00",1
Producción,"24.726,00",1
Producción,"24.744,00",1
Producción,"24.828,00",1
Producción,"24.833,00",1
Producción,"24.836,00",1
Producción,"24.840,00",1
Producción,"24.857,00",1
Producción,"24.924,81",1
Producción,"24.969,02",1
Producción,"240.000,00",1
Producción,"241.650,00",1
Producción,"242.970,57",1
Producción,"243.285,00",1
Producción,"243.750,00",1
Producción,"244.065,00",1
Producción,"244.365,00",1
Producción,"244.640,00",1
Producción,"245.430,00",1
Producción,"245.500,00",1
Producción,"245.670,57",1
Producción,"247.200,00",1
Producción,"25.029,48",1
Producción,"25.044,00",1
Producción,"25.046,00",1
Producción,"25.048,08",1
Producción,"25.060,00",1
Producción,"25.065,00",1
Producción,"25.110,00",1
Producción,"25.140,00",1
Producción,"25.162,80",1
Producción,"25.164,00",1
Producción,"25.172,53",1
Producción,"25.197,00",1
Producción,"25.207,68",1
Producción,"25.208,00",1
Producción,"25.247,20",1
Producción,"25.285,00",1
Producción,"25.320,00",1
Producción,"25.326,00",1
Producción,"25.340,48",1
Producción,"25.358,48",1
Producción,"25.360,00",1
Producción,"25.410,00",1
Producción,"25.423,30",1
Producción,"25.424,00",1
Producción,"25.480,00",1
Producción,"25.510,00",1
Producción,"25.530,00",1
Producción,"25.614,00",1
Producción,"25.650,00",1
Producción,"25.691,00",1
Producción,"25.812,50",1
Producción,"25.835,60",1
Producción,"25.872,00",1
Producción,"25.900,00",1
Producción,"25.950,00",1
Producción,"25.960,00",1
Producción,"25.970,00",1
Producción,"257.865,00",1
Producción,"26.025,00",1
Producción,"26.040,00",1
Producción,"26.067,00",1
Producción,"26.071,50",1
Producción,"26.100,00",1
Producción,"26.151,60",1
Producción,"26.158,00",1
Producción,"26.159,00",1
Producción,"26.160,00",1
Producción,"26.175,00",1
Producción,"26.180,00",1
Producción,"26.196,00",1
Producción,"26.203,44",1
Producción,"26.203,50",1
Producción,"26.240,00",1
Producción,"26.290,50",1
Producción,"26.301,60",1
Producción,"26.340,30",1
Producción,"26.462,50",1
Producción,"26.476,50",1
Producción,"26.500,00",1
Producción,"26.550,00",1
Producción,"26.568,00",1
Producción,"26.575,00",1
Producción,"26.670,00",1
Producción,"26.701,88",1
Producción,"26.735,18",1
Producción,"26.800,00",1
Producción,"26.803,00",1
Producción,"26.820,00",1
Producción,"26.822,12",1
Producción,"26.844,00",1
Producción,"26.880,00",1
Producción,"26.928,00",1
Producción,"26.940,00",1
Producción,"26.950,00",1
Producción,"26.972,00",1
Producción,"260.000,00",1
Producción,"260.040,00",1
Producción,"261.400,00",1
Producción,"266.250,00",1
Producción,"267.360,00",1
Producción,"27.060,00",1
Producción,"27.080,00",1
Producción,"27.104,00",1
Producción,"27.120,00",1
Producción,"27.150,00",1
Producción,"27.180,30",1
Producción,"27.198,00",1
Producción,"27.216,00",1
Producción,"27.225,00",1
Producción,"27.366,40",1
Producción,"27.390,00",1
Producción,"27.400,60",1
Producción,"27.430,00",1
Producción,"27.446,80",1
Producción,"27.450,00",1
Producción,"27.460,50",1
Producción,"27.495,00",1
Producción,"27.511,00",1
Producción,"27.560,00",1
Producción,"27.604,50",1
Producción,"27.624,00",1
Producción,"27.675,00",1
Producción,"27.680,00",1
Producción,"27.780,00",1
Producción,"27.810,00",1
Producción,"27.880,00",1
Producción,"27.885,00",1
Producción,"27.900,00",1
Producción,"27.904,50",1
Producción,"27.916,00",1
Producción,"27.972,00",1
Producción,"274.063,50",1
Producción,"275.400,00",1
Producción,"275.880,00",1
Producción,"276.000,00",1
Producción,"28.006,00",1
Producción,"28.015,00",1
Producción,"28.020,00",1
Producción,"28.050,00",1
Producción,"28.054,40",1
Producción,"28.094,00",1
Producción,"28.094,50",1
Producción,"28.104,00",1
Producción,"28.160,00",1
Producción,"28.164,00",1
Producción,"28.249,00",1
Producción,"28.278,50",1
Producción,"28.349,00",1
Producción,"28.350,00",1
Producción,"28.370,00",1
Producción,"28.380,00",1
Producción,"28.400,00",1
Producción,"28.410,00",1
Producción,"28.416,00",1
Producción,"28.424,00",1
Producción,"28.441,00",1
Producción,"28.490,00",1
Producción,"28.497,00",1
Producción,"28.510,00",1
Producción,"28.518,22",1
Producción,"28.530,00",1
Producción,"28.556,16",1
Producción,"28.584,00",1
Producción,"28.625,54",1
Producción,"28.644,00",1
Producción,"28.668,75",1
Producción,"28.710,00",1
Producción,"28.720,00",1
Producción,"28.728,00",1
Producción,"28.750,00",1
Producción,"28.900,00",1
Producción,"28.910,00",1
Producción,"28.922,00",1
Producción,"28.939,00",1
Producción,"28.942,00",1
Producción,"28.980,00",1
Producción,"29.028,00",1
Producción,"29.040,00",1
Producción,"29.046,00",1
Producción,"29.100,00",1
Producción,"29.145,00",1
Producción,"29.150,00",1
Producción,"29.176,00",1
Producción,"29.184,00",1
Producción,"29.192,00",1
Producción,"29.280,00",1
Producción,"29.330,00",1
Producción,"29.333,50",1
Producción,"29.340,00",1
Producción,"29.374,00",1
Producción,"29.375,84",1
Producción,"29.399,70",1
Producción,"29.464,50",1
Producción,"29.484,00",1
Producción,"29.500,00",1
Producción,"29.510,00",1
Producción,"29.520,00",1
Producción,"29.532,00",1
Producción,"29.606,40",1
Producción,"29.646,50",1
Producción,"29.650,00",1
Producción,"29.678,00",1
Producción,"29.687,00",1
Producción,"29.715,00",1
Producción,"29.746,00",1
Producción,"29.750,00",1
Producción,"29.760,00",1
Producción,"29.792,40",1
Producción,"29.800,00",1
Producción,"29.880,00",1
Producción,"29.927,40",1
Producción,"29.929,20",1
Producción,"29.984,50",1
Producción,"290.000,00",1
Producción,"293.940,00",1
Producción,"294.400,00",1
Producción,"3.000,23",1
Producción,"3.000,60",1
Producción,"3.001,50",1
Producción,"3.003,75",1
Producción,"3.004,84",1
Producción,"3.005,00",1
Producción,"3.008,00",1
Producción,"3.012,00",1
Producción,"3.012,05",1
Producción,"3.012.302,00",1
Producción,"3.013,19",1
Producción,"3.013,50",1
Producción,"3.014,00",1
Producción,"3.015,50",1
Producción,"3.016,50",1
Producción,"3.016,65",1
Producción,"3.019,00",1
Producción,"3.024,98",1
Producción,"3.026,70",1
Producción,"3.027,00",1
Producción,"3.028,00",1
Producción,"3.030,40",1
Producción,"3.032,00",1
Producción,"3.033,20",1
Producción,"3.035,76",1
Producción,"3.036,19",1
Producción,"3.036,62",1
Producción,"3.036,80",1
Producción,"3.037,50",1
Producción,"3.037,76",1
Producción,"3.038,12",1
Producción,"3.041,84",1
Producción,"3.042,51",1
Producción,"3.042,75",1
Producción,"3.043,33",1
Producción,"3.047,00",1
Producción,"3.049,20",1
Producción,"3.049,50",1
Producción,"3.050,41",1
Producción,"3.050,75",1
Producción,"3.052,00",1
Producción,"3.052,35",1
Producción,"3.052,54",1
Producción,"3.054,00",1
Producción,"3.054,80",1
Producción,"3.056,08",1
Producción,"3.057,00",1
Producción,"3.058,58",1
Producción,"3.059,90",1
Producción,"3.060,25",1
Producción,"3.060,50",1
Producción,"3.060,90",1
Producción,"3.067,02",1
Producción,"3.068,00",1
Producción,"3.069,00",1
Producción,"3.070,00",1
Producción,"3.072,00",1
Producción,"3.073,74",1
Producción,"3.079,99",1
Producción,"3.082,50",1
Producción,"3.082,90",1
Producción,"3.089,00",1
Producción,"3.091,20",1
Producción,"3.093,58",1
Producción,"3.094,00",1
Producción,"3.097,25",1
Producción,"3.098,00",1
Producción,"3.098,76",1
Producción,"3.103,00",1
Producción,"3.107,00",1
Producción,"3.109,00",1
Producción,"3.109,20",1
Producción,"3.109,41",1
Producción,"3.109,61",1
Producción,"3.110,00",1
Producción,"3.111,00",1
Producción,"3.112,20",1
Producción,"3.112,63",1
Producción,"3.112,90",1
Producción,"3.114,55",1
Producción,"3.114,80",1
Producción,"3.117,50",1
Producción,"3.119,48",1
Producción,"3.119,76",1
Producción,"3.123,79",1
Producción,"3.124,00",1
Producción,"3.126,00",1
Producción,"3.126,64",1
Producción,"3.127,28",1
Producción,"3.128,83",1
Producción,"3.129,00",1
Producción,"3.129,95",1
Producción,"3.130,40",1
Producción,"3.132,00",1
Producción,"3.134,22",1
Producción,"3.136,10",1
Producción,"3.136,88",1
Producción,"3.138,00",1
Producción,"3.139,60",1
Producción,"3.139,85",1
Producción,"3.140,20",1
Producción,"3.140,45",1
Producción,"3.142,30",1
Producción,"3.142,92",1
Producción,"3.143,00",1
Producción,"3.143,62",1
Producción,"3.143,70",1
Producción,"3.146,51",1
Producción,"3.146,52",1
Producción,"3.147,50",1
Producción,"3.148,00",1
Producción,"3.153,34",1
Producción,"3.154,20",1
Producción,"3.156,00",1
Producción,"3.156,30",1
Producción,"3.157,00",1
Producción,"3.157,26",1
Producción,"3.157,55",1
Producción,"3.159,00",1
Producción,"3.162,75",1
Producción,"3.162,88",1
Producción,"3.163,00",1
Producción,"3.163,20",1
Producción,"3.163,95",1
Producción,"3.165,00",1
Producción,"3.165,72",1
Producción,"3.166,00",1
Producción,"3.170,00",1
Producción,"3.173,00",1
Producción,"3.175,22",1
Producción,"3.177,30",1
Producción,"3.178,00",1
Producción,"3.178,50",1
Producción,"3.180,27",1
Producción,"3.182,40",1
Producción,"3.183,94",1
Producción,"3.185,38",1
Producción,"3.185,60",1
Producción,"3.185,76",1
Producción,"3.188,00",1
Producción,"3.190,03",1
Producción,"3.191,00",1
Producción,"3.196,02",1
Producción,"3.197,10",1
Producción,"3.197,16",1
Producción,"3.207,02",1
Producción,"3.208,50",1
Producción,"3.209,76",1
Producción,"3.211,20",1
Producción,"3.211,60",1
Producción,"3.213,60",1
Producción,"3.217,50",1
Producción,"3.218,00",1
Producción,"3.218,55",1
Producción,"3.221,41",1
Producción,"3.221,90",1
Producción,"3.224,00",1
Producción,"3.224,90",1
Producción,"3.225,70",1
Producción,"3.226,00",1
Producción,"3.226,72",1
Producción,"3.227,00",1
Producción,"3.229,20",1
Producción,"3.230,40",1
Producción,"3.232,39",1
Producción,"3.232,50",1
Producción,"3.234,00",1
Producción,"3.234,55",1
Producción,"3.234,66",1
Producción,"3.236,00",1
Producción,"3.239,00",1
Producción,"3.242,75",1
Producción,"3.243,00",1
Producción,"3.243,32",1
Producción,"3.243,60",1
Producción,"3.244,00",1
Producción,"3.244,18",1
Producción,"3.246,00",1
Producción,"3.247,00",1
Producción,"3.248,80",1
Producción,"3.249,36",1
Producción,"3.250,61",1
Producción,"3.251,20",1
Producción,"3.255,00",1
Producción,"3.255,31",1
Producción,"3.255,33",1
Producción,"3.256,00",1
Producción,"3.256,20",1
Producción,"3.260,56",1
Producción,"3.260,91",1
Producción,"3.261,30",1
Producción,"3.262,36",1
Producción,"3.262,50",1
Producción,"3.263,04",1
Producción,"3.266,00",1
Producción,"3.268,00",1
Producción,"3.268,65",1
Producción,"3.268,70",1
Producción,"3.270,52",1
Producción,"3.270,76",1
Producción,"3.275,00",1
Producción,"3.275,73",1
Producción,"3.275,99",1
Producción,"3.278,50",1
Producción,"3.279,40",1
Producción,"3.280,54",1
Producción,"3.281,34",1
Producción,"3.282,00",1
Producción,"3.283,20",1
Producción,"3.284,70",1
Producción,"3.286,50",1
Producción,"3.287,50",1
Producción,"3.288,00",1
Producción,"3.288,81",1
Producción,"3.290,76",1
Producción,"3.290,80",1
Producción,"3.292,01",1
Producción,"3.293,70",1
Producción,"3.297,00",1
Producción,"3.298,05",1
Producción,"3.298,40",1
Producción,"3.298,50",1
Producción,"3.299,10",1
Producción,"3.302,00",1
Producción,"3.303,00",1
Producción,"3.303,28",1
Producción,"3.305,50",1
Producción,"3.307,50",1
Producción,"3.308,00",1
Producción,"3.311,00",1
Producción,"3.315,60",1
Producción,"3.318,18",1
Producción,"3.319,05",1
Producción,"3.319,60",1
Producción,"3.320,26",1
Producción,"3.321,68",1
Producción,"3.322,00",1
Producción,"3.322,40",1
Producción,"3.322,49",1
Producción,"3.323,50",1
Producción,"3.324,80",1
Producción,"3.325,44",1
Producción,"3.328,00",1
Producción,"3.328,16",1
Producción,"3.332,00",1
Producción,"3.333,28",1
Producción,"3.334,50",1
Producción,"3.338,40",1
Producción,"3.338,92",1
Producción,"3.339,00",1
Producción,"3.342,00",1
Producción,"3.342,90",1
Producción,"3.343,00",1
Producción,"3.343,40",1
Producción,"3.344,80",1
Producción,"3.344,94",1
Producción,"3.345,73",1
Producción,"3.347,00",1
Producción,"3.347,40",1
Producción,"3.347,50",1
Producción,"3.352,96",1
Producción,"3.355,43",1
Producción,"3.356,20",1
Producción,"3.357,58",1
Producción,"3.359,77",1
Producción,"3.360,40",1
Producción,"3.361,40",1
Producción,"3.362,94",1
Producción,"3.364,00",1
Producción,"3.364,49",1
Producción,"3.365,58",1
Producción,"3.369,40",1
Producción,"3.370,00",1
Producción,"3.371,34",1
Producción,"3.371,97",1
Producción,"3.372,90",1
Producción,"3.374,50",1
Producción,"3.377,00",1
Producción,"3.378,00",1
Producción,"3.378,90",1
Producción,"3.379,20",1
Producción,"3.380,09",1
Producción,"3.381,20",1
Producción,"3.382,40",1
Producción,"3.383,00",1
Producción,"3.384,28",1
Producción,"3.384,50",1
Producción,"3.385,12",1
Producción,"3.387,00",1
Producción,"3.387,50",1
Producción,"3.388,71",1
Producción,"3.388,97",1
Producción,"3.389,40",1
Producción,"3.391,30",1
Producción,"3.394,60",1
Producción,"3.399,00",1
Producción,"3.399,43",1
Producción,"3.403,40",1
Producción,"3.404,00",1
Producción,"3.406,19",1
Producción,"3.409,00",1
Producción,"3.411,00",1
Producción,"3.412,50",1
Producción,"3.412,80",1
Producción,"3.414,00",1
Producción,"3.419,90",1
Producción,"3.423,37",1
Producción,"3.424,00",1
Producción,"3.425,80",1
Producción,"3.427,50",1
Producción,"3.429,21",1
Producción,"3.429,77",1
Producción,"3.431,96",1
Producción,"3.435,00",1
Producción,"3.435,75",1
Producción,"3.440,80",1
Producción,"3.441,00",1
Producción,"3.442,90",1
Producción,"3.444,00",1
Producción,"3.444,48",1
Producción,"3.445,83",1
Producción,"3.446,24",1
Producción,"3.446,65",1
Producción,"3.448,00",1
Producción,"3.450,82",1
Producción,"3.454,11",1
Producción,"3.455,76",1
Producción,"3.456,20",1
Producción,"3.458,14",1
Producción,"3.459,05",1
Producción,"3.462,33",1
Producción,"3.462,94",1
Producción,"3.464,30",1
Producción,"3.465,00",1
Producción,"3.465,60",1
Producción,"3.466,58",1
Producción,"3.467,10",1
Producción,"3.468,50",1
Producción,"3.468,96",1
Producción,"3.472,50",1
Producción,"3.472,56",1
Producción,"3.478,00",1
Producción,"3.479,00",1
Producción,"3.479,81",1
Producción,"3.481,00",1
Producción,"3.482,50",1
Producción,"3.484,00",1
Producción,"3.484,75",1
Producción,"3.485,43",1
Producción,"3.487,50",1
Producción,"3.488,00",1
Producción,"3.490,48",1
Producción,"3.490,50",1
Producción,"3.490,71",1
Producción,"3.491,20",1
Producción,"3.492,00",1
Producción,"3.493,00",1
Producción,"3.495,00",1
Producción,"3.498,56",1
Producción,"3.501,21",1
Producción,"3.504,50",1
Producción,"3.506,00",1
Producción,"3.511,00",1
Producción,"3.511,68",1
Producción,"3.513,00",1
Producción,"3.514,23",1
Producción,"3.515,40",1
Producción,"3.523,00",1
Producción,"3.523,73",1
Producción,"3.524,00",1
Producción,"3.527,30",1
Producción,"3.529,20",1
Producción,"3.530,00",1
Producción,"3.530,17",1
Producción,"3.531,50",1
Producción,"3.534,84",1
Producción,"3.535,70",1
Producción,"3.536,00",1
Producción,"3.537,71",1
Producción,"3.541,00",1
Producción,"3.541,45",1
Producción,"3.541,50",1
Producción,"3.541,59",1
Producción,"3.542,00",1
Producción,"3.543,00",1
Producción,"3.543,64",1
Producción,"3.544,10",1
Producción,"3.547,50",1
Producción,"3.547,60",1
Producción,"3.547,80",1
Producción,"3.548,00",1
Producción,"3.549,10",1
Producción,"3.550,75",1
Producción,"3.552,50",1
Producción,"3.555,63",1
Producción,"3.555,80",1
Producción,"3.556,32",1
Producción,"3.558,45",1
Producción,"3.558,47",1
Producción,"3.560,40",1
Producción,"3.566,00",1
Producción,"3.567,00",1
Producción,"3.568,00",1
Producción,"3.568,50",1
Producción,"3.572,00",1
Producción,"3.577,50",1
Producción,"3.578,50",1
Producción,"3.579,44",1
Producción,"3.581,50",1
Producción,"3.582,00",1
Producción,"3.585,00",1
Producción,"3.586,80",1
Producción,"3.588,00",1
Producción,"3.588,53",1
Producción,"3.589,00",1
Producción,"3.590,00",1
Producción,"3.591,68",1
Producción,"3.592,00",1
Producción,"3.592,50",1
Producción,"3.595,50",1
Producción,"3.597,00",1
Producción,"3.597,18",1
Producción,"3.599,51",1
Producción,"3.600,10",1
Producción,"3.600,60",1
Producción,"3.602,00",1
Producción,"3.603,20",1
Producción,"3.604,00",1
Producción,"3.604,50",1
Producción,"3.612,00",1
Producción,"3.616,82",1
Producción,"3.618,40",1
Producción,"3.624,57",1
Producción,"3.626,00",1
Producción,"3.629,48",1
Producción,"3.629,50",1
Producción,"3.632,00",1
Producción,"3.635,45",1
Producción,"3.635,80",1
Producción,"3.635,84",1
Producción,"3.636,00",1
Producción,"3.636,67",1
Producción,"3.637,71",1
Producción,"3.638,40",1
Producción,"3.642,08",1
Producción,"3.644,00",1
Producción,"3.644,85",1
Producción,"3.645,00",1
Producción,"3.645,60",1
Producción,"3.654,00",1
Producción,"3.660,48",1
Producción,"3.660,66",1
Producción,"3.663,00",1
Producción,"3.663,50",1
Producción,"3.665,00",1
Producción,"3.665,20",1
Producción,"3.667,00",1
Producción,"3.668,00",1
Producción,"3.670,00",1
Producción,"3.670,66",1
Producción,"3.672,00",1
Producción,"3.673,26",1
Producción,"3.678,50",1
Producción,"3.682,20",1
Producción,"3.683,00",1
Producción,"3.683,80",1
Producción,"3.685,50",1
Producción,"3.687,50",1
Producción,"3.691,71",1
Producción,"3.698,97",1
Producción,"3.703,00",1
Producción,"3.703,50",1
Producción,"3.704,00",1
Producción,"3.704,25",1
Producción,"3.706,00",1
Producción,"3.708,00",1
Producción,"3.708,40",1
Producción,"3.708,90",1
Producción,"3.712,28",1
Producción,"3.712,50",1
Producción,"3.712,80",1
Producción,"3.717,73",1
Producción,"3.718,00",1
Producción,"3.719,00",1
Producción,"3.722,40",1
Producción,"3.723,00",1
Producción,"3.726,37",1
Producción,"3.726,40",1
Producción,"3.726,98",1
Producción,"3.727,80",1
Producción,"3.727,91",1
Producción,"3.729,00",1
Producción,"3.732,22",1
Producción,"3.733,00",1
Producción,"3.733,20",1
Producción,"3.736,00",1
Producción,"3.736,96",1
Producción,"3.737,00",1
Producción,"3.738,60",1
Producción,"3.739,23",1
Producción,"3.741,00",1
Producción,"3.747,25",1
Producción,"3.752,18",1
Producción,"3.754,70",1
Producción,"3.757,00",1
Producción,"3.758,02",1
Producción,"3.761,00",1
Producción,"3.762,00",1
Producción,"3.767,29",1
Producción,"3.768,40",1
Producción,"3.768,91",1
Producción,"3.769,92",1
Producción,"3.772,00",1
Producción,"3.773,10",1
Producción,"3.777,61",1
Producción,"3.777,70",1
Producción,"3.778,85",1
Producción,"3.782,50",1
Producción,"3.783,00",1
Producción,"3.787,00",1
Producción,"3.787,50",1
Producción,"3.788,40",1
Producción,"3.790,15",1
Producción,"3.791,00",1
Producción,"3.792,60",1
Producción,"3.798,40",1
Producción,"3.801,00",1
Producción,"3.801,24",1
Producción,"3.806,00",1
Producción,"3.806,25",1
Producción,"3.807,40",1
Producción,"3.808,00",1
Producción,"3.811,00",1
Producción,"3.817,80",1
Producción,"3.818,00",1
Producción,"3.818,50",1
Producción,"3.822,30",1
Producción,"3.822,60",1
Producción,"3.827,00",1
Producción,"3.827,20",1
Producción,"3.828,00",1
Producción,"3.830,46",1
Producción,"3.831,00",1
Producción,"3.831,50",1
Producción,"3.835,00",1
Producción,"3.843,00",1
Producción,"3.843,02",1
Producción,"3.844,48",1
Producción,"3.846,86",1
Producción,"3.847,00",1
Producción,"3.848,40",1
Producción,"3.850,12",1
Producción,"3.851,90",1
Producción,"3.855,00",1
Producción,"3.859,70",1
Producción,"3.859,80",1
Producción,"3.861,00",1
Producción,"3.862,50",1
Producción,"3.862,60",1
Producción,"3.863,70",1
Producción,"3.872,53",1
Producción,"3.874,00",1
Producción,"3.878,83",1
Producción,"3.884,17",1
Producción,"3.886,59",1
Producción,"3.886,60",1
Producción,"3.892,00",1
Producción,"3.894,00",1
Producción,"3.898,60",1
Producción,"3.898,92",1
Producción,"3.900,96",1
Producción,"3.906,00",1
Producción,"3.910,60",1
Producción,"3.911,00",1
Producción,"3.911,40",1
Producción,"3.912,20",1
Producción,"3.914,00",1
Producción,"3.916,25",1
Producción,"3.916,90",1
Producción,"3.918,89",1
Producción,"3.921,09",1
Producción,"3.921,50",1
Producción,"3.925,23",1
Producción,"3.927,00",1
Producción,"3.928,00",1
Producción,"3.932,50",1
Producción,"3.933,23",1
Producción,"3.933,88",1
Producción,"3.934,00",1
Producción,"3.937,50",1
Producción,"3.940,47",1
Producción,"3.941,50",1
Producción,"3.942,18",1
Producción,"3.944,00",1
Producción,"3.945,00",1
Producción,"3.945,60",1
Producción,"3.946,79",1
Producción,"3.947,00",1
Producción,"3.952,00",1
Producción,"3.952,80",1
Producción,"3.954,00",1
Producción,"3.957,00",1
Producción,"3.957,50",1
Producción,"3.958,08",1
Producción,"3.959,10",1
Producción,"3.959,20",1
Producción,"3.964,00",1
Producción,"3.965,00",1
Producción,"3.965,97",1
Producción,"3.968,00",1
Producción,"3.972,50",1
Producción,"3.974,00",1
Producción,"3.975,35",1
Producción,"3.977,00",1
Producción,"3.978,00",1
Producción,"3.980,00",1
Producción,"3.982,50",1
Producción,"3.984,00",1
Producción,"3.985,00",1
Producción,"3.986,00",1
Producción,"3.986,50",1
Producción,"3.987,50",1
Producción,"3.988,80",1
Producción,"3.990,10",1
Producción,"3.995,00",1
Producción,"3.996,74",1
Producción,"30.002,40",1
Producción,"30.070,00",1
Producción,"30.080,00",1
Producción,"30.088,69",1
Producción,"30.100,00",1
Producción,"30.100,94",1
Producción,"30.150,00",1
Producción,"30.152,00",1
Producción,"30.157,80",1
Producción,"30.198,00",1
Producción,"30.200,00",1
Producción,"30.225,00",1
Producción,"30.250,00",1
Producción,"30.290,00",1
Producción,"30.296,50",1
Producción,"30.309,50",1
Producción,"30.360,35",1
Producción,"30.375,00",1
Producción,"30.400,00",1
Producción,"30.429,00",1
Producción,"30.450,00",1
Producción,"30.460,72",1
Producción,"30.465,00",1
Producción,"30.466,80",1
Producción,"30.480,00",1
Producción,"30.502,08",1
Producción,"30.584,00",1
Producción,"30.586,20",1
Producción,"30.648,00",1
Producción,"30.668,00",1
Producción,"30.672,32",1
Producción,"30.730,00",1
Producción,"30.765,00",1
Producción,"30.798,00",1
Producción,"30.840,00",1
Producción,"30.855,50",1
Producción,"30.948,50",1
Producción,"30.960,00",1
Producción,"30.996,30",1
Producción,"300.800,00",1
Producción,"308.880,00",1
Producción,"31.016,00",1
Producción,"31.040,00",1
Producción,"31.090,50",1
Producción,"31.120,00",1
Producción,"31.250,00",1
Producción,"31.368,00",1
Producción,"31.540,00",1
Producción,"31.620,00",1
Producción,"31.671,00",1
Producción,"31.698,00",1
Producción,"31.713,50",1
Producción,"31.734,00",1
Producción,"31.740,00",1
Producción,"31.740,50",1
Producción,"31.750,00",1
Producción,"31.776,00",1
Producción,"31.800,00",1
Producción,"31.815,00",1
Producción,"31.892,00",1
Producción,"31.950,00",1
Producción,"312.274,22",1
Producción,"313.600,00",1
Producción,"316.476,00",1
Producción,"317.603,00",1
Producción,"318.629,30",1
Producción,"319.400,00",1
Producción,"32.040,00",1
Producción,"32.062,50",1
Producción,"32.142,60",1
Producción,"32.200,00",1
Producción,"32.240,00",1
Producción,"32.248,00",1
Producción,"32.330,00",1
Producción,"32.422,80",1
Producción,"32.475,00",1
Producción,"32.476,44",1
Producción,"32.494,14",1
Producción,"32.504,00",1
Producción,"32.520,00",1
Producción,"32.604,00",1
Producción,"32.620,00",1
Producción,"32.700,00",1
Producción,"32.725,00",1
Producción,"32.745,00",1
Producción,"32.764,00",1
Producción,"32.984,00",1
Producción,"320.000,00",1
Producción,"320.800,00",1
Producción,"321.200,00",1
Producción,"323.249,30",1
Producción,"33.044,00",1
Producción,"33.100,00",1
Producción,"33.174,90",1
Producción,"33.215,00",1
Producción,"33.224,00",1
Producción,"33.250,00",1
Producción,"33.254,55",1
Producción,"33.282,00",1
Producción,"33.294,00",1
Producción,"33.345,36",1
Producción,"33.348,00",1
Producción,"33.350,00",1
Producción,"33.386,64",1
Producción,"33.440,00",1
Producción,"33.480,00",1
Producción,"33.490,60",1
Producción,"33.512,00",1
Producción,"33.550,00",1
Producción,"33.607,50",1
Producción,"33.624,46",1
Producción,"33.625,00",1
Producción,"33.645,50",1
Producción,"33.677,10",1
Producción,"33.684,00",1
Producción,"33.830,00",1
Producción,"33.840,00",1
Producción,"33.848,00",1
Producción,"33.852,00",1
Producción,"33.880,00",1
Producción,"33.920,00",1
Producción,"330.023,10",1
Producción,"331.870,00",1
Producción,"334.190,00",1
Producción,"338.690,00",1
Producción,"339.912,50",1
Producción,"34.020,00",1
Producción,"34.056,66",1
Producción,"34.100,00",1
Producción,"34.155,00",1
Producción,"34.175,00",1
Producción,"34.200,00",1
Producción,"34.210,00",1
Producción,"34.240,00",1
Producción,"34.300,00",1
Producción,"34.368,00",1
Producción,"34.371,00",1
Producción,"34.481,40",1
Producción,"34.500,00",1
Producción,"34.550,00",1
Producción,"34.560,00",1
Producción,"34.562,88",1
Producción,"34.640,00",1
Producción,"34.692,00",1
Producción,"34.774,20",1
Producción,"34.830,00",1
Producción,"34.846,00",1
Producción,"34.930,00",1
Producción,"34.945,40",1
Producción,"34.960,00",1
Producción,"34.965,00",1
Producción,"34.980,00",1
Producción,"340.560,00",1
Producción,"342.205,78",1
Producción,"349.360,00",1
Producción,"35.040,00",1
Producción,"35.200,00",1
Producción,"35.250,00",1
Producción,"35.300,00",1
Producción,"35.321,00",1
Producción,"35.335,96",1
Producción,"35.340,00",1
Producción,"35.400,00",1
Producción,"35.433,86",1
Producción,"35.480,00",1
Producción,"35.502,50",1
Producción,"35.505,00",1
Producción,"35.550,00",1
Producción,"35.615,00",1
Producción,"35.623,00",1
Producción,"35.718,86",1
Producción,"35.785,90",1
Producción,"35.910,00",1
Producción,"354.000,00",1
Producción,"359.800,00",1
Producción,"36.060,00",1
Producción,"36.090,00",1
Producción,"36.100,00",1
Producción,"36.180,00",1
Producción,"36.196,23",1
Producción,"36.278,00",1
Producción,"36.279,00",1
Producción,"36.295,00",1
Producción,"36.348,00",1
Producción,"36.390,00",1
Producción,"36.459,10",1
Producción,"36.528,00",1
Producción,"36.550,00",1
Producción,"36.600,00",1
Producción,"36.612,00",1
Producción,"36.634,50",1
Producción,"36.638,00",1
Producción,"36.662,40",1
Producción,"36.670,00",1
Producción,"36.777,00",1
Producción,"36.780,00",1
Producción,"36.805,00",1
Producción,"36.954,00",1
Producción,"36.985,00",1
Producción,"360.562,99",1
Producción,"362.850,57",1
Producción,"37.100,00",1
Producción,"37.150,00",1
Producción,"37.160,00",1
Producción,"37.280,00",1
Producción,"37.290,00",1
Producción,"37.310,00",1
Producción,"37.320,00",1
Producción,"37.328,00",1
Producción,"37.350,00",1
Producción,"37.365,00",1
Producción,"37.375,28",1
Producción,"37.400,00",1
Producción,"37.440,00",1
Producción,"37.450,00",1
Producción,"37.470,00",1
Producción,"37.573,00",1
Producción,"37.580,00",1
Producción,"37.620,00",1
Producción,"37.680,00",1
Producción,"37.700,00",1
Producción,"37.754,50",1
Producción,"37.760,00",1
Producción,"37.780,00",1
Producción,"37.812,79",1
Producción,"37.857,70",1
Producción,"37.860,00",1
Producción,"37.950,00",1
Producción,"370.500,00",1
Producción,"374.000,00",1
Producción,"376.795,44",1
Producción,"378.000,00",1
Producción,"379.253,43",1
Producción,"379.296,00",1
Producción,"38.024,00",1
Producción,"38.100,00",1
Producción,"38.122,20",1
Producción,"38.128,10",1
Producción,"38.135,00",1
Producción,"38.142,00",1
Producción,"38.190,00",1
Producción,"38.210,00",1
Producción,"38.220,00",1
Producción,"38.250,00",1
Producción,"38.280,00",1
Producción,"38.290,00",1
Producción,"38.375,00",1
Producción,"38.420,00",1
Producción,"38.500,00",1
Producción,"38.512,50",1
Producción,"38.524,10",1
Producción,"38.540,00",1
Producción,"38.569,41",1
Producción,"38.690,96",1
Producción,"38.700,00",1
Producción,"38.703,50",1
Producción,"38.775,00",1
Producción,"38.786,00",1
Producción,"38.864,00",1
Producción,"38.870,00",1
Producción,"38.883,24",1
Producción,"380.880,00",1
Producción,"381.500,00",1
Producción,"384.000,00",1
Producción,"385.700,00",1
Producción,"387.936,00",1
Producción,"389.425,00",1
Producción,"39.000,50",1
Producción,"39.020,00",1
Producción,"39.100,00",1
Producción,"39.105,00",1
Producción,"39.140,00",1
Producción,"39.201,50",1
Producción,"39.349,32",1
Producción,"39.435,00",1
Producción,"39.544,20",1
Producción,"39.617,84",1
Producción,"39.680,00",1
Producción,"39.700,00",1
Producción,"39.710,00",1
Producción,"39.732,11",1
Producción,"39.750,00",1
Producción,"39.751,00",1
Producción,"39.760,00",1
Producción,"39.826,60",1
Producción,"395.819,40",1
Producción,"397.728,52",1
Producción,"4.001,40",1
Producción,"4.002,35",1
Producción,"4.002,50",1
Producción,"4.002,84",1
Producción,"4.005,00",1
Producción,"4.005,62",1
Producción,"4.006,80",1
Producción,"4.007,07",1
Producción,"4.008,23",1
Producción,"4.008,60",1
Producción,"4.010,00",1
Producción,"4.012,00",1
Producción,"4.012,24",1
Producción,"4.012,77",1
Producción,"4.013,42",1
Producción,"4.015,00",1
Producción,"4.017,00",1
Producción,"4.017,75",1
Producción,"4.018,00",1
Producción,"4.019,76",1
Producción,"4.021,00",1
Producción,"4.021,60",1
Producción,"4.023,39",1
Producción,"4.023,90",1
Producción,"4.028,80",1
Producción,"4.031,25",1
Producción,"4.032,48",1
Producción,"4.034,49",1
Producción,"4.035,72",1
Producción,"4.037,00",1
Producción,"4.038,24",1
Producción,"4.041,00",1
Producción,"4.042,00",1
Producción,"4.044,10",1
Producción,"4.045,44",1
Producción,"4.046,55",1
Producción,"4.047,00",1
Producción,"4.048,00",1
Producción,"4.049,10",1
Producción,"4.051,00",1
Producción,"4.051,95",1
Producción,"4.052,16",1
Producción,"4.056,00",1
Producción,"4.059,00",1
Producción,"4.060,41",1
Producción,"4.061,00",1
Producción,"4.062,09",1
Producción,"4.065,36",1
Producción,"4.065,60",1
Producción,"4.065,87",1
Producción,"4.069,00",1
Producción,"4.070,12",1
Producción,"4.071,19",1
Producción,"4.072,00",1
Producción,"4.072,18",1
Producción,"4.075,50",1
Producción,"4.076,85",1
Producción,"4.077,00",1
Producción,"4.078,30",1
Producción,"4.081,70",1
Producción,"4.082,89",1
Producción,"4.085,65",1
Producción,"4.092,21",1
Producción,"4.093,36",1
Producción,"4.093,50",1
Producción,"4.096,00",1
Producción,"4.098,00",1
Producción,"4.103,20",1
Producción,"4.105,00",1
Producción,"4.105,50",1
Producción,"4.109,00",1
Producción,"4.110,00",1
Producción,"4.115,00",1
Producción,"4.117,50",1
Producción,"4.125,06",1
Producción,"4.126,32",1
Producción,"4.128,00",1
Producción,"4.131,00",1
Producción,"4.131,60",1
Producción,"4.135,60",1
Producción,"4.140,67",1
Producción,"4.141,20",1
Producción,"4.150,12",1
Producción,"4.160,40",1
Producción,"4.161,00",1
Producción,"4.172,00",1
Producción,"4.175,00",1
Producción,"4.176,90",1
Producción,"4.186,00",1
Producción,"4.189,68",1
Producción,"4.190,94",1
Producción,"4.193,80",1
Producción,"4.194,00",1
Producción,"4.194,75",1
Producción,"4.195,00",1
Producción,"4.196,25",1
Producción,"4.197,99",1
Producción,"4.204,67",1
Producción,"4.208,50",1
Producción,"4.210,40",1
Producción,"4.211,60",1
Producción,"4.213,50",1
Producción,"4.216,76",1
Producción,"4.227,16",1
Producción,"4.228,00",1
Producción,"4.230,37",1
Producción,"4.233,60",1
Producción,"4.236,00",1
Producción,"4.239,58",1
Producción,"4.240,39",1
Producción,"4.241,16",1
Producción,"4.242,00",1
Producción,"4.248,00",1
Producción,"4.250,88",1
Producción,"4.252,50",1
Producción,"4.253,62",1
Producción,"4.254,00",1
Producción,"4.257,00",1
Producción,"4.258,00",1
Producción,"4.260,56",1
Producción,"4.260,58",1
Producción,"4.264,96",1
Producción,"4.267,00",1
Producción,"4.269,00",1
Producción,"4.271,20",1
Producción,"4.272,00",1
Producción,"4.276,14",1
Producción,"4.277,50",1
Producción,"4.277,60",1
Producción,"4.278,00",1
Producción,"4.278,33",1
Producción,"4.279,00",1
Producción,"4.280,73",1
Producción,"4.285,61",1
Producción,"4.288,00",1
Producción,"4.293,01",1
Producción,"4.293,60",1
Producción,"4.294,40",1
Producción,"4.295,19",1
Producción,"4.296,00",1
Producción,"4.296,25",1
Producción,"4.296,85",1
Producción,"4.297,80",1
Producción,"4.298,00",1
Producción,"4.298,28",1
Producción,"4.305,36",1
Producción,"4.309,20",1
Producción,"4.312,50",1
Producción,"4.319,75",1
Producción,"4.321,20",1
Producción,"4.324,80",1
Producción,"4.325,31",1
Producción,"4.326,70",1
Producción,"4.331,60",1
Producción,"4.332,60",1
Producción,"4.334,00",1
Producción,"4.336,50",1
Producción,"4.338,88",1
Producción,"4.341,77",1
Producción,"4.342,58",1
Producción,"4.342,60",1
Producción,"4.343,50",1
Producción,"4.344,00",1
Producción,"4.345,00",1
Producción,"4.352,85",1
Producción,"4.354,00",1
Producción,"4.357,50",1
Producción,"4.357,80",1
Producción,"4.358,78",1
Producción,"4.362,40",1
Producción,"4.362,45",1
Producción,"4.363,20",1
Producción,"4.364,00",1
Producción,"4.364,10",1
Producción,"4.368,82",1
Producción,"4.369,80",1
Producción,"4.370,06",1
Producción,"4.370,76",1
Producción,"4.371,80",1
Producción,"4.373,25",1
Producción,"4.378,00",1
Producción,"4.379,00",1
Producción,"4.380,58",1
Producción,"4.381,00",1
Producción,"4.385,50",1
Producción,"4.389,00",1
Producción,"4.390,40",1
Producción,"4.395,00",1
Producción,"4.399,00",1
Producción,"4.402.306,84",1
Producción,"4.407,00",1
Producción,"4.407.000,00",1
Producción,"4.412,55",1
Producción,"4.416,70",1
Producción,"4.420,50",1
Producción,"4.422,33",1
Producción,"4.425,60",1
Producción,"4.427,23",1
Producción,"4.428,34",1
Producción,"4.431,26",1
Producción,"4.434,00",1
Producción,"4.440,72",1
Producción,"4.446,00",1
Producción,"4.448,00",1
Producción,"4.448,79",1
Producción,"4.450,62",1
Producción,"4.454,00",1
Producción,"4.454,16",1
Producción,"4.459,00",1
Producción,"4.460,40",1
Producción,"4.462,00",1
Producción,"4.466,00",1
Producción,"4.466,75",1
Producción,"4.467,00",1
Producción,"4.469,00",1
Producción,"4.470,00",1
Producción,"4.472,00",1
Producción,"4.475,00",1
Producción,"4.476,00",1
Producción,"4.477,60",1
Producción,"4.477,91",1
Producción,"4.479,96",1
Producción,"4.481,53",1
Producción,"4.482,00",1
Producción,"4.491,68",1
Producción,"4.492,00",1
Producción,"4.497,68",1
Producción,"4.502,52",1
Producción,"4.503,00",1
Producción,"4.505,00",1
Producción,"4.507,20",1
Producción,"4.509,00",1
Producción,"4.513,30",1
Producción,"4.517,53",1
Producción,"4.519,00",1
Producción,"4.520,00",1
Producción,"4.523,86",1
Producción,"4.525,00",1
Producción,"4.529,00",1
Producción,"4.529,14",1
Producción,"4.530,00",1
Producción,"4.530,51",1
Producción,"4.531,20",1
Producción,"4.532,70",1
Producción,"4.532,71",1
Producción,"4.537,50",1
Producción,"4.539,00",1
Producción,"4.539,14",1
Producción,"4.539,50",1
Producción,"4.541,10",1
Producción,"4.541,60",1
Producción,"4.542,00",1
Producción,"4.544,00",1
Producción,"4.547,00",1
Producción,"4.548,18",1
Producción,"4.554,37",1
Producción,"4.557,60",1
Producción,"4.558,50",1
Producción,"4.559,40",1
Producción,"4.561,21",1
Producción,"4.561,55",1
Producción,"4.563,08",1
Producción,"4.565,31",1
Producción,"4.566,40",1
Producción,"4.569,50",1
Producción,"4.572,88",1
Producción,"4.575,00",1
Producción,"4.575,64",1
Producción,"4.576,00",1
Producción,"4.577,00",1
Producción,"4.578,40",1
Producción,"4.579,00",1
Producción,"4.579,44",1
Producción,"4.581,50",1
Producción,"4.584,06",1
Producción,"4.588,17",1
Producción,"4.591,44",1
Producción,"4.592,00",1
Producción,"4.593,00",1
Producción,"4.597,00",1
Producción,"4.597,35",1
Producción,"4.598,00",1
Producción,"4.598,80",1
Producción,"4.603,40",1
Producción,"4.604,60",1
Producción,"4.606,00",1
Producción,"4.609,00",1
Producción,"4.611,60",1
Producción,"4.619,50",1
Producción,"4.622,50",1
Producción,"4.624,00",1
Producción,"4.635,00",1
Producción,"4.639,92",1
Producción,"4.651,50",1
Producción,"4.652,60",1
Producción,"4.653,00",1
Producción,"4.655,00",1
Producción,"4.656,00",1
Producción,"4.660,00",1
Producción,"4.661,00",1
Producción,"4.662,00",1
Producción,"4.665,06",1
Producción,"4.670,00",1
Producción,"4.670,40",1
Producción,"4.672,90",1
Producción,"4.677,80",1
Producción,"4.680,50",1
Producción,"4.682,00",1
Producción,"4.685,00",1
Producción,"4.687,50",1
Producción,"4.690,96",1
Producción,"4.698,00",1
Producción,"4.700,50",1
Producción,"4.702,50",1
Producción,"4.702,88",1
Producción,"4.708,00",1
Producción,"4.709,00",1
Producción,"4.710,02",1
Producción,"4.712,00",1
Producción,"4.712,50",1
Producción,"4.712,69",1
Producción,"4.715,00",1
Producción,"4.719,60",1
Producción,"4.725,50",1
Producción,"4.726,00",1
Producción,"4.728,00",1
Producción,"4.728,72",1
Producción,"4.729,20",1
Producción,"4.730,00",1
Producción,"4.730,40",1
Producción,"4.735,25",1
Producción,"4.736,00",1
Producción,"4.746,00",1
Producción,"4.750,46",1
Producción,"4.752,72",1
Producción,"4.753,71",1
Producción,"4.754,10",1
Producción,"4.754,50",1
Producción,"4.755,60",1
Producción,"4.755,80",1
Producción,"4.757,89",1
Producción,"4.758.600,00",1
Producción,"4.762,88",1
Producción,"4.763,41",1
Producción,"4.764,10",1
Producción,"4.765,71",1
Producción,"4.766,00",1
Producción,"4.767,70",1
Producción,"4.768,50",1
Producción,"4.771,50",1
Producción,"4.773,27",1
Producción,"4.774,00",1
Producción,"4.776,00",1
Producción,"4.776.340,50",1
Producción,"4.779,00",1
Producción,"4.781,84",1
Producción,"4.787,37",1
Producción,"4.788,59",1
Producción,"4.792,00",1
Producción,"4.795,00",1
Producción,"4.796,00",1
Producción,"4.802,85",1
Producción,"4.804,35",1
Producción,"4.810,00",1
Producción,"4.810,52",1
Producción,"4.812,90",1
Producción,"4.818,00",1
Producción,"4.822,50",1
Producción,"4.825,00",1
Producción,"4.826,00",1
Producción,"4.833,00",1
Producción,"4.834,08",1
Producción,"4.836,00",1
Producción,"4.837,00",1
Producción,"4.840,20",1
Producción,"4.841,10",1
Producción,"4.844,20",1
Producción,"4.845,60",1
Producción,"4.848,50",1
Producción,"4.856,00",1
Producción,"4.857,34",1
Producción,"4.857,36",1
Producción,"4.857,89",1
Producción,"4.862,00",1
Producción,"4.865,40",1
Producción,"4.869,51",1
Producción,"4.869,90",1
Producción,"4.872,41",1
Producción,"4.875,72",1
Producción,"4.876,00",1
Producción,"4.877,45",1
Producción,"4.880,42",1
Producción,"4.887,50",1
Producción,"4.888,24",1
Producción,"4.888,74",1
Producción,"4.892,00",1
Producción,"4.895,00",1
Producción,"4.896,05",1
Producción,"4.897,20",1
Producción,"4.897,50",1
Producción,"4.899,51",1
Producción,"4.902,00",1
Producción,"4.904,00",1
Producción,"4.905,69",1
Producción,"4.915,60",1
Producción,"4.921,60",1
Producción,"4.923,00",1
Producción,"4.924,00",1
Producción,"4.924,80",1
Producción,"4.926,60",1
Producción,"4.927,51",1
Producción,"4.934,88",1
Producción,"4.935,00",1
Producción,"4.942,90",1
Producción,"4.944,00",1
Producción,"4.946,40",1
Producción,"4.953,00",1
Producción,"4.953,80",1
Producción,"4.955,00",1
Producción,"4.959,00",1
Producción,"4.961,60",1
Producción,"4.962,65",1
Producción,"4.964,00",1
Producción,"4.964,81",1
Producción,"4.968,60",1
Producción,"4.969,21",1
Producción,"4.970,00",1
Producción,"4.971,14",1
Producción,"4.977,00",1
Producción,"4.979,82",1
Producción,"4.984,00",1
Producción,"4.991,70",1
Producción,"4.992,33",1
Producción,"4.995,00",1
Producción,"4.996,62",1
Producción,"4.997,50",1
Producción,"4.998,70",1
Producción,"4.998,95",1
Producción,"40.089,50",1
Producción,"40.100,00",1
Producción,"40.150,00",1
Producción,"40.200,00",1
Producción,"40.210,00",1
Producción,"40.212,48",1
Producción,"40.280,00",1
Producción,"40.340,00",1
Producción,"40.500,00",1
Producción,"40.568,00",1
Producción,"40.628,00",1
Producción,"40.640,60",1
Producción,"40.656,00",1
Producción,"40.721,60",1
Producción,"40.802,00",1
Producción,"40.830,00",1
Producción,"40.935,00",1
Producción,"400.000,00",1
Producción,"400.402,20",1
Producción,"407.835,00",1
Producción,"41.111,00",1
Producción,"41.158,00",1
Producción,"41.308,00",1
Producción,"41.325,00",1
Producción,"41.400,00",1
Producción,"41.460,00",1
Producción,"41.517,00",1
Producción,"41.560,00",1
Producción,"41.577,30",1
Producción,"41.632,00",1
Producción,"41.640,00",1
Producción,"41.706,00",1
Producción,"41.722,50",1
Producción,"41.745,00",1
Producción,"41.800,00",1
Producción,"41.808,00",1
Producción,"41.826,00",1
Producción,"41.900,00",1
Producción,"415.888,00",1
Producción,"42.012,36",1
Producción,"42.042,00",1
Producción,"42.073,76",1
Producción,"42.075,00",1
Producción,"42.174,00",1
Producción,"42.200,00",1
Producción,"42.237,00",1
Producción,"42.244,00",1
Producción,"42.420,00",1
Producción,"42.425,00",1
Producción,"42.560,00",1
Producción,"42.566,30",1
Producción,"42.588,00",1
Producción,"42.603,30",1
Producción,"42.680,00",1
Producción,"42.720,00",1
Producción,"42.722,67",1
Producción,"42.750,00",1
Producción,"420.707,92",1
Producción,"428.400,00",1
Producción,"43.000,00",1
Producción,"43.010,00",1
Producción,"43.164,00",1
Producción,"43.198,00",1
Producción,"43.260,00",1
Producción,"43.272,58",1
Producción,"43.280,40",1
Producción,"43.340,00",1
Producción,"43.440,00",1
Producción,"43.450,00",1
Producción,"43.467,40",1
Producción,"43.500,00",1
Producción,"43.800,00",1
Producción,"43.802,00",1
Producción,"43.980,00",1
Producción,"431.487,00",1
Producción,"433.200,00",1
Producción,"436.560,00",1
Producción,"44.000,00",1
Producción,"44.150,00",1
Producción,"44.222,50",1
Producción,"44.227,80",1
Producción,"44.352,00",1
Producción,"44.370,00",1
Producción,"44.388,24",1
Producción,"44.400,00",1
Producción,"44.455,40",1
Producción,"44.476,25",1
Producción,"44.520,00",1
Producción,"44.550,00",1
Producción,"44.586,00",1
Producción,"44.720,00",1
Producción,"44.750,00",1
Producción,"44.760,00",1
Producción,"44.820,00",1
Producción,"44.850,00",1
Producción,"44.886,00",1
Producción,"44.900,00",1
Producción,"44.902,80",1
Producción,"44.912,00",1
Producción,"44.943,60",1
Producción,"44.950,00",1
Producción,"442.580,00",1
Producción,"449.900,00",1
Producción,"45.024,00",1
Producción,"45.060,00",1
Producción,"45.062,80",1
Producción,"45.120,00",1
Producción,"45.182,00",1
Producción,"45.192,00",1
Producción,"45.194,76",1
Producción,"45.200,00",1
Producción,"45.234,00",1
Producción,"45.240,00",1
Producción,"45.300,00",1
Producción,"45.397,00",1
Producción,"45.414,00",1
Producción,"45.422,00",1
Producción,"45.465,20",1
Producción,"45.471,00",1
Producción,"45.530,00",1
Producción,"45.647,50",1
Producción,"45.700,00",1
Producción,"45.710,00",1
Producción,"45.750,00",1
Producción,"45.757,78",1
Producción,"45.822,00",1
Producción,"45.840,00",1
Producción,"45.905,00",1
Producción,"451.200,00",1
Producción,"451.400,00",1
Producción,"456.000,00",1
Producción,"459.710,50",1
Producción,"46.040,00",1
Producción,"46.074,00",1
Producción,"46.078,80",1
Producción,"46.112,00",1
Producción,"46.146,25",1
Producción,"46.326,00",1
Producción,"46.384,00",1
Producción,"46.420,50",1
Producción,"46.500,00",1
Producción,"46.609,00",1
Producción,"46.623,50",1
Producción,"46.750,00",1
Producción,"46.900,00",1
Producción,"46.905,00",1
Producción,"46.912,00",1
Producción,"46.988,24",1
Producción,"464.953,50",1
Producción,"467.740,00",1
Producción,"47.000,00",1
Producción,"47.100,00",1
Producción,"47.200,00",1
Producción,"47.223,00",1
Producción,"47.300,00",1
Producción,"47.503,60",1
Producción,"47.660,00",1
Producción,"47.680,00",1
Producción,"47.712,00",1
Producción,"47.957,00",1
Producción,"47.980,00",1
Producción,"470.340,00",1
Producción,"471.685,20",1
Producción,"473.824,00",1
Producción,"48.050,00",1
Producción,"48.167,00",1
Producción,"48.181,25",1
Producción,"48.240,00",1
Producción,"48.500,00",1
Producción,"48.555,00",1
Producción,"48.630,00",1
Producción,"48.650,00",1
Producción,"48.678,00",1
Producción,"48.800,00",1
Producción,"48.840,00",1
Producción,"48.900,00",1
Producción,"48.966,00",1
Producción,"480.704,00",1
Producción,"487.580,00",1
Producción,"489.580,00",1
Producción,"49.000,00",1
Producción,"49.100,00",1
Producción,"49.320,00",1
Producción,"49.323,80",1
Producción,"49.360,00",1
Producción,"49.420,00",1
Producción,"49.440,00",1
Producción,"49.486,00",1
Producción,"49.542,50",1
Producción,"49.563,50",1
Producción,"49.572,00",1
Producción,"49.600,00",1
Producción,"49.658,77",1
Producción,"49.675,00",1
Producción,"49.815,00",1
Producción,"49.817,00",1
Producción,"49.840,00",1
Producción,"49.856,60",1
Producción,"49.926,00",1
Producción,"49.947,20",1
Producción,"49.960,24",1
Producción,"494.950,50",1
Producción,"495.000,00",1
Producción,"499.580,00",1
Producción,"5.000,60",1
Producción,"5.004,00",1
Producción,"5.007,50",1
Producción,"5.008,00",1
Producción,"5.008,50",1
Producción,"5.010,00",1
Producción,"5.014,20",1
Producción,"5.016,89",1
Producción,"5.017,50",1
Producción,"5.021,40",1
Producción,"5.024,00",1
Producción,"5.025,00",1
Producción,"5.029,28",1
Producción,"5.044,50",1
Producción,"5.045,32",1
Producción,"5.045,79",1
Producción,"5.049,36",1
Producción,"5.050,50",1
Producción,"5.053,10",1
Producción,"5.053,70",1
Producción,"5.055,00",1
Producción,"5.056,00",1
Producción,"5.059,35",1
Producción,"5.061,00",1
Producción,"5.062,00",1
Producción,"5.064,00",1
Producción,"5.064,38",1
Producción,"5.064,50",1
Producción,"5.068,00",1
Producción,"5.070,00",1
Producción,"5.072,80",1
Producción,"5.076,00",1
Producción,"5.079,75",1
Producción,"5.080,00",1
Producción,"5.080,50",1
Producción,"5.081,89",1
Producción,"5.083,00",1
Producción,"5.084,00",1
Producción,"5.086,40",1
Producción,"5.088,00",1
Producción,"5.088,34",1
Producción,"5.090,17",1
Producción,"5.090,70",1
Producción,"5.102,00",1
Producción,"5.105,50",1
Producción,"5.108,00",1
Producción,"5.108,17",1
Producción,"5.109,00",1
Producción,"5.109,52",1
Producción,"5.111,58",1
Producción,"5.112,15",1
Producción,"5.120,00",1
Producción,"5.125,95",1
Producción,"5.128,41",1
Producción,"5.129,82",1
Producción,"5.132,00",1
Producción,"5.133,68",1
Producción,"5.135,00",1
Producción,"5.136,00",1
Producción,"5.140,80",1
Producción,"5.145,66",1
Producción,"5.148,00",1
Producción,"5.149,61",1
Producción,"5.151,00",1
Producción,"5.157,68",1
Producción,"5.158,00",1
Producción,"5.159,00",1
Producción,"5.159,50",1
Producción,"5.166,00",1
Producción,"5.167,50",1
Producción,"5.170,95",1
Producción,"5.174,00",1
Producción,"5.179,30",1
Producción,"5.181,00",1
Producción,"5.182,93",1
Producción,"5.185,00",1
Producción,"5.190,90",1
Producción,"5.197,50",1
Producción,"5.198,00",1
Producción,"5.199,53",1
Producción,"5.205,00",1
Producción,"5.206,04",1
Producción,"5.208,00",1
Producción,"5.210,00",1
Producción,"5.214,00",1
Producción,"5.217,29",1
Producción,"5.219,00",1
Producción,"5.221,20",1
Producción,"5.224,00",1
Producción,"5.227,56",1
Producción,"5.231,26",1
Producción,"5.232,00",1
Producción,"5.234,00",1
Producción,"5.244,00",1
Producción,"5.247,00",1
Producción,"5.252,00",1
Producción,"5.255,77",1
Producción,"5.260,00",1
Producción,"5.263,00",1
Producción,"5.265,25",1
Producción,"5.275,67",1
Producción,"5.282,40",1
Producción,"5.286,00",1
Producción,"5.288,48",1
Producción,"5.290,72",1
Producción,"5.291,51",1
Producción,"5.299,56",1
Producción,"5.300,10",1
Producción,"5.301,00",1
Producción,"5.302,50",1
Producción,"5.302,98",1
Producción,"5.310,24",1
Producción,"5.315,02",1
Producción,"5.317,60",1
Producción,"5.319,00",1
Producción,"5.320,00",1
Producción,"5.320,60",1
Producción,"5.325,52",1
Producción,"5.331,56",1
Producción,"5.332,50",1
Producción,"5.334,00",1
Producción,"5.339,00",1
Producción,"5.340,83",1
Producción,"5.344,68",1
Producción,"5.345,60",1
Producción,"5.346,00",1
Producción,"5.346,25",1
Producción,"5.347,50",1
Producción,"5.353,56",1
Producción,"5.354,56",1
Producción,"5.359,74",1
Producción,"5.360,20",1
Producción,"5.362,00",1
Producción,"5.364,52",1
Producción,"5.365,50",1
Producción,"5.366,20",1
Producción,"5.367,70",1
Producción,"5.373,00",1
Producción,"5.374,10",1
Producción,"5.374,20",1
Producción,"5.375,00",1
Producción,"5.376,00",1
Producción,"5.382,41",1
Producción,"5.387,32",1
Producción,"5.388,00",1
Producción,"5.388,32",1
Producción,"5.390,07",1
Producción,"5.392,00",1
Producción,"5.397,50",1
Producción,"5.399,50",1
Producción,"5.399,80",1
Producción,"5.402,12",1
Producción,"5.404,00",1
Producción,"5.409,60",1
Producción,"5.417,00",1
Producción,"5.427,00",1
Producción,"5.428,00",1
Producción,"5.430,60",1
Producción,"5.434,00",1
Producción,"5.435,32",1
Producción,"5.441,00",1
Producción,"5.444,20",1
Producción,"5.446,00",1
Producción,"5.447,40",1
Producción,"5.447,82",1
Producción,"5.450,00",1
Producción,"5.450,21",1
Producción,"5.453,00",1
Producción,"5.462,50",1
Producción,"5.464,83",1
Producción,"5.465,00",1
Producción,"5.467,00",1
Producción,"5.467,50",1
Producción,"5.468,90",1
Producción,"5.474,40",1
Producción,"5.476,40",1
Producción,"5.476,67",1
Producción,"5.479,56",1
Producción,"5.480,48",1
Producción,"5.484,47",1
Producción,"5.484,64",1
Producción,"5.486,60",1
Producción,"5.487,04",1
Producción,"5.491,40",1
Producción,"5.494,00",1
Producción,"5.495,33",1
Producción,"5.497,00",1
Producción,"5.497,80",1
Producción,"5.504,00",1
Producción,"5.506,00",1
Producción,"5.508,50",1
Producción,"5.513,00",1
Producción,"5.516,00",1
Producción,"5.518,00",1
Producción,"5.518,83",1
Producción,"5.524,11",1
Producción,"5.527,79",1
Producción,"5.528,00",1
Producción,"5.530,88",1
Producción,"5.532,00",1
Producción,"5.535,00",1
Producción,"5.539,20",1
Producción,"5.541,00",1
Producción,"5.541,90",1
Producción,"5.547,50",1
Producción,"5.551,84",1
Producción,"5.553,00",1
Producción,"5.560,75",1
Producción,"5.568,00",1
Producción,"5.576,00",1
Producción,"5.579,44",1
Producción,"5.581,79",1
Producción,"5.582,50",1
Producción,"5.583,90",1
Producción,"5.583,99",1
Producción,"5.584,00",1
Producción,"5.585,00",1
Producción,"5.586,30",1
Producción,"5.586,33",1
Producción,"5.591,80",1
Producción,"5.595,00",1
Producción,"5.597,29",1
Producción,"5.598,00",1
Producción,"5.602,40",1
Producción,"5.602,60",1
Producción,"5.602,73",1
Producción,"5.606,00",1
Producción,"5.606,46",1
Producción,"5.607,00",1
Producción,"5.607,48",1
Producción,"5.616,00",1
Producción,"5.622,50",1
Producción,"5.626,50",1
Producción,"5.628,00",1
Producción,"5.629,00",1
Producción,"5.635,00",1
Producción,"5.635,02",1
Producción,"5.640,60",1
Producción,"5.643,00",1
Producción,"5.646,00",1
Producción,"5.646,87",1
Producción,"5.648,00",1
Producción,"5.649,21",1
Producción,"5.650,63",1
Producción,"5.654,00",1
Producción,"5.654,01",1
Producción,"5.664,00",1
Producción,"5.674,00",1
Producción,"5.677,05",1
Producción,"5.688,00",1
Producción,"5.688,20",1
Producción,"5.690,00",1
Producción,"5.695,00",1
Producción,"5.696,00",1
Producción,"5.701,20",1
Producción,"5.704,00",1
Producción,"5.706,90",1
Producción,"5.709,33",1
Producción,"5.712,00",1
Producción,"5.712,90",1
Producción,"5.715,00",1
Producción,"5.715,50",1
Producción,"5.719,11",1
Producción,"5.726,70",1
Producción,"5.730,00",1
Producción,"5.736,00",1
Producción,"5.738,00",1
Producción,"5.743,73",1
Producción,"5.746,88",1
Producción,"5.747,34",1
Producción,"5.752,17",1
Producción,"5.752,30",1
Producción,"5.753,30",1
Producción,"5.755,20",1
Producción,"5.756,00",1
Producción,"5.756,40",1
Producción,"5.761,00",1
Producción,"5.768,00",1
Producción,"5.773,06",1
Producción,"5.773,45",1
Producción,"5.780,61",1
Producción,"5.787,72",1
Producción,"5.790,00",1
Producción,"5.792,00",1
Producción,"5.797,00",1
Producción,"5.803,83",1
Producción,"5.804,44",1
Producción,"5.808,00",1
Producción,"5.811,72",1
Producción,"5.812,50",1
Producción,"5.812,80",1
Producción,"5.815,00",1
Producción,"5.815,50",1
Producción,"5.817,00",1
Producción,"5.825,04",1
Producción,"5.827,50",1
Producción,"5.832,00",1
Producción,"5.833,80",1
Producción,"5.835,00",1
Producción,"5.835,10",1
Producción,"5.844,56",1
Producción,"5.847,00",1
Producción,"5.847,72",1
Producción,"5.851,23",1
Producción,"5.852,00",1
Producción,"5.855,14",1
Producción,"5.859,00",1
Producción,"5.860,00",1
Producción,"5.861,23",1
Producción,"5.862,00",1
Producción,"5.863,00",1
Producción,"5.864,13",1
Producción,"5.867,00",1
Producción,"5.868,38",1
Producción,"5.868,56",1
Producción,"5.870,00",1
Producción,"5.870,70",1
Producción,"5.871,50",1
Producción,"5.871,72",1
Producción,"5.872,47",1
Producción,"5.876,00",1
Producción,"5.881,00",1
Producción,"5.886,00",1
Producción,"5.895,00",1
Producción,"5.896,00",1
Producción,"5.903,00",1
Producción,"5.904,00",1
Producción,"5.904,18",1
Producción,"5.906,60",1
Producción,"5.908,00",1
Producción,"5.912,00",1
Producción,"5.912,50",1
Producción,"5.914,78",1
Producción,"5.919,84",1
Producción,"5.924,82",1
Producción,"5.925,00",1
Producción,"5.929,00",1
Producción,"5.933,00",1
Producción,"5.933,20",1
Producción,"5.936,00",1
Producción,"5.943,00",1
Producción,"5.961,60",1
Producción,"5.968,00",1
Producción,"5.969,08",1
Producción,"5.969,63",1
Producción,"5.972,00",1
Producción,"5.975,20",1
Producción,"5.976,00",1
Producción,"5.979,81",1
Producción,"5.985,00",1
Producción,"5.992,00",1
Producción,"5.992,50",1
Producción,"5.997,60",1
Producción,"50.000,64",1
Producción,"50.003,20",1
Producción,"50.008,60",1
Producción,"50.062,50",1
Producción,"50.112,00",1
Producción,"50.160,00",1
Producción,"50.234,18",1
Producción,"50.250,00",1
Producción,"50.274,00",1
Producción,"50.374,90",1
Producción,"50.479,20",1
Producción,"50.619,00",1
Producción,"50.628,50",1
Producción,"50.695,65",1
Producción,"50.700,00",1
Producción,"50.840,00",1
Producción,"50.841,00",1
Producción,"50.933,61",1
Producción,"50.968,50",1
Producción,"50.996,00",1
Producción,"500.200,00",1
Producción,"501.182,40",1
Producción,"506.582,40",1
Producción,"507.782,40",1
Producción,"51.060,00",1
Producción,"51.093,00",1
Producción,"51.120,00",1
Producción,"51.280,00",1
Producción,"51.300,00",1
Producción,"51.320,00",1
Producción,"51.360,00",1
Producción,"51.408,00",1
Producción,"51.500,00",1
Producción,"51.504,00",1
Producción,"51.610,00",1
Producción,"51.687,54",1
Producción,"51.704,00",1
Producción,"51.723,00",1
Producción,"51.735,49",1
Producción,"51.770,00",1
Producción,"51.831,50",1
Producción,"51.870,00",1
Producción,"51.920,00",1
Producción,"51.926,00",1
Producción,"511.300,00",1
Producción,"515.800,00",1
Producción,"517.748,22",1
Producción,"517.800,00",1
Producción,"519.869,01",1
Producción,"52.086,00",1
Producción,"52.353,00",1
Producción,"52.380,00",1
Producción,"52.433,72",1
Producción,"52.560,00",1
Producción,"52.668,00",1
Producción,"52.695,50",1
Producción,"524.846,50",1
Producción,"527.575,00",1
Producción,"528.000,00",1
Producción,"528.018,10",1
Producción,"53.000,00",1
Producción,"53.040,00",1
Producción,"53.100,00",1
Producción,"53.215,50",1
Producción,"53.252,00",1
Producción,"53.264,00",1
Producción,"53.284,00",1
Producción,"53.293,42",1
Producción,"53.718,50",1
Producción,"53.725,80",1
Producción,"53.790,00",1
Producción,"53.830,00",1
Producción,"53.880,00",1
Producción,"53.939,47",1
Producción,"53.940,70",1
Producción,"530.750,00",1
Producción,"533.755,60",1
Producción,"535.337,00",1
Producción,"535.560,00",1
Producción,"536.346,36",1
Producción,"537.575,00",1
Producción,"54.067,50",1
Producción,"54.265,50",1
Producción,"54.441,82",1
Producción,"54.459,00",1
Producción,"54.480,00",1
Producción,"54.560,00",1
Producción,"54.565,50",1
Producción,"54.610,00",1
Producción,"54.729,00",1
Producción,"54.813,00",1
Producción,"54.870,00",1
Producción,"54.890,00",1
Producción,"54.967,22",1
Producción,"540.996,50",1
Producción,"542.575,00",1
Producción,"542.720,00",1
Producción,"546.455,60",1
Producción,"55.009,02",1
Producción,"55.055,00",1
Producción,"55.092,00",1
Producción,"55.100,00",1
Producción,"55.163,99",1
Producción,"55.225,08",1
Producción,"55.270,73",1
Producción,"55.301,54",1
Producción,"55.325,00",1
Producción,"55.350,00",1
Producción,"55.520,00",1
Producción,"55.524,00",1
Producción,"55.756,00",1
Producción,"55.980,00",1
Producción,"551.292,60",1
Producción,"551.592,60",1
Producción,"552.492,60",1
Producción,"56.156,00",1
Producción,"56.252,00",1
Producción,"56.256,60",1
Producción,"56.340,00",1
Producción,"56.346,00",1
Producción,"56.407,50",1
Producción,"56.412,50",1
Producción,"56.525,00",1
Producción,"56.640,00",1
Producción,"56.710,00",1
Producción,"56.800,00",1
Producción,"56.862,00",1
Producción,"56.888,00",1
Producción,"57.034,20",1
Producción,"57.090,00",1
Producción,"57.330,00",1
Producción,"57.360,00",1
Producción,"57.456,00",1
Producción,"57.500,00",1
Producción,"57.504,00",1
Producción,"57.528,00",1
Producción,"57.600,00",1
Producción,"57.904,83",1
Producción,"570.000,00",1
Producción,"576.000,00",1
Producción,"58.080,00",1
Producción,"58.145,50",1
Producción,"58.148,28",1
Producción,"58.218,00",1
Producción,"58.255,20",1
Producción,"58.375,00",1
Producción,"58.440,00",1
Producción,"58.620,00",1
Producción,"58.770,00",1
Producción,"58.894,00",1
Producción,"58.960,00",1
Producción,"581.520,00",1
Producción,"59.050,00",1
Producción,"59.100,00",1
Producción,"59.106,96",1
Producción,"59.123,25",1
Producción,"59.204,40",1
Producción,"59.243,47",1
Producción,"59.280,00",1
Producción,"59.520,00",1
Producción,"59.580,00",1
Producción,"59.600,00",1
Producción,"59.640,00",1
Producción,"59.732,64",1
Producción,"59.940,00",1
Producción,"597.520,00",1
Producción,"6.004,80",1
Producción,"6.005,01",1
Producción,"6.010,00",1
Producción,"6.015,00",1
Producción,"6.015,97",1
Producción,"6.017,00",1
Producción,"6.020,12",1
Producción,"6.021,00",1
Producción,"6.024,75",1
Producción,"6.032,00",1
Producción,"6.036,00",1
Producción,"6.052,50",1
Producción,"6.052,64",1
Producción,"6.055,20",1
Producción,"6.058,00",1
Producción,"6.063,72",1
Producción,"6.064,21",1
Producción,"6.072,00",1
Producción,"6.075,00",1
Producción,"6.086,68",1
Producción,"6.088,00",1
Producción,"6.090,70",1
Producción,"6.094,00",1
Producción,"6.095,00",1
Producción,"6.097,00",1
Producción,"6.100,50",1
Producción,"6.106,60",1
Producción,"6.108,50",1
Producción,"6.110,06",1
Producción,"6.114,22",1
Producción,"6.117,00",1
Producción,"6.117,96",1
Producción,"6.124,00",1
Producción,"6.147,54",1
Producción,"6.149,40",1
Producción,"6.152,52",1
Producción,"6.153,60",1
Producción,"6.156,00",1
Producción,"6.165,00",1
Producción,"6.169,52",1
Producción,"6.170,00",1
Producción,"6.173,78",1
Producción,"6.177,00",1
Producción,"6.177,60",1
Producción,"6.181,49",1
Producción,"6.183,00",1
Producción,"6.188,00",1
Producción,"6.194,40",1
Producción,"6.195,00",1
Producción,"6.196,00",1
Producción,"6.203,40",1
Producción,"6.204,00",1
Producción,"6.204,43",1
Producción,"6.205,00",1
Producción,"6.213,00",1
Producción,"6.216,00",1
Producción,"6.216,96",1
Producción,"6.220,00",1
Producción,"6.228,00",1
Producción,"6.245,60",1
Producción,"6.246,00",1
Producción,"6.249,18",1
Producción,"6.252,40",1
Producción,"6.256,00",1
Producción,"6.264,41",1
Producción,"6.266,00",1
Producción,"6.266,40",1
Producción,"6.268,50",1
Producción,"6.273,40",1
Producción,"6.275,13",1
Producción,"6.277,50",1
Producción,"6.278,14",1
Producción,"6.282,00",1
Producción,"6.283,20",1
Producción,"6.288,00",1
Producción,"6.288,60",1
Producción,"6.290,00",1
Producción,"6.291,60",1
Producción,"6.293,50",1
Producción,"6.297,00",1
Producción,"6.298,00",1
Producción,"6.302,62",1
Producción,"6.305,07",1
Producción,"6.307,00",1
Producción,"6.307,20",1
Producción,"6.313,14",1
Producción,"6.325,00",1
Producción,"6.328,00",1
Producción,"6.333,60",1
Producción,"6.344,00",1
Producción,"6.345,60",1
Producción,"6.347,00",1
Producción,"6.347,43",1
Producción,"6.353,00",1
Producción,"6.353,80",1
Producción,"6.354,60",1
Producción,"6.355,00",1
Producción,"6.361,00",1
Producción,"6.368,00",1
Producción,"6.368,75",1
Producción,"6.380,00",1
Producción,"6.382,60",1
Producción,"6.384,00",1
Producción,"6.387,50",1
Producción,"6.387,74",1
Producción,"6.388,80",1
Producción,"6.389,66",1
Producción,"6.392,62",1
Producción,"6.392,68",1
Producción,"6.392,85",1
Producción,"6.394,00",1
Producción,"6.398,00",1
Producción,"6.399,21",1
Producción,"6.408,00",1
Producción,"6.422,00",1
Producción,"6.422,44",1
Producción,"6.426,00",1
Producción,"6.431,50",1
Producción,"6.432,60",1
Producción,"6.437,20",1
Producción,"6.454,00",1
Producción,"6.456,00",1
Producción,"6.459,50",1
Producción,"6.460,48",1
Producción,"6.462,27",1
Producción,"6.467,50",1
Producción,"6.474,00",1
Producción,"6.479,01",1
Producción,"6.479,60",1
Producción,"6.488,00",1
Producción,"6.489,48",1
Producción,"6.492,00",1
Producción,"6.495,00",1
Producción,"6.499,12",1
Producción,"6.510,00",1
Producción,"6.514,06",1
Producción,"6.515,70",1
Producción,"6.517,50",1
Producción,"6.522,78",1
Producción,"6.523,60",1
Producción,"6.527,67",1
Producción,"6.528,00",1
Producción,"6.531,40",1
Producción,"6.536,00",1
Producción,"6.542,06",1
Producción,"6.544,00",1
Producción,"6.546,00",1
Producción,"6.547,17",1
Producción,"6.550,38",1
Producción,"6.556,40",1
Producción,"6.558,00",1
Producción,"6.559,00",1
Producción,"6.567,00",1
Producción,"6.571,58",1
Producción,"6.573,00",1
Producción,"6.573,60",1
Producción,"6.577,00",1
Producción,"6.577,60",1
Producción,"6.578,00",1
Producción,"6.588,00",1
Producción,"6.590,00",1
Producción,"6.594,00",1
Producción,"6.594,75",1
Producción,"6.598,50",1
Producción,"6.601,50",1
Producción,"6.602,50",1
Producción,"6.603,00",1
Producción,"6.605,63",1
Producción,"6.606,00",1
Producción,"6.608,00",1
Producción,"6.610,00",1
Producción,"6.610,60",1
Producción,"6.610,90",1
Producción,"6.612,00",1
Producción,"6.618,00",1
Producción,"6.620,00",1
Producción,"6.621,50",1
Producción,"6.622,35",1
Producción,"6.623,10",1
Producción,"6.625,00",1
Producción,"6.631,80",1
Producción,"6.636,82",1
Producción,"6.640,20",1
Producción,"6.642,00",1
Producción,"6.645,00",1
Producción,"6.651,47",1
Producción,"6.653,48",1
Producción,"6.664,00",1
Producción,"6.665,51",1
Producción,"6.669,60",1
Producción,"6.672,16",1
Producción,"6.677,00",1
Producción,"6.682,72",1
Producción,"6.693,00",1
Producción,"6.696,00",1
Producción,"6.697,00",1
Producción,"6.704,72",1
Producción,"6.705,00",1
Producción,"6.708,74",1
Producción,"6.709,64",1
Producción,"6.715,00",1
Producción,"6.723,29",1
Producción,"6.726,00",1
Producción,"6.728,00",1
Producción,"6.739,47",1
Producción,"6.741,00",1
Producción,"6.748,72",1
Producción,"6.755,47",1
Producción,"6.758,00",1
Producción,"6.759,00",1
Producción,"6.763,96",1
Producción,"6.768,00",1
Producción,"6.768,30",1
Producción,"6.774,00",1
Producción,"6.775,97",1
Producción,"6.778,20",1
Producción,"6.779,95",1
Producción,"6.780,00",1
Producción,"6.784,90",1
Producción,"6.786,00",1
Producción,"6.787,20",1
Producción,"6.794,34",1
Producción,"6.796,90",1
Producción,"6.799,00",1
Producción,"6.804,00",1
Producción,"6.805,20",1
Producción,"6.807,50",1
Producción,"6.809,55",1
Producción,"6.810,00",1
Producción,"6.813,32",1
Producción,"6.815,00",1
Producción,"6.816,00",1
Producción,"6.820,00",1
Producción,"6.825,00",1
Producción,"6.830,60",1
Producción,"6.831,50",1
Producción,"6.836,50",1
Producción,"6.838,00",1
Producción,"6.838,50",1
Producción,"6.842,40",1
Producción,"6.845,00",1
Producción,"6.846,00",1
Producción,"6.848,00",1
Producción,"6.858,00",1
Producción,"6.859,95",1
Producción,"6.864,00",1
Producción,"6.868,00",1
Producción,"6.870,00",1
Producción,"6.870,60",1
Producción,"6.879,00",1
Producción,"6.879,30",1
Producción,"6.879,60",1
Producción,"6.882,00",1
Producción,"6.885,00",1
Producción,"6.895,00",1
Producción,"6.897,66",1
Producción,"6.909,00",1
Producción,"6.910,00",1
Producción,"6.910,69",1
Producción,"6.912,00",1
Producción,"6.917,00",1
Producción,"6.919,00",1
Producción,"6.919,50",1
Producción,"6.920,48",1
Producción,"6.921,00",1
Producción,"6.925,00",1
Producción,"6.927,00",1
Producción,"6.935,00",1
Producción,"6.936,97",1
Producción,"6.939,00",1
Producción,"6.941,00",1
Producción,"6.944,30",1
Producción,"6.949,50",1
Producción,"6.949,60",1
Producción,"6.955,00",1
Producción,"6.955,67",1
Producción,"6.966,00",1
Producción,"6.980,60",1
Producción,"6.985,00",1
Producción,"6.991,25",1
Producción,"6.992,39",1
Producción,"6.996,96",1
Producción,"60.032,00",1
Producción,"60.090,00",1
Producción,"60.109,20",1
Producción,"60.141,38",1
Producción,"60.180,00",1
Producción,"60.192,00",1
Producción,"60.307,40",1
Producción,"60.570,00",1
Producción,"60.690,00",1
Producción,"60.750,00",1
Producción,"60.760,00",1
Producción,"60.800,00",1
Producción,"60.922,67",1
Producción,"600.000,00",1
Producción,"601.614,00",1
Producción,"61.080,00",1
Producción,"61.157,30",1
Producción,"61.560,00",1
Producción,"61.824,00",1
Producción,"61.902,00",1
Producción,"61.920,00",1
Producción,"62.372,66",1
Producción,"62.465,00",1
Producción,"62.480,00",1
Producción,"62.660,40",1
Producción,"62.680,00",1
Producción,"62.712,00",1
Producción,"62.999,29",1
Producción,"627.209,21",1
Producción,"63.061,00",1
Producción,"63.200,00",1
Producción,"63.210,00",1
Producción,"63.255,64",1
Producción,"63.400,00",1
Producción,"63.403,00",1
Producción,"63.450,00",1
Producción,"63.510,00",1
Producción,"63.840,00",1
Producción,"63.900,00",1
Producción,"64.273,50",1
Producción,"64.415,00",1
Producción,"64.480,00",1
Producción,"64.680,00",1
Producción,"64.960,00",1
Producción,"643.550,00",1
Producción,"644.410,00",1
Producción,"648.420,00",1
Producción,"648.830,00",1
Producción,"65.100,00",1
Producción,"65.180,00",1
Producción,"65.250,00",1
Producción,"65.600,00",1
Producción,"65.606,00",1
Producción,"65.667,00",1
Producción,"65.890,00",1
Producción,"65.994,50",1
Producción,"654.030,00",1
Producción,"657.600,00",1
Producción,"66.006,92",1
Producción,"66.080,00",1
Producción,"66.181,85",1
Producción,"66.250,00",1
Producción,"66.300,00",1
Producción,"66.431,30",1
Producción,"66.456,00",1
Producción,"66.600,00",1
Producción,"66.800,00",1
Producción,"66.818,50",1
Producción,"66.900,00",1
Producción,"660.000,00",1
Producción,"667.200,00",1
Producción,"67.000,00",1
Producción,"67.137,06",1
Producción,"67.308,78",1
Producción,"67.390,30",1
Producción,"67.900,00",1
Producción,"67.920,00",1
Producción,"670.881,00",1
Producción,"68.103,00",1
Producción,"68.160,00",1
Producción,"68.400,00",1
Producción,"68.750,00",1
Producción,"68.869,90",1
Producción,"68.906,50",1
Producción,"681.210,00",1
Producción,"69.020,00",1
Producción,"69.065,00",1
Producción,"69.180,00",1
Producción,"69.255,00",1
Producción,"69.520,00",1
Producción,"69.717,00",1
Producción,"69.750,00",1
Producción,"694.492,00",1
Producción,"7.001,40",1
Producción,"7.007,00",1
Producción,"7.009,10",1
Producción,"7.009,35",1
Producción,"7.017,88",1
Producción,"7.018,00",1
Producción,"7.022,90",1
Producción,"7.027,20",1
Producción,"7.028,00",1
Producción,"7.030,00",1
Producción,"7.030,68",1
Producción,"7.031,65",1
Producción,"7.032,00",1
Producción,"7.035,00",1
Producción,"7.044,00",1
Producción,"7.044,82",1
Producción,"7.046,00",1
Producción,"7.048,00",1
Producción,"7.049,00",1
Producción,"7.056,50",1
Producción,"7.057,50",1
Producción,"7.061,80",1
Producción,"7.064,40",1
Producción,"7.065,00",1
Producción,"7.072,50",1
Producción,"7.075,00",1
Producción,"7.084,80",1
Producción,"7.085,00",1
Producción,"7.086,30",1
Producción,"7.087,50",1
Producción,"7.088,00",1
Producción,"7.090,00",1
Producción,"7.100,50",1
Producción,"7.101,68",1
Producción,"7.109,46",1
Producción,"7.111,80",1
Producción,"7.119,00",1
Producción,"7.120,00",1
Producción,"7.122,60",1
Producción,"7.130,00",1
Producción,"7.130,61",1
Producción,"7.134,00",1
Producción,"7.134,05",1
Producción,"7.144,00",1
Producción,"7.144,20",1
Producción,"7.146,00",1
Producción,"7.161,30",1
Producción,"7.163,00",1
Producción,"7.165,16",1
Producción,"7.166,80",1
Producción,"7.168,00",1
Producción,"7.170,00",1
Producción,"7.182,50",1
Producción,"7.188,00",1
Producción,"7.191,00",1
Producción,"7.194,00",1
Producción,"7.196,26",1
Producción,"7.196,80",1
Producción,"7.199,01",1
Producción,"7.203,60",1
Producción,"7.206,30",1
Producción,"7.206,40",1
Producción,"7.206,50",1
Producción,"7.208,00",1
Producción,"7.215,00",1
Producción,"7.220,00",1
Producción,"7.228,00",1
Producción,"7.238,00",1
Producción,"7.238,10",1
Producción,"7.245,00",1
Producción,"7.246,50",1
Producción,"7.258,20",1
Producción,"7.264,10",1
Producción,"7.266,00",1
Producción,"7.270,00",1
Producción,"7.276,80",1
Producción,"7.282,20",1
Producción,"7.285,20",1
Producción,"7.290,00",1
Producción,"7.298,00",1
Producción,"7.306,60",1
Producción,"7.308,00",1
Producción,"7.324,85",1
Producción,"7.340,00",1
Producción,"7.345,00",1
Producción,"7.347,60",1
Producción,"7.353,00",1
Producción,"7.354,20",1
Producción,"7.356,00",1
Producción,"7.357,50",1
Producción,"7.362,00",1
Producción,"7.362,33",1
Producción,"7.363,12",1
Producción,"7.371,00",1
Producción,"7.375,16",1
Producción,"7.381,00",1
Producción,"7.382,91",1
Producción,"7.386,20",1
Producción,"7.389,06",1
Producción,"7.390,00",1
Producción,"7.398,30",1
Producción,"7.404,80",1
Producción,"7.407,89",1
Producción,"7.410,00",1
Producción,"7.411,33",1
Producción,"7.413,70",1
Producción,"7.414,00",1
Producción,"7.436,00",1
Producción,"7.443,09",1
Producción,"7.447,50",1
Producción,"7.448,00",1
Producción,"7.451,50",1
Producción,"7.455,00",1
Producción,"7.457,83",1
Producción,"7.462,42",1
Producción,"7.472,80",1
Producción,"7.477,50",1
Producción,"7.477,60",1
Producción,"7.482,72",1
Producción,"7.485,00",1
Producción,"7.495,00",1
Producción,"7.498,80",1
Producción,"7.505,10",1
Producción,"7.512,00",1
Producción,"7.529,51",1
Producción,"7.539,00",1
Producción,"7.546,50",1
Producción,"7.552,00",1
Producción,"7.558,70",1
Producción,"7.560,63",1
Producción,"7.562,50",1
Producción,"7.565,00",1
Producción,"7.572,00",1
Producción,"7.575,00",1
Producción,"7.578,75",1
Producción,"7.584,00",1
Producción,"7.587,20",1
Producción,"7.590,00",1
Producción,"7.593,36",1
Producción,"7.595,00",1
Producción,"7.595,59",1
Producción,"7.595,70",1
Producción,"7.596,00",1
Producción,"7.602,00",1
Producción,"7.605,00",1
Producción,"7.607,25",1
Producción,"7.608,46",1
Producción,"7.611,80",1
Producción,"7.614,00",1
Producción,"7.614,60",1
Producción,"7.615,53",1
Producción,"7.619,02",1
Producción,"7.622,43",1
Producción,"7.623,00",1
Producción,"7.624,00",1
Producción,"7.625,00",1
Producción,"7.628,00",1
Producción,"7.630,00",1
Producción,"7.630,93",1
Producción,"7.632,00",1
Producción,"7.632,50",1
Producción,"7.637,00",1
Producción,"7.644,00",1
Producción,"7.645,00",1
Producción,"7.648,00",1
Producción,"7.649,54",1
Producción,"7.667,00",1
Producción,"7.668,00",1
Producción,"7.678,00",1
Producción,"7.695,00",1
Producción,"7.696,00",1
Producción,"7.704,00",1
Producción,"7.710,00",1
Producción,"7.712,98",1
Producción,"7.721,00",1
Producción,"7.725,00",1
Producción,"7.727,14",1
Producción,"7.744,00",1
Producción,"7.744,23",1
Producción,"7.746,00",1
Producción,"7.750,00",1
Producción,"7.752,50",1
Producción,"7.772,00",1
Producción,"7.775,00",1
Producción,"7.780,00",1
Producción,"7.782,60",1
Producción,"7.784,00",1
Producción,"7.784,05",1
Producción,"7.787,00",1
Producción,"7.791,00",1
Producción,"7.797,50",1
Producción,"7.798,13",1
Producción,"7.805,00",1
Producción,"7.807,00",1
Producción,"7.809,00",1
Producción,"7.812,00",1
Producción,"7.813,62",1
Producción,"7.824,00",1
Producción,"7.828,96",1
Producción,"7.830,00",1
Producción,"7.830,65",1
Producción,"7.839,00",1
Producción,"7.840,38",1
Producción,"7.844,72",1
Producción,"7.845,00",1
Producción,"7.845,30",1
Producción,"7.848,00",1
Producción,"7.853,00",1
Producción,"7.854,00",1
Producción,"7.856,00",1
Producción,"7.858,40",1
Producción,"7.858,50",1
Producción,"7.867,62",1
Producción,"7.868,28",1
Producción,"7.870,00",1
Producción,"7.878,00",1
Producción,"7.888,00",1
Producción,"7.905,00",1
Producción,"7.905,28",1
Producción,"7.908,00",1
Producción,"7.909,67",1
Producción,"7.912,50",1
Producción,"7.926,25",1
Producción,"7.935,00",1
Producción,"7.940,00",1
Producción,"7.945,00",1
Producción,"7.952,00",1
Producción,"7.954,38",1
Producción,"7.956,00",1
Producción,"7.957,00",1
Producción,"7.957,60",1
Producción,"7.958,00",1
Producción,"7.965,00",1
Producción,"7.965,17",1
Producción,"7.968,00",1
Producción,"7.970,20",1
Producción,"7.972,98",1
Producción,"7.973,00",1
Producción,"7.974,00",1
Producción,"7.975,00",1
Producción,"7.978,95",1
Producción,"7.981,00",1
Producción,"7.988,50",1
Producción,"7.992,50",1
Producción,"7.994,90",1
Producción,"7.996,56",1
Producción,"70.011,98",1
Producción,"70.440,00",1
Producción,"70.520,00",1
Producción,"70.580,20",1
Producción,"70.646,00",1
Producción,"70.848,00",1
Producción,"70.912,80",1
Producción,"70.950,00",1
Producción,"70.980,00",1
Producción,"71.020,00",1
Producción,"71.278,67",1
Producción,"71.579,52",1
Producción,"71.600,00",1
Producción,"71.803,47",1
Producción,"712.140,00",1
Producción,"72.003,20",1
Producción,"72.333,00",1
Producción,"72.360,00",1
Producción,"72.500,00",1
Producción,"72.560,00",1
Producción,"72.600,00",1
Producción,"72.610,20",1
Producción,"72.680,00",1
Producción,"72.800,00",1
Producción,"72.880,00",1
Producción,"72.900,00",1
Producción,"72.960,00",1
Producción,"724.710,00",1
Producción,"73.100,00",1
Producción,"73.146,00",1
Producción,"73.224,00",1
Producción,"73.283,00",1
Producción,"73.473,60",1
Producción,"73.480,00",1
Producción,"73.722,00",1
Producción,"73.960,00",1
Producción,"73.973,20",1
Producción,"731.700,00",1
Producción,"739.017,00",1
Producción,"74.000,00",1
Producción,"74.100,00",1
Producción,"74.370,00",1
Producción,"74.403,20",1
Producción,"75.120,00",1
Producción,"75.144,00",1
Producción,"75.200,00",1
Producción,"75.300,00",1
Producción,"75.624,50",1
Producción,"753.710,00",1
Producción,"76.000,00",1
Producción,"76.500,00",1
Producción,"76.700,00",1
Producción,"766.590,00",1
Producción,"767.948,00",1
Producción,"77.319,00",1
Producción,"77.500,00",1
Producción,"77.600,00",1
Producción,"77.715,64",1
Producción,"77.796,00",1
Producción,"77.832,00",1
Producción,"77.850,00",1
Producción,"77.856,00",1
Producción,"77.870,00",1
Producción,"77.968,00",1
Producción,"78.480,00",1
Producción,"782.023,00",1
Producción,"786.759,40",1
Producción,"79.020,00",1
Producción,"79.375,00",1
Producción,"79.950,00",1
Producción,"8.001,50",1
Producción,"8.010,00",1
Producción,"8.019,00",1
Producción,"8.022,00",1
Producción,"8.029,00",1
Producción,"8.030,00",1
Producción,"8.032,50",1
Producción,"8.043,75",1
Producción,"8.045,00",1
Producción,"8.048,50",1
Producción,"8.053,38",1
Producción,"8.055,00",1
Producción,"8.061,37",1
Producción,"8.064,00",1
Producción,"8.069,60",1
Producción,"8.070,00",1
Producción,"8.075,00",1
Producción,"8.075,71",1
Producción,"8.078,00",1
Producción,"8.081,25",1
Producción,"8.083,50",1
Producción,"8.098,42",1
Producción,"8.103,51",1
Producción,"8.104,50",1
Producción,"8.105,00",1
Producción,"8.115,20",1
Producción,"8.118,00",1
Producción,"8.120,00",1
Producción,"8.121,75",1
Producción,"8.122,90",1
Producción,"8.123,32",1
Producción,"8.125,10",1
Producción,"8.126,52",1
Producción,"8.128,00",1
Producción,"8.131,60",1
Producción,"8.141,00",1
Producción,"8.151,09",1
Producción,"8.155,00",1
Producción,"8.156,00",1
Producción,"8.165,00",1
Producción,"8.169,00",1
Producción,"8.170,00",1
Producción,"8.170,20",1
Producción,"8.174,00",1
Producción,"8.177,57",1
Producción,"8.184,00",1
Producción,"8.194,07",1
Producción,"8.196,00",1
Producción,"8.200,00",1
Producción,"8.204,00",1
Producción,"8.206,00",1
Producción,"8.213,00",1
Producción,"8.216,08",1
Producción,"8.228,00",1
Producción,"8.232,00",1
Producción,"8.239,00",1
Producción,"8.240,00",1
Producción,"8.244,00",1
Producción,"8.247,60",1
Producción,"8.249,00",1
Producción,"8.255,50",1
Producción,"8.255,61",1
Producción,"8.261,00",1
Producción,"8.265,00",1
Producción,"8.265,60",1
Producción,"8.268,00",1
Producción,"8.270,00",1
Producción,"8.274,00",1
Producción,"8.284,00",1
Producción,"8.286,29",1
Producción,"8.294,00",1
Producción,"8.295,90",1
Producción,"8.302,50",1
Producción,"8.303,41",1
Producción,"8.310,00",1
Producción,"8.310,90",1
Producción,"8.316,00",1
Producción,"8.321,50",1
Producción,"8.325,90",1
Producción,"8.340,00",1
Producción,"8.341,05",1
Producción,"8.343,00",1
Producción,"8.344,00",1
Producción,"8.344,50",1
Producción,"8.350,00",1
Producción,"8.352,00",1
Producción,"8.361,00",1
Producción,"8.365,00",1
Producción,"8.372,50",1
Producción,"8.376,00",1
Producción,"8.385,00",1
Producción,"8.387,50",1
Producción,"8.395,00",1
Producción,"8.397,50",1
Producción,"8.398,00",1
Producción,"8.402,20",1
Producción,"8.404,00",1
Producción,"8.406,57",1
Producción,"8.408,00",1
Producción,"8.411,55",1
Producción,"8.412,92",1
Producción,"8.420,00",1
Producción,"8.420,44",1
Producción,"8.421,00",1
Producción,"8.433,24",1
Producción,"8.435,00",1
Producción,"8.445,00",1
Producción,"8.452,40",1
Producción,"8.454,00",1
Producción,"8.460,00",1
Producción,"8.462,70",1
Producción,"8.475,00",1
Producción,"8.480,00",1
Producción,"8.483,00",1
Producción,"8.484,00",1
Producción,"8.495,04",1
Producción,"8.502,00",1
Producción,"8.506,58",1
Producción,"8.512,00",1
Producción,"8.512,50",1
Producción,"8.513,70",1
Producción,"8.514,69",1
Producción,"8.519,50",1
Producción,"8.522,90",1
Producción,"8.525,00",1
Producción,"8.528,00",1
Producción,"8.532,00",1
Producción,"8.542,50",1
Producción,"8.544,00",1
Producción,"8.545,00",1
Producción,"8.545,95",1
Producción,"8.550,40",1
Producción,"8.561,00",1
Producción,"8.577,00",1
Producción,"8.579,00",1
Producción,"8.586,00",1
Producción,"8.588,00",1
Producción,"8.592,50",1
Producción,"8.600,08",1
Producción,"8.602,00",1
Producción,"8.608,00",1
Producción,"8.610,45",1
Producción,"8.611,20",1
Producción,"8.620,00",1
Producción,"8.621,10",1
Producción,"8.623,62",1
Producción,"8.627,50",1
Producción,"8.633,00",1
Producción,"8.638,00",1
Producción,"8.642,50",1
Producción,"8.645,94",1
Producción,"8.647,50",1
Producción,"8.652,60",1
Producción,"8.660,10",1
Producción,"8.664,00",1
Producción,"8.670,00",1
Producción,"8.672,40",1
Producción,"8.673,00",1
Producción,"8.677,50",1
Producción,"8.680,00",1
Producción,"8.688,00",1
Producción,"8.706,50",1
Producción,"8.711,51",1
Producción,"8.730,00",1
Producción,"8.731,40",1
Producción,"8.738,62",1
Producción,"8.740,38",1
Producción,"8.745,00",1
Producción,"8.756,00",1
Producción,"8.758,40",1
Producción,"8.760,00",1
Producción,"8.761,17",1
Producción,"8.768,50",1
Producción,"8.792,50",1
Producción,"8.793,20",1
Producción,"8.796,00",1
Producción,"8.797,50",1
Producción,"8.799,00",1
Producción,"8.806,40",1
Producción,"8.807,00",1
Producción,"8.808,00",1
Producción,"8.811,10",1
Producción,"8.812,80",1
Producción,"8.815,00",1
Producción,"8.817,00",1
Producción,"8.827,00",1
Producción,"8.831,78",1
Producción,"8.835,00",1
Producción,"8.838,00",1
Producción,"8.847,00",1
Producción,"8.848,00",1
Producción,"8.850,19",1
Producción,"8.854,79",1
Producción,"8.855,00",1
Producción,"8.862,15",1
Producción,"8.870,00",1
Producción,"8.872,68",1
Producción,"8.874,00",1
Producción,"8.881,56",1
Producción,"8.890,50",1
Producción,"8.896,00",1
Producción,"8.897,70",1
Producción,"8.916,80",1
Producción,"8.947,50",1
Producción,"8.952,00",1
Producción,"8.968,62",1
Producción,"8.972,60",1
Producción,"8.977,50",1
Producción,"8.987,00",1
Producción,"8.988,00",1
Producción,"8.990,00",1
Producción,"80.100,00",1
Producción,"80.550,00",1
Producción,"80.600,00",1
Producción,"804.870,00",1
Producción,"81.000,00",1
Producción,"81.540,00",1
Producción,"81.600,00",1
Producción,"81.630,00",1
Producción,"81.791,00",1
Producción,"817.800,00",1
Producción,"82.229,00",1
Producción,"82.420,00",1
Producción,"82.500,00",1
Producción,"82.650,00",1
Producción,"82.800,00",1
Producción,"823.881,24",1
Producción,"828.630,00",1
Producción,"829.530,00",1
Producción,"83.093,70",1
Producción,"83.209,70",1
Producción,"83.297,50",1
Producción,"83.776,70",1
Producción,"83.850,00",1
Producción,"83.872,00",1
Producción,"83.952,00",1
Producción,"84.000,00",1
Producción,"84.760,00",1
Producción,"84.791,70",1
Producción,"84.840,00",1
Producción,"85.068,00",1
Producción,"85.280,00",1
Producción,"85.316,00",1
Producción,"85.703,80",1
Producción,"85.750,00",1
Producción,"857.560,00",1
Producción,"86.003,00",1
Producción,"86.300,00",1
Producción,"86.515,00",1
Producción,"86.646,20",1
Producción,"860.880,00",1
Producción,"87.000,00",1
Producción,"87.070,00",1
Producción,"87.246,00",1
Producción,"87.560,00",1
Producción,"87.626,00",1
Producción,"87.916,00",1
Producción,"87.967,78",1
Producción,"88.130,00",1
Producción,"88.164,00",1
Producción,"88.200,00",1
Producción,"88.288,00",1
Producción,"88.360,00",1
Producción,"88.374,00",1
Producción,"88.729,20",1
Producción,"88.964,00",1
Producción,"89.081,76",1
Producción,"89.478,27",1
Producción,"89.600,00",1
Producción,"89.705,00",1
Producción,"89.850,00",1
Producción,"895.390,00",1
Producción,"9.005,08",1
Producción,"9.005,55",1
Producción,"9.012,00",1
Producción,"9.020,40",1
Producción,"9.032,10",1
Producción,"9.035,00",1
Producción,"9.037,50",1
Producción,"9.048,00",1
Producción,"9.050,00",1
Producción,"9.050,79",1
Producción,"9.057,75",1
Producción,"9.064,00",1
Producción,"9.067,50",1
Producción,"9.072,00",1
Producción,"9.086,55",1
Producción,"9.097,20",1
Producción,"9.100,80",1
Producción,"9.104,32",1
Producción,"9.107,79",1
Producción,"9.109,62",1
Producción,"9.126,74",1
Producción,"9.130,00",1
Producción,"9.133,00",1
Producción,"9.142,50",1
Producción,"9.148,90",1
Producción,"9.150,00",1
Producción,"9.152,00",1
Producción,"9.156,00",1
Producción,"9.160,00",1
Producción,"9.164,25",1
Producción,"9.174,84",1
Producción,"9.176,00",1
Producción,"9.184,00",1
Producción,"9.190,00",1
Producción,"9.194,40",1
Producción,"9.198,70",1
Producción,"9.201,19",1
Producción,"9.207,00",1
Producción,"9.211,00",1
Producción,"9.211,40",1
Producción,"9.213,61",1
Producción,"9.214,00",1
Producción,"9.220,00",1
Producción,"9.220,96",1
Producción,"9.221,31",1
Producción,"9.223,20",1
Producción,"9.232,00",1
Producción,"9.240,01",1
Producción,"9.248,00",1
Producción,"9.252,34",1
Producción,"9.255,00",1
Producción,"9.264,00",1
Producción,"9.265,00",1
Producción,"9.282,00",1
Producción,"9.285,00",1
Producción,"9.288,00",1
Producción,"9.301,50",1
Producción,"9.303,90",1
Producción,"9.306,00",1
Producción,"9.310,00",1
Producción,"9.330,00",1
Producción,"9.337,02",1
Producción,"9.342,00",1
Producción,"9.345,00",1
Producción,"9.355,78",1
Producción,"9.358,80",1
Producción,"9.368,00",1
Producción,"9.383,11",1
Producción,"9.390,60",1
Producción,"9.394,00",1
Producción,"9.415,00",1
Producción,"9.416,22",1
Producción,"9.417,60",1
Producción,"9.422,00",1
Producción,"9.424,00",1
Producción,"9.425,00",1
Producción,"9.448,00",1
Producción,"9.448,20",1
Producción,"9.475,00",1
Producción,"9.486,18",1
Producción,"9.490,00",1
Producción,"9.499,00",1
Producción,"9.504,00",1
Producción,"9.510,60",1
Producción,"9.520,00",1
Producción,"9.525,00",1
Producción,"9.526,00",1
Producción,"9.529,40",1
Producción,"9.530,00",1
Producción,"9.536,00",1
Producción,"9.541,80",1
Producción,"9.544,00",1
Producción,"9.545,00",1
Producción,"9.554,00",1
Producción,"9.555,00",1
Producción,"9.558,00",1
Producción,"9.570,00",1
Producción,"9.573,15",1
Producción,"9.575,00",1
Producción,"9.583,78",1
Producción,"9.585,00",1
Producción,"9.601,00",1
Producción,"9.610,00",1
Producción,"9.614,00",1
Producción,"9.620,00",1
Producción,"9.640,00",1
Producción,"9.644,03",1
Producción,"9.645,00",1
Producción,"9.646,00",1
Producción,"9.650,00",1
Producción,"9.655,20",1
Producción,"9.660,00",1
Producción,"9.666,00",1
Producción,"9.671,49",1
Producción,"9.675,00",1
Producción,"9.678,80",1
Producción,"9.679,50",1
Producción,"9.686,00",1
Producción,"9.700,00",1
Producción,"9.701,90",1
Producción,"9.704,00",1
Producción,"9.708,00",1
Producción,"9.713,70",1
Producción,"9.715,00",1
Producción,"9.716,00",1
Producción,"9.725,56",1
Producción,"9.732,00",1
Producción,"9.733,40",1
Producción,"9.745,00",1
Producción,"9.751,75",1
Producción,"9.753,75",1
Producción,"9.756,00",1
Producción,"9.758,00",1
Producción,"9.770,00",1
Producción,"9.787,50",1
Producción,"9.788,14",1
Producción,"9.792,00",1
Producción,"9.795,23",1
Producción,"9.797,42",1
Producción,"9.806,40",1
Producción,"9.808,50",1
Producción,"9.813,08",1
Producción,"9.820,00",1
Producción,"9.828,00",1
Producción,"9.842,00",1
Producción,"9.846,00",1
Producción,"9.850,00",1
Producción,"9.852,00",1
Producción,"9.855,00",1
Producción,"9.864,00",1
Producción,"9.866,44",1
Producción,"9.867,00",1
Producción,"9.870,50",1
Producción,"9.880,00",1
Producción,"9.901,20",1
Producción,"9.903,00",1
Producción,"9.915,00",1
Producción,"9.930,00",1
Producción,"9.936,61",1
Producción,"9.945,00",1
Producción,"9.952,00",1
Producción,"9.954,00",1
Producción,"9.968,00",1
Producción,"9.980,00",1
Producción,"9.987,48",1
Producción,"9.995,84",1
Producción,"9.997,00",1
Producción,"90.000,00",1
Producción,"90.100,00",1
Producción,"90.795,00",1
Producción,"90.860,00",1
Producción,"91.300,00",1
Producción,"91.400,00",1
Producción,"91.784,00",1
Producción,"911.430,00",1
Producción,"92.160,00",1
Producción,"92.537,80",1
Producción,"93.217,80",1
Producción,"935.480,00",1
Producción,"94.050,00",1
Producción,"94.080,00",1
Producción,"94.200,00",1
Producción,"94.237,80",1
Producción,"94.314,48",1
Producción,"94.339,21",1
Producción,"94.804,20",1
Producción,"94.995,00",1
Producción,"95.058,00",1
Producción,"95.355,00",1
Producción,"95.855,00",1
Producción,"96.300,00",1
Producción,"97.541,60",1
Producción,"97.890,00",1
Producción,"97.895,85",1
Producción,"979.560,00",1
Producción,"98.550,00",1
Producción,"98.940,00",1
Producción,"99.000,00",1
Producción,"99.200,00",1
Producción,"99.450,00",1
Producción,"99.500,00",1
Producción,"99.525,00",1
Producción,"99.660,00",1
Producción,"99.680,00",1
Producción,"99.699,60",1
Producción,"99.901,14",1
Área cosechada,"1.000,00",140
Área cosechada,"1.200,00",98
Área cosechada,"1.500,00",91
Área cosechada,"2.000,00",69
Área cosechada,"1.100,00",62
Área cosechada,"1.300,00",58
Área cosechada,"1.400,00",46
Área cosechada,"1.150,00",43
Área cosechada,"2.500,00",40
Área cosechada,"2.100,00",39
Área cosechada,"1.050,00",38
Área cosechada,"1.600,00",34
Área cosechada,"1.800,00",34
Área cosechada,"1.450,00",30
Área cosechada,"2.800,00",26
Área cosechada,"1.250,00",25
Área cosechada,"2.200,00",24
Área cosechada,"6.000,00",24
Área cosechada,"3.500,00",23
Área cosechada,"1.580,00",22
Área cosechada,"1.700,00",22
Área cosechada,"1.900,00",20
Área cosechada,"2.300,00",20
Área cosechada,"3.000,00",20
Área cosechada,"1.020,00",17
Área cosechada,"1.350,00",17
Área cosechada,"1.180,00",16
Área cosechada,"2.600,00",16
Área cosechada,"5.000,00",16
Área cosechada,"1.550,00",15
Área cosechada,"1.080,00",14
Área cosechada,"1.110,00",14
Área cosechada,"1.040,00",13
Área cosechada,"1.140,00",13
Área cosechada,"2.400,00",13
Área cosechada,"2.700,00",13
Área cosechada,"4.000,00",13
Área cosechada,"1.160,00",12
Área cosechada,"1.750,00",12
Área cosechada,"1.950,00",12
Área cosechada,"3.300,00",12
Área cosechada,"1.280,00",11
Área cosechada,"1.380,00",11
Área cosechada,"2.050,00",11
Área cosechada,"2.350,00",11
Área cosechada,"1.230,00",10
Área cosechada,"1.240,00",10
Área cosechada,"1.420,00",10
Área cosechada,"1.440,00",10
Área cosechada,"1.005,00",9
Área cosechada,"1.125,00",9
Área cosechada,"1.220,00",9
Área cosechada,"1.260,00",9
Área cosechada,"1.360,00",9
Área cosechada,"1.490,00",9
Área cosechada,"1.570,00",9
Área cosechada,"1.590,00",9
Área cosechada,"1.650,00",9
Área cosechada,"1.780,00",9
Área cosechada,"1.790,00",9
Área cosechada,"1.850,00",9
Área cosechada,"3.200,00",9
Área cosechada,"4.100,00",9
Área cosechada,"1.120,00",8
Área cosechada,"1.341,00",8
Área cosechada,"1.540,00",8
Área cosechada,"2.220,00",8
Área cosechada,"2.450,00",8
Área cosechada,"2.750,00",8
Área cosechada,"3.346,00",8
Área cosechada,"1.016,00",7
Área cosechada,"1.030,00",7
Área cosechada,"1.033,00",7
Área cosechada,"1.090,00",7
Área cosechada,"1.130,00",7
Área cosechada,"1.249,00",7
Área cosechada,"1.254,00",7
Área cosechada,"1.270,00",7
Área cosechada,"1.390,00",7
Área cosechada,"1.430,00",7
Área cosechada,"1.520,00",7
Área cosechada,"1.575,00",7
Área cosechada,"1.584,00",7
Área cosechada,"1.680,00",7
Área cosechada,"15.000,00",7
Área cosechada,"16.965,00",7
Área cosechada,"2.009,00",7
Área cosechada,"2.040,00",7
Área cosechada,"2.150,00",7
Área cosechada,"2.285,00",7
Área cosechada,"2.310,00",7
Área cosechada,"2.900,00",7
Área cosechada,"29.490,00",7
Área cosechada,"3.825,00",7
Área cosechada,"4.300,00",7
Área cosechada,"4.500,00",7
Área cosechada,"4.650,00",7
Área cosechada,"6.796,00",7
Área cosechada,"9.700,00",7
Área cosechada,"1.017,00",6
Área cosechada,"1.026,00",6
Área cosechada,"1.049,00",6
Área cosechada,"1.070,00",6
Área cosechada,"1.077,00",6
Área cosechada,"1.104,00",6
Área cosechada,"1.251,00",6
Área cosechada,"1.320,00",6
Área cosechada,"1.464,50",6
Área cosechada,"1.501,00",6
Área cosechada,"1.598,00",6
Área cosechada,"1.805,00",6
Área cosechada,"1.819,10",6
Área cosechada,"1.840,00",6
Área cosechada,"1.980,00",6
Área cosechada,"10.184,00",6
Área cosechada,"10.537,00",6
Área cosechada,"2.175,00",6
Área cosechada,"2.650,00",6
Área cosechada,"2.930,00",6
Área cosechada,"2.948,00",6
Área cosechada,"20.766,00",6
Área cosechada,"3.100,00",6
Área cosechada,"3.600,00",6
Área cosechada,"33.900,00",6
Área cosechada,"4.825,00",6
Área cosechada,"5.584,00",6
Área cosechada,"8.130,00",6
Área cosechada,"9.200,00",6
Área cosechada,"1.015,00",5
Área cosechada,"1.054,00",5
Área cosechada,"1.059,00",5
Área cosechada,"1.098,00",5
Área cosechada,"1.102,00",5
Área cosechada,"1.170,00",5
Área cosechada,"1.185,00",5
Área cosechada,"1.190,00",5
Área cosechada,"1.192,00",5
Área cosechada,"1.198,00",5
Área cosechada,"1.235,00",5
Área cosechada,"1.245,00",5
Área cosechada,"1.275,00",5
Área cosechada,"1.310,00",5
Área cosechada,"1.315,00",5
Área cosechada,"1.340,00",5
Área cosechada,"1.395,00",5
Área cosechada,"1.460,00",5
Área cosechada,"1.510,00",5
Área cosechada,"1.524,00",5
Área cosechada,"1.565,00",5
Área cosechada,"1.610,00",5
Área cosechada,"1.617,00",5
Área cosechada,"1.630,00",5
Área cosechada,"1.775,00",5
Área cosechada,"1.817,00",5
Área cosechada,"1.860,00",5
Área cosechada,"1.890,00",5
Área cosechada,"1.994,00",5
Área cosechada,"10.100,00",5
Área cosechada,"10.525,00",5
Área cosechada,"2.005,00",5
Área cosechada,"2.080,00",5
Área cosechada,"2.160,00",5
Área cosechada,"2.250,00",5
Área cosechada,"2.480,00",5
Área cosechada,"2.882,00",5
Área cosechada,"2.976,00",5
Área cosechada,"3.291,00",5
Área cosechada,"3.322,00",5
Área cosechada,"3.400,00",5
Área cosechada,"3.800,00",5
Área cosechada,"4.089,00",5
Área cosechada,"5.100,00",5
Área cosechada,"6.040,00",5
Área cosechada,"6.500,00",5
Área cosechada,"6.882,00",5
Área cosechada,"7.076,00",5
Área cosechada,"7.285,00",5
Área cosechada,"1.007,00",4
Área cosechada,"1.027,00",4
Área cosechada,"1.035,00",4
Área cosechada,"1.041,00",4
Área cosechada,"1.042,00",4
Área cosechada,"1.055,00",4
Área cosechada,"1.056,30",4
Área cosechada,"1.060,00",4
Área cosechada,"1.066,00",4
Área cosechada,"1.072,00",4
Área cosechada,"1.079,00",4
Área cosechada,"1.085,00",4
Área cosechada,"1.096,00",4
Área cosechada,"1.115,00",4
Área cosechada,"1.116,00",4
Área cosechada,"1.119,00",4
Área cosechada,"1.153,00",4
Área cosechada,"1.174,00",4
Área cosechada,"1.182,00",4
Área cosechada,"1.187,50",4
Área cosechada,"1.195,00",4
Área cosechada,"1.199,00",4
Área cosechada,"1.204,00",4
Área cosechada,"1.210,00",4
Área cosechada,"1.212,00",4
Área cosechada,"1.240,02",4
Área cosechada,"1.264,00",4
Área cosechada,"1.290,00",4
Área cosechada,"1.292,00",4
Área cosechada,"1.311,00",4
Área cosechada,"1.313,00",4
Área cosechada,"1.338,00",4
Área cosechada,"1.345,00",4
Área cosechada,"1.354,78",4
Área cosechada,"1.357,00",4
Área cosechada,"1.374,00",4
Área cosechada,"1.386,00",4
Área cosechada,"1.399,00",4
Área cosechada,"1.410,00",4
Área cosechada,"1.470,00",4
Área cosechada,"1.476,00",4
Área cosechada,"1.502,00",4
Área cosechada,"1.538,00",4
Área cosechada,"1.551,00",4
Área cosechada,"1.560,00",4
Área cosechada,"1.583,00",4
Área cosechada,"1.593,00",4
Área cosechada,"1.635,00",4
Área cosechada,"1.690,00",4
Área cosechada,"1.704,00",4
Área cosechada,"1.710,00",4
Área cosechada,"1.720,00",4
Área cosechada,"1.726,00",4
Área cosechada,"1.767,00",4
Área cosechada,"1.797,00",4
Área cosechada,"1.830,00",4
Área cosechada,"1.864,94",4
Área cosechada,"1.903,00",4
Área cosechada,"1.907,00",4
Área cosechada,"1.920,00",4
Área cosechada,"1.940,00",4
Área cosechada,"10.254,00",4
Área cosechada,"10.540,00",4
Área cosechada,"12.293,00",4
Área cosechada,"14.276,00",4
Área cosechada,"15.010,20",4
Área cosechada,"16.870,00",4
Área cosechada,"18.000,00",4
Área cosechada,"2.001,00",4
Área cosechada,"2.020,00",4
Área cosechada,"2.025,00",4
Área cosechada,"2.030,00",4
Área cosechada,"2.060,00",4
Área cosechada,"2.144,00",4
Área cosechada,"2.158,44",4
Área cosechada,"2.230,00",4
Área cosechada,"2.240,00",4
Área cosechada,"2.280,00",4
Área cosechada,"2.316,00",4
Área cosechada,"2.317,00",4
Área cosechada,"2.382,00",4
Área cosechada,"2.751,00",4
Área cosechada,"2.850,00",4
Área cosechada,"2.870,00",4
Área cosechada,"2.924,00",4
Área cosechada,"2.980,00",4
Área cosechada,"3.140,00",4
Área cosechada,"3.150,00",4
Área cosechada,"3.207,00",4
Área cosechada,"3.222,00",4
Área cosechada,"3.250,00",4
Área cosechada,"3.289,00",4
Área cosechada,"3.700,00",4
Área cosechada,"4.317,00",4
Área cosechada,"4.800,00",4
Área cosechada,"5.609,72",4
Área cosechada,"5.610,00",4
Área cosechada,"5.943,00",4
Área cosechada,"6.938,00",4
Área cosechada,"7.174,00",4
Área cosechada,"7.879,20",4
Área cosechada,"8.000,00",4
Área cosechada,"8.150,00",4
Área cosechada,"8.200,00",4
Área cosechada,"8.900,00",4
Área cosechada,"9.149,00",4
Área cosechada,"9.237,00",4
Área cosechada,"1.006,00",3
Área cosechada,"1.008,00",3
Área cosechada,"1.009,00",3
Área cosechada,"1.013,00",3
Área cosechada,"1.018,00",3
Área cosechada,"1.024,00",3
Área cosechada,"1.028,00",3
Área cosechada,"1.037,00",3
Área cosechada,"1.045,00",3
Área cosechada,"1.047,00",3
Área cosechada,"1.051,00",3
Área cosechada,"1.062,00",3
Área cosechada,"1.064,00",3
Área cosechada,"1.083,00",3
Área cosechada,"1.092,00",3
Área cosechada,"1.095,00",3
Área cosechada,"1.101,00",3
Área cosechada,"1.105,00",3
Área cosechada,"1.107,00",3
Área cosechada,"1.112,50",3
Área cosechada,"1.117,00",3
Área cosechada,"1.124,00",3
Área cosechada,"1.133,00",3
Área cosechada,"1.138,00",3
Área cosechada,"1.141,00",3
Área cosechada,"1.143,00",3
Área cosechada,"1.145,00",3
Área cosechada,"1.149,30",3
Área cosechada,"1.154,00",3
Área cosechada,"1.171,00",3
Área cosechada,"1.173,00",3
Área cosechada,"1.175,00",3
Área cosechada,"1.201,20",3
Área cosechada,"1.206,00",3
Área cosechada,"1.207,00",3
Área cosechada,"1.213,00",3
Área cosechada,"1.219,00",3
Área cosechada,"1.224,00",3
Área cosechada,"1.225,00",3
Área cosechada,"1.236,00",3
Área cosechada,"1.255,00",3
Área cosechada,"1.257,00",3
Área cosechada,"1.265,00",3
Área cosechada,"1.274,00",3
Área cosechada,"1.305,00",3
Área cosechada,"1.308,00",3
Área cosechada,"1.312,00",3
Área cosechada,"1.321,00",3
Área cosechada,"1.322,00",3
Área cosechada,"1.344,00",3
Área cosechada,"1.355,00",3
Área cosechada,"1.378,10",3
Área cosechada,"1.391,00",3
Área cosechada,"1.405,00",3
Área cosechada,"1.408,70",3
Área cosechada,"1.411,00",3
Área cosechada,"1.414,00",3
Área cosechada,"1.423,00",3
Área cosechada,"1.439,00",3
Área cosechada,"1.446,79",3
Área cosechada,"1.452,00",3
Área cosechada,"1.464,00",3
Área cosechada,"1.465,00",3
Área cosechada,"1.480,00",3
Área cosechada,"1.483,00",3
Área cosechada,"1.496,00",3
Área cosechada,"1.509,00",3
Área cosechada,"1.513,00",3
Área cosechada,"1.514,00",3
Área cosechada,"1.525,00",3
Área cosechada,"1.527,00",3
Área cosechada,"1.536,00",3
Área cosechada,"1.539,00",3
Área cosechada,"1.541,00",3
Área cosechada,"1.545,00",3
Área cosechada,"1.555,00",3
Área cosechada,"1.566,00",3
Área cosechada,"1.574,00",3
Área cosechada,"1.647,00",3
Área cosechada,"1.662,00",3
Área cosechada,"1.670,00",3
Área cosechada,"1.697,00",3
Área cosechada,"1.725,00",3
Área cosechada,"1.735,00",3
Área cosechada,"1.747,00",3
Área cosechada,"1.760,00",3
Área cosechada,"1.766,00",3
Área cosechada,"1.781,00",3
Área cosechada,"1.803,90",3
Área cosechada,"1.822,00",3
Área cosechada,"1.824,00",3
Área cosechada,"1.825,00",3
Área cosechada,"1.879,00",3
Área cosechada,"1.881,00",3
Área cosechada,"1.885,00",3
Área cosechada,"1.900,20",3
Área cosechada,"1.933,00",3
Área cosechada,"1.955,00",3
Área cosechada,"1.960,00",3
Área cosechada,"1.970,00",3
Área cosechada,"1.992,00",3
Área cosechada,"10.000,00",3
Área cosechada,"10.120,00",3
Área cosechada,"10.546,54",3
Área cosechada,"10.654,00",3
Área cosechada,"10.780,00",3
Área cosechada,"13.248,00",3
Área cosechada,"13.308,00",3
Área cosechada,"13.935,00",3
Área cosechada,"14.105,00",3
Área cosechada,"14.290,00",3
Área cosechada,"15.028,00",3
Área cosechada,"16.850,00",3
Área cosechada,"2.007,00",3
Área cosechada,"2.010,00",3
Área cosechada,"2.019,00",3
Área cosechada,"2.034,00",3
Área cosechada,"2.044,00",3
Área cosechada,"2.069,00",3
Área cosechada,"2.075,00",3
Área cosechada,"2.085,00",3
Área cosechada,"2.109,00",3
Área cosechada,"2.110,00",3
Área cosechada,"2.115,00",3
Área cosechada,"2.129,00",3
Área cosechada,"2.140,00",3
Área cosechada,"2.168,30",3
Área cosechada,"2.187,00",3
Área cosechada,"2.199,00",3
Área cosechada,"2.201,00",3
Área cosechada,"2.275,00",3
Área cosechada,"2.302,00",3
Área cosechada,"2.335,00",3
Área cosechada,"2.406,00",3
Área cosechada,"2.520,00",3
Área cosechada,"2.531,00",3
Área cosechada,"2.550,00",3
Área cosechada,"2.575,00",3
Área cosechada,"2.607,00",3
Área cosechada,"2.619,50",3
Área cosechada,"2.623,00",3
Área cosechada,"2.676,00",3
Área cosechada,"2.680,00",3
Área cosechada,"2.756,00",3
Área cosechada,"2.799,00",3
Área cosechada,"2.832,00",3
Área cosechada,"2.839,00",3
Área cosechada,"2.840,00",3
Área cosechada,"2.861,00",3
Área cosechada,"2.892,80",3
Área cosechada,"2.910,00",3
Área cosechada,"2.970,00",3
Área cosechada,"26.277,00",3
Área cosechada,"3.025,00",3
Área cosechada,"3.102,00",3
Área cosechada,"3.503,00",3
Área cosechada,"3.540,00",3
Área cosechada,"3.550,00",3
Área cosechada,"3.575,00",3
Área cosechada,"3.590,00",3
Área cosechada,"3.595,00",3
Área cosechada,"3.617,70",3
Área cosechada,"3.638,00",3
Área cosechada,"3.750,00",3
Área cosechada,"3.928,00",3
Área cosechada,"30.000,00",3
Área cosechada,"32.200,00",3
Área cosechada,"4.200,00",3
Área cosechada,"4.271,00",3
Área cosechada,"4.372,80",3
Área cosechada,"4.420,00",3
Área cosechada,"4.440,00",3
Área cosechada,"4.530,00",3
Área cosechada,"4.595,50",3
Área cosechada,"4.600,00",3
Área cosechada,"46.212,00",3
Área cosechada,"5.094,00",3
Área cosechada,"5.400,00",3
Área cosechada,"5.500,00",3
Área cosechada,"5.560,00",3
Área cosechada,"5.615,00",3
Área cosechada,"5.680,00",3
Área cosechada,"6.156,71",3
Área cosechada,"6.940,00",3
Área cosechada,"7.080,00",3
Área cosechada,"7.200,00",3
Área cosechada,"7.560,00",3
Área cosechada,"8.400,00",3
Área cosechada,"8.704,00",3
Área cosechada,"8.804,80",3
Área cosechada,"9.066,00",3
Área cosechada,"9.593,00",3
Área cosechada,"9.613,00",3
Área cosechada,"1.001,00",2
Área cosechada,"1.010,00",2
Área cosechada,"1.033,08",2
Área cosechada,"1.036,00",2
Área cosechada,"1.044,00",2
Área cosechada,"1.053,00",2
Área cosechada,"1.058,00",2
Área cosechada,"1.060,80",2
Área cosechada,"1.061,50",2
Área cosechada,"1.067,00",2
Área cosechada,"1.074,00",2
Área cosechada,"1.076,00",2
Área cosechada,"1.078,00",2
Área cosechada,"1.081,50",2
Área cosechada,"1.093,00",2
Área cosechada,"1.097,00",2
Área cosechada,"1.101,50",2
Área cosechada,"1.103,00",2
Área cosechada,"1.108,00",2
Área cosechada,"1.109,00",2
Área cosechada,"1.111,00",2
Área cosechada,"1.113,00",2
Área cosechada,"1.116,50",2
Área cosechada,"1.118,00",2
Área cosechada,"1.122,00",2
Área cosechada,"1.129,00",2
Área cosechada,"1.131,00",2
Área cosechada,"1.132,00",2
Área cosechada,"1.132,87",2
Área cosechada,"1.135,00",2
Área cosechada,"1.142,00",2
Área cosechada,"1.144,00",2
Área cosechada,"1.147,00",2
Área cosechada,"1.155,00",2
Área cosechada,"1.157,00",2
Área cosechada,"1.162,00",2
Área cosechada,"1.163,00",2
Área cosechada,"1.165,00",2
Área cosechada,"1.176,00",2
Área cosechada,"1.177,00",2
Área cosechada,"1.183,00",2
Área cosechada,"1.188,00",2
Área cosechada,"1.188,70",2
Área cosechada,"1.189,00",2
Área cosechada,"1.189,30",2
Área cosechada,"1.189,84",2
Área cosechada,"1.191,00",2
Área cosechada,"1.194,00",2
Área cosechada,"1.196,00",2
Área cosechada,"1.197,20",2
Área cosechada,"1.200,70",2
Área cosechada,"1.205,00",2
Área cosechada,"1.211,00",2
Área cosechada,"1.214,00",2
Área cosechada,"1.215,00",2
Área cosechada,"1.221,00",2
Área cosechada,"1.225,20",2
Área cosechada,"1.229,50",2
Área cosechada,"1.234,00",2
Área cosechada,"1.235,20",2
Área cosechada,"1.239,00",2
Área cosechada,"1.241,00",2
Área cosechada,"1.243,00",2
Área cosechada,"1.244,70",2
Área cosechada,"1.256,00",2
Área cosechada,"1.261,00",2
Área cosechada,"1.266,00",2
Área cosechada,"1.271,50",2
Área cosechada,"1.272,00",2
Área cosechada,"1.281,50",2
Área cosechada,"1.281,71",2
Área cosechada,"1.285,00",2
Área cosechada,"1.288,00",2
Área cosechada,"1.291,00",2
Área cosechada,"1.295,00",2
Área cosechada,"1.297,00",2
Área cosechada,"1.300,39",2
Área cosechada,"1.301,40",2
Área cosechada,"1.307,00",2
Área cosechada,"1.309,00",2
Área cosechada,"1.327,00",2
Área cosechada,"1.327,24",2
Área cosechada,"1.330,00",2
Área cosechada,"1.331,00",2
Área cosechada,"1.358,00",2
Área cosechada,"1.362,50",2
Área cosechada,"1.366,00",2
Área cosechada,"1.368,50",2
Área cosechada,"1.375,00",2
Área cosechada,"1.379,00",2
Área cosechada,"1.384,00",2
Área cosechada,"1.384,10",2
Área cosechada,"1.393,50",2
Área cosechada,"1.394,00",2
Área cosechada,"1.402,60",2
Área cosechada,"1.418,00",2
Área cosechada,"1.424,00",2
Área cosechada,"1.425,00",2
Área cosechada,"1.428,00",2
Área cosechada,"1.434,00",2
Área cosechada,"1.441,00",2
Área cosechada,"1.444,70",2
Área cosechada,"1.448,00",2
Área cosechada,"1.448,50",2
Área cosechada,"1.449,00",2
Área cosechada,"1.453,00",2
Área cosechada,"1.457,00",2
Área cosechada,"1.467,00",2
Área cosechada,"1.469,00",2
Área cosechada,"1.481,21",2
Área cosechada,"1.483,01",2
Área cosechada,"1.499,00",2
Área cosechada,"1.501,38",2
Área cosechada,"1.501,60",2
Área cosechada,"1.503,00",2
Área cosechada,"1.504,00",2
Área cosechada,"1.505,00",2
Área cosechada,"1.512,00",2
Área cosechada,"1.515,00",2
Área cosechada,"1.517,00",2
Área cosechada,"1.519,00",2
Área cosechada,"1.526,00",2
Área cosechada,"1.528,00",2
Área cosechada,"1.538,50",2
Área cosechada,"1.545,60",2
Área cosechada,"1.548,00",2
Área cosechada,"1.549,00",2
Área cosechada,"1.553,00",2
Área cosechada,"1.553,26",2
Área cosechada,"1.568,00",2
Área cosechada,"1.571,00",2
Área cosechada,"1.578,00",2
Área cosechada,"1.579,00",2
Área cosechada,"1.595,00",2
Área cosechada,"1.611,00",2
Área cosechada,"1.613,00",2
Área cosechada,"1.618,00",2
Área cosechada,"1.620,00",2
Área cosechada,"1.624,00",2
Área cosechada,"1.625,00",2
Área cosechada,"1.632,00",2
Área cosechada,"1.633,00",2
Área cosechada,"1.637,00",2
Área cosechada,"1.640,00",2
Área cosechada,"1.653,00",2
Área cosechada,"1.660,00",2
Área cosechada,"1.672,00",2
Área cosechada,"1.675,00",2
Área cosechada,"1.677,00",2
Área cosechada,"1.679,00",2
Área cosechada,"1.679,50",2
Área cosechada,"1.683,26",2
Área cosechada,"1.689,00",2
Área cosechada,"1.694,00",2
Área cosechada,"1.722,00",2
Área cosechada,"1.734,00",2
Área cosechada,"1.734,80",2
Área cosechada,"1.736,00",2
Área cosechada,"1.744,00",2
Área cosechada,"1.745,00",2
Área cosechada,"1.755,00",2
Área cosechada,"1.770,00",2
Área cosechada,"1.774,00",2
Área cosechada,"1.777,00",2
Área cosechada,"1.789,00",2
Área cosechada,"1.792,00",2
Área cosechada,"1.798,00",2
Área cosechada,"1.802,00",2
Área cosechada,"1.806,00",2
Área cosechada,"1.807,50",2
Área cosechada,"1.809,50",2
Área cosechada,"1.814,00",2
Área cosechada,"1.815,00",2
Área cosechada,"1.820,00",2
Área cosechada,"1.829,00",2
Área cosechada,"1.834,00",2
Área cosechada,"1.844,00",2
Área cosechada,"1.847,60",2
Área cosechada,"1.848,00",2
Área cosechada,"1.851,00",2
Área cosechada,"1.861,00",2
Área cosechada,"1.873,00",2
Área cosechada,"1.878,00",2
Área cosechada,"1.880,00",2
Área cosechada,"1.905,00",2
Área cosechada,"1.906,00",2
Área cosechada,"1.916,00",2
Área cosechada,"1.921,00",2
Área cosechada,"1.922,00",2
Área cosechada,"1.945,25",2
Área cosechada,"1.946,00",2
Área cosechada,"1.965,00",2
Área cosechada,"1.972,00",2
Área cosechada,"1.983,00",2
Área cosechada,"1.990,00",2
Área cosechada,"1.997,00",2
Área cosechada,"1.998,00",2
Área cosechada,"10.466,54",2
Área cosechada,"10.766,00",2
Área cosechada,"10.858,00",2
Área cosechada,"11.320,00",2
Área cosechada,"11.871,20",2
Área cosechada,"12.182,00",2
Área cosechada,"13.105,00",2
Área cosechada,"14.290,17",2
Área cosechada,"14.500,00",2
Área cosechada,"14.700,00",2
Área cosechada,"14.890,17",2
Área cosechada,"15.031,00",2
Área cosechada,"15.900,00",2
Área cosechada,"17.000,00",2
Área cosechada,"18.724,00",2
Área cosechada,"19.968,00",2
Área cosechada,"2.002,00",2
Área cosechada,"2.003,00",2
Área cosechada,"2.029,00",2
Área cosechada,"2.037,50",2
Área cosechada,"2.038,50",2
Área cosechada,"2.046,00",2
Área cosechada,"2.049,00",2
Área cosechada,"2.058,00",2
Área cosechada,"2.062,00",2
Área cosechada,"2.067,00",2
Área cosechada,"2.068,00",2
Área cosechada,"2.076,50",2
Área cosechada,"2.090,00",2
Área cosechada,"2.102,00",2
Área cosechada,"2.119,00",2
Área cosechada,"2.120,00",2
Área cosechada,"2.124,00",2
Área cosechada,"2.130,30",2
Área cosechada,"2.149,00",2
Área cosechada,"2.151,00",2
Área cosechada,"2.155,00",2
Área cosechada,"2.165,00",2
Área cosechada,"2.166,00",2
Área cosechada,"2.180,00",2
Área cosechada,"2.185,00",2
Área cosechada,"2.190,00",2
Área cosechada,"2.205,00",2
Área cosechada,"2.226,00",2
Área cosechada,"2.228,00",2
Área cosechada,"2.248,00",2
Área cosechada,"2.260,00",2
Área cosechada,"2.266,00",2
Área cosechada,"2.290,00",2
Área cosechada,"2.293,00",2
Área cosechada,"2.294,00",2
Área cosechada,"2.301,00",2
Área cosechada,"2.305,00",2
Área cosechada,"2.306,00",2
Área cosechada,"2.315,00",2
Área cosechada,"2.318,00",2
Área cosechada,"2.320,00",2
Área cosechada,"2.324,00",2
Área cosechada,"2.327,00",2
Área cosechada,"2.333,00",2
Área cosechada,"2.348,00",2
Área cosechada,"2.353,00",2
Área cosechada,"2.362,00",2
Área cosechada,"2.370,00",2
Área cosechada,"2.378,00",2
Área cosechada,"2.387,50",2
Área cosechada,"2.390,00",2
Área cosechada,"2.394,00",2
Área cosechada,"2.426,00",2
Área cosechada,"2.455,00",2
Área cosechada,"2.459,00",2
Área cosechada,"2.465,00",2
Área cosechada,"2.475,00",2
Área cosechada,"2.498,00",2
Área cosechada,"2.502,00",2
Área cosechada,"2.512,00",2
Área cosechada,"2.554,00",2
Área cosechada,"2.560,00",2
Área cosechada,"2.603,00",2
Área cosechada,"2.612,00",2
Área cosechada,"2.614,00",2
Área cosechada,"2.678,00",2
Área cosechada,"2.720,00",2
Área cosechada,"2.729,00",2
Área cosechada,"2.730,00",2
Área cosechada,"2.733,00",2
Área cosechada,"2.760,00",2
Área cosechada,"2.783,00",2
Área cosechada,"2.805,00",2
Área cosechada,"2.819,00",2
Área cosechada,"2.843,00",2
Área cosechada,"2.860,00",2
Área cosechada,"2.904,00",2
Área cosechada,"2.908,00",2
Área cosechada,"2.940,00",2
Área cosechada,"2.950,00",2
Área cosechada,"2.953,00",2
Área cosechada,"2.954,00",2
Área cosechada,"2.960,00",2
Área cosechada,"2.975,50",2
Área cosechada,"2.985,00",2
Área cosechada,"2.997,00",2
Área cosechada,"20.000,00",2
Área cosechada,"21.047,00",2
Área cosechada,"21.172,00",2
Área cosechada,"22.570,00",2
Área cosechada,"24.207,00",2
Área cosechada,"25.391,00",2
Área cosechada,"26.807,00",2
Área cosechada,"27.417,00",2
Área cosechada,"28.653,00",2
Área cosechada,"3.029,00",2
Área cosechada,"3.043,00",2
Área cosechada,"3.049,50",2
Área cosechada,"3.051,00",2
Área cosechada,"3.079,00",2
Área cosechada,"3.104,00",2
Área cosechada,"3.120,00",2
Área cosechada,"3.122,00",2
Área cosechada,"3.165,00",2
Área cosechada,"3.170,00",2
Área cosechada,"3.174,00",2
Área cosechada,"3.180,00",2
Área cosechada,"3.188,00",2
Área cosechada,"3.203,00",2
Área cosechada,"3.220,00",2
Área cosechada,"3.238,00",2
Área cosechada,"3.240,00",2
Área cosechada,"3.357,00",2
Área cosechada,"3.390,00",2
Área cosechada,"3.422,00",2
Área cosechada,"3.430,00",2
Área cosechada,"3.450,00",2
Área cosechada,"3.456,00",2
Área cosechada,"3.460,00",2
Área cosechada,"3.480,00",2
Área cosechada,"3.570,00",2
Área cosechada,"3.607,00",2
Área cosechada,"3.610,00",2
Área cosechada,"3.664,00",2
Área cosechada,"3.670,00",2
Área cosechada,"3.697,20",2
Área cosechada,"3.707,20",2
Área cosechada,"3.731,00",2
Área cosechada,"3.745,00",2
Área cosechada,"3.760,00",2
Área cosechada,"3.814,00",2
Área cosechada,"3.900,00",2
Área cosechada,"3.908,00",2
Área cosechada,"3.945,00",2
Área cosechada,"3.976,00",2
Área cosechada,"4.000,20",2
Área cosechada,"4.023,00",2
Área cosechada,"4.030,00",2
Área cosechada,"4.031,00",2
Área cosechada,"4.063,00",2
Área cosechada,"4.080,00",2
Área cosechada,"4.130,00",2
Área cosechada,"4.165,00",2
Área cosechada,"4.271,52",2
Área cosechada,"4.315,00",2
Área cosechada,"4.349,90",2
Área cosechada,"4.366,00",2
Área cosechada,"4.395,00",2
Área cosechada,"4.397,50",2
Área cosechada,"4.400,00",2
Área cosechada,"4.410,00",2
Área cosechada,"4.460,00",2
Área cosechada,"4.480,00",2
Área cosechada,"4.550,00",2
Área cosechada,"4.700,00",2
Área cosechada,"4.720,00",2
Área cosechada,"4.850,00",2
Área cosechada,"4.900,00",2
Área cosechada,"4.957,00",2
Área cosechada,"4.980,00",2
Área cosechada,"5.016,00",2
Área cosechada,"5.026,00",2
Área cosechada,"5.031,00",2
Área cosechada,"5.062,00",2
Área cosechada,"5.120,00",2
Área cosechada,"5.173,00",2
Área cosechada,"5.178,00",2
Área cosechada,"5.250,00",2
Área cosechada,"5.300,00",2
Área cosechada,"5.544,70",2
Área cosechada,"5.563,00",2
Área cosechada,"5.580,00",2
Área cosechada,"5.612,85",2
Área cosechada,"5.632,85",2
Área cosechada,"5.688,80",2
Área cosechada,"5.700,00",2
Área cosechada,"5.823,00",2
Área cosechada,"5.900,00",2
Área cosechada,"6.017,80",2
Área cosechada,"6.125,00",2
Área cosechada,"6.300,00",2
Área cosechada,"6.474,00",2
Área cosechada,"6.547,00",2
Área cosechada,"6.641,00",2
Área cosechada,"6.800,00",2
Área cosechada,"6.840,00",2
Área cosechada,"6.859,00",2
Área cosechada,"6.883,00",2
Área cosechada,"7.075,00",2
Área cosechada,"7.150,00",2
Área cosechada,"7.300,00",2
Área cosechada,"7.440,00",2
Área cosechada,"7.680,00",2
Área cosechada,"7.700,00",2
Área cosechada,"7.786,00",2
Área cosechada,"7.796,00",2
Área cosechada,"7.822,00",2
Área cosechada,"8.463,00",2
Área cosechada,"8.500,00",2
Área cosechada,"8.600,00",2
Área cosechada,"8.648,91",2
Área cosechada,"9.068,00",2
Área cosechada,"9.073,00",2
Área cosechada,"9.165,00",2
Área cosechada,"9.654,80",2
Área cosechada,"9.900,00",2
Área cosechada,"1.000,08",1
Área cosechada,"1.000,10",1
Área cosechada,"1.000,64",1
Área cosechada,"1.001,36",1
Área cosechada,"1.002,00",1
Área cosechada,"1.002,49",1
Área cosechada,"1.003,00",1
Área cosechada,"1.003,54",1
Área cosechada,"1.003,63",1
Área cosechada,"1.006,26",1
Área cosechada,"1.006,99",1
Área cosechada,"1.007,03",1
Área cosechada,"1.007,70",1
Área cosechada,"1.007,82",1
Área cosechada,"1.008,50",1
Área cosechada,"1.008,61",1
Área cosechada,"1.008,83",1
Área cosechada,"1.010,50",1
Área cosechada,"1.011,05",1
Área cosechada,"1.011,90",1
Área cosechada,"1.012,30",1
Área cosechada,"1.012,96",1
Área cosechada,"1.013,50",1
Área cosechada,"1.014,00",1
Área cosechada,"1.014,33",1
Área cosechada,"1.014,50",1
Área cosechada,"1.015,15",1
Área cosechada,"1.015,74",1
Área cosechada,"1.017,14",1
Área cosechada,"1.017,68",1
Área cosechada,"1.018,27",1
Área cosechada,"1.018,32",1
Área cosechada,"1.019,00",1
Área cosechada,"1.019,66",1
Área cosechada,"1.020,20",1
Área cosechada,"1.020,65",1
Área cosechada,"1.020,76",1
Área cosechada,"1.021,30",1
Área cosechada,"1.022,00",1
Área cosechada,"1.023,00",1
Área cosechada,"1.023,20",1
Área cosechada,"1.025,00",1
Área cosechada,"1.025,50",1
Área cosechada,"1.025,65",1
Área cosechada,"1.025,95",1
Área cosechada,"1.026,22",1
Área cosechada,"1.026,34",1
Área cosechada,"1.026,36",1
Área cosechada,"1.026,44",1
Área cosechada,"1.026,99",1
Área cosechada,"1.029,00",1
Área cosechada,"1.029,10",1
Área cosechada,"1.029,66",1
Área cosechada,"1.030,08",1
Área cosechada,"1.030,49",1
Área cosechada,"1.030,99",1
Área cosechada,"1.031,00",1
Área cosechada,"1.031,54",1
Área cosechada,"1.031,57",1
Área cosechada,"1.032,54",1
Área cosechada,"1.032,74",1
Área cosechada,"1.033,16",1
Área cosechada,"1.033,21",1
Área cosechada,"1.034,00",1
Área cosechada,"1.034,02",1
Área cosechada,"1.037,11",1
Área cosechada,"1.038,00",1
Área cosechada,"1.040,15",1
Área cosechada,"1.041,50",1
Área cosechada,"1.042,12",1
Área cosechada,"1.042,15",1
Área cosechada,"1.043,00",1
Área cosechada,"1.043,74",1
Área cosechada,"1.044,13",1
Área cosechada,"1.044,90",1
Área cosechada,"1.045,62",1
Área cosechada,"1.046,35",1
Área cosechada,"1.047,26",1
Área cosechada,"1.047,30",1
Área cosechada,"1.048,10",1
Área cosechada,"1.048,74",1
Área cosechada,"1.048,77",1
Área cosechada,"1.048,80",1
Área cosechada,"1.048,89",1
Área cosechada,"1.049,92",1
Área cosechada,"1.051,50",1
Área cosechada,"1.052,00",1
Área cosechada,"1.053,38",1
Área cosechada,"1.053,50",1
Área cosechada,"1.054,02",1
Área cosechada,"1.054,19",1
Área cosechada,"1.054,62",1
Área cosechada,"1.055,74",1
Área cosechada,"1.055,90",1
Área cosechada,"1.055,95",1
Área cosechada,"1.056,00",1
Área cosechada,"1.056,61",1
Área cosechada,"1.056,81",1
Área cosechada,"1.057,00",1
Área cosechada,"1.057,21",1
Área cosechada,"1.059,56",1
Área cosechada,"1.061,00",1
Área cosechada,"1.062,34",1
Área cosechada,"1.062,75",1
Área cosechada,"1.063,00",1
Área cosechada,"1.063,36",1
Área cosechada,"1.064,20",1
Área cosechada,"1.064,86",1
Área cosechada,"1.065,00",1
Área cosechada,"1.065,43",1
Área cosechada,"1.065,52",1
Área cosechada,"1.067,30",1
Área cosechada,"1.068,10",1
Área cosechada,"1.068,76",1
Área cosechada,"1.068,80",1
Área cosechada,"1.071,00",1
Área cosechada,"1.072,21",1
Área cosechada,"1.072,44",1
Área cosechada,"1.072,50",1
Área cosechada,"1.073,00",1
Área cosechada,"1.074,43",1
Área cosechada,"1.074,84",1
Área cosechada,"1.075,60",1
Área cosechada,"1.075,80",1
Área cosechada,"1.076,31",1
Área cosechada,"1.079,74",1
Área cosechada,"1.079,92",1
Área cosechada,"1.080,22",1
Área cosechada,"1.081,58",1
Área cosechada,"1.081,81",1
Área cosechada,"1.082,00",1
Área cosechada,"1.082,10",1
Área cosechada,"1.084,00",1
Área cosechada,"1.084,50",1
Área cosechada,"1.085,82",1
Área cosechada,"1.086,24",1
Área cosechada,"1.086,31",1
Área cosechada,"1.087,00",1
Área cosechada,"1.087,36",1
Área cosechada,"1.088,00",1
Área cosechada,"1.088,10",1
Área cosechada,"1.089,72",1
Área cosechada,"1.090,45",1
Área cosechada,"1.091,73",1
Área cosechada,"1.092,04",1
Área cosechada,"1.092,80",1
Área cosechada,"1.093,71",1
Área cosechada,"1.094,00",1
Área cosechada,"1.096,09",1
Área cosechada,"1.098,26",1
Área cosechada,"1.099,00",1
Área cosechada,"1.099,50",1
Área cosechada,"1.100,10",1
Área cosechada,"1.100,23",1
Área cosechada,"1.100,76",1
Área cosechada,"1.101,44",1
Área cosechada,"1.102,08",1
Área cosechada,"1.102,75",1
Área cosechada,"1.103,52",1
Área cosechada,"1.104,13",1
Área cosechada,"1.104,45",1
Área cosechada,"1.104,67",1
Área cosechada,"1.106,00",1
Área cosechada,"1.108,03",1
Área cosechada,"1.108,50",1
Área cosechada,"1.109,11",1
Área cosechada,"1.109,50",1
Área cosechada,"1.109,99",1
Área cosechada,"1.111,50",1
Área cosechada,"1.111,80",1
Área cosechada,"1.112,00",1
Área cosechada,"1.113,50",1
Área cosechada,"1.114,00",1
Área cosechada,"1.116,01",1
Área cosechada,"1.116,81",1
Área cosechada,"1.118,26",1
Área cosechada,"1.118,85",1
Área cosechada,"1.118,92",1
Área cosechada,"1.119,76",1
Área cosechada,"1.120,28",1
Área cosechada,"1.121,58",1
Área cosechada,"1.123,00",1
Área cosechada,"1.125,29",1
Área cosechada,"1.126,11",1
Área cosechada,"1.126,16",1
Área cosechada,"1.126,49",1
Área cosechada,"1.127,00",1
Área cosechada,"1.127,44",1
Área cosechada,"1.127,68",1
Área cosechada,"1.128,23",1
Área cosechada,"1.128,35",1
Área cosechada,"1.128,46",1
Área cosechada,"1.128,76",1
Área cosechada,"1.128,83",1
Área cosechada,"1.128,92",1
Área cosechada,"1.129,80",1
Área cosechada,"1.129,84",1
Área cosechada,"1.133,50",1
Área cosechada,"1.134,00",1
Área cosechada,"1.135,12",1
Área cosechada,"1.135,37",1
Área cosechada,"1.135,51",1
Área cosechada,"1.136,00",1
Área cosechada,"1.137,00",1
Área cosechada,"1.137,70",1
Área cosechada,"1.138,18",1
Área cosechada,"1.139,96",1
Área cosechada,"1.140,51",1
Área cosechada,"1.141,33",1
Área cosechada,"1.141,98",1
Área cosechada,"1.143,20",1
Área cosechada,"1.143,79",1
Área cosechada,"1.144,58",1
Área cosechada,"1.145,10",1
Área cosechada,"1.146,00",1
Área cosechada,"1.146,50",1
Área cosechada,"1.147,03",1
Área cosechada,"1.147,50",1
Área cosechada,"1.148,00",1
Área cosechada,"1.148,23",1
Área cosechada,"1.148,30",1
Área cosechada,"1.148,87",1
Área cosechada,"1.149,68",1
Área cosechada,"1.149,84",1
Área cosechada,"1.151,00",1
Área cosechada,"1.151,22",1
Área cosechada,"1.152,00",1
Área cosechada,"1.153,01",1
Área cosechada,"1.153,33",1
Área cosechada,"1.153,49",1
Área cosechada,"1.155,84",1
Área cosechada,"1.157,30",1
Área cosechada,"1.158,00",1
Área cosechada,"1.158,66",1
Área cosechada,"1.159,00",1
Área cosechada,"1.162,43",1
Área cosechada,"1.162,51",1
Área cosechada,"1.162,86",1
Área cosechada,"1.164,00",1
Área cosechada,"1.164,70",1
Área cosechada,"1.164,86",1
Área cosechada,"1.164,88",1
Área cosechada,"1.165,14",1
Área cosechada,"1.166,00",1
Área cosechada,"1.167,18",1
Área cosechada,"1.167,61",1
Área cosechada,"1.167,81",1
Área cosechada,"1.169,00",1
Área cosechada,"1.171,65",1
Área cosechada,"1.172,00",1
Área cosechada,"1.172,30",1
Área cosechada,"1.175,25",1
Área cosechada,"1.178,43",1
Área cosechada,"1.178,73",1
Área cosechada,"1.179,50",1
Área cosechada,"1.180,31",1
Área cosechada,"1.182,10",1
Área cosechada,"1.184,00",1
Área cosechada,"1.184,22",1
Área cosechada,"1.184,70",1
Área cosechada,"1.186,60",1
Área cosechada,"1.187,84",1
Área cosechada,"1.188,51",1
Área cosechada,"1.190,87",1
Área cosechada,"1.191,50",1
Área cosechada,"1.192,04",1
Área cosechada,"1.193,00",1
Área cosechada,"1.194,51",1
Área cosechada,"1.195,90",1
Área cosechada,"1.196,28",1
Área cosechada,"1.196,70",1
Área cosechada,"1.199,34",1
Área cosechada,"1.199,50",1
Área cosechada,"1.200,32",1
Área cosechada,"1.200,93",1
Área cosechada,"1.202,00",1
Área cosechada,"1.203,22",1
Área cosechada,"1.203,45",1
Área cosechada,"1.203,72",1
Área cosechada,"1.205,95",1
Área cosechada,"1.206,70",1
Área cosechada,"1.208,00",1
Área cosechada,"1.208,50",1
Área cosechada,"1.209,00",1
Área cosechada,"1.209,70",1
Área cosechada,"1.212,81",1
Área cosechada,"1.212,82",1
Área cosechada,"1.212,98",1
Área cosechada,"1.213,65",1
Área cosechada,"1.213,70",1
Área cosechada,"1.216,00",1
Área cosechada,"1.218,00",1
Área cosechada,"1.218,66",1
Área cosechada,"1.219,43",1
Área cosechada,"1.219,49",1
Área cosechada,"1.219,50",1
Área cosechada,"1.220,26",1
Área cosechada,"1.220,72",1
Área cosechada,"1.221,44",1
Área cosechada,"1.221,50",1
Área cosechada,"1.222,17",1
Área cosechada,"1.223,00",1
Área cosechada,"1.223,35",1
Área cosechada,"1.223,85",1
Área cosechada,"1.224,70",1
Área cosechada,"1.225,70",1
Área cosechada,"1.226,00",1
Área cosechada,"1.227,00",1
Área cosechada,"1.229,00",1
Área cosechada,"1.229,57",1
Área cosechada,"1.230,02",1
Área cosechada,"1.231,00",1
Área cosechada,"1.231,16",1
Área cosechada,"1.233,63",1
Área cosechada,"1.234,03",1
Área cosechada,"1.236,60",1
Área cosechada,"1.237,00",1
Área cosechada,"1.237,19",1
Área cosechada,"1.240,46",1
Área cosechada,"1.240,70",1
Área cosechada,"1.241,40",1
Área cosechada,"1.242,00",1
Área cosechada,"1.242,16",1
Área cosechada,"1.242,85",1
Área cosechada,"1.243,07",1
Área cosechada,"1.243,31",1
Área cosechada,"1.243,67",1
Área cosechada,"1.243,74",1
Área cosechada,"1.244,00",1
Área cosechada,"1.246,00",1
Área cosechada,"1.246,50",1
Área cosechada,"1.247,00",1
Área cosechada,"1.247,31",1
Área cosechada,"1.247,68",1
Área cosechada,"1.247,82",1
Área cosechada,"1.249,52",1
Área cosechada,"1.250,02",1
Área cosechada,"1.250,06",1
Área cosechada,"1.250,60",1
Área cosechada,"1.252,30",1
Área cosechada,"1.253,00",1
Área cosechada,"1.254,81",1
Área cosechada,"1.259,00",1
Área cosechada,"1.259,71",1
Área cosechada,"1.260,04",1
Área cosechada,"1.260,77",1
Área cosechada,"1.262,00",1
Área cosechada,"1.263,70",1
Área cosechada,"1.267,66",1
Área cosechada,"1.268,00",1
Área cosechada,"1.269,00",1
Área cosechada,"1.269,21",1
Área cosechada,"1.271,00",1
Área cosechada,"1.273,00",1
Área cosechada,"1.274,27",1
Área cosechada,"1.274,50",1
Área cosechada,"1.274,68",1
Área cosechada,"1.277,00",1
Área cosechada,"1.277,09",1
Área cosechada,"1.278,00",1
Área cosechada,"1.279,20",1
Área cosechada,"1.283,76",1
Área cosechada,"1.284,00",1
Área cosechada,"1.286,30",1
Área cosechada,"1.287,60",1
Área cosechada,"1.287,93",1
Área cosechada,"1.288,26",1
Área cosechada,"1.289,04",1
Área cosechada,"1.290,03",1
Área cosechada,"1.290,84",1
Área cosechada,"1.291,20",1
Área cosechada,"1.292,68",1
Área cosechada,"1.293,50",1
Área cosechada,"1.296,00",1
Área cosechada,"1.298,63",1
Área cosechada,"1.301,00",1
Área cosechada,"1.301,71",1
Área cosechada,"1.302,00",1
Área cosechada,"1.303,61",1
Área cosechada,"1.304,78",1
Área cosechada,"1.306,00",1
Área cosechada,"1.306,14",1
Área cosechada,"1.306,73",1
Área cosechada,"1.307,29",1
Área cosechada,"1.313,16",1
Área cosechada,"1.315,07",1
Área cosechada,"1.316,32",1
Área cosechada,"1.316,83",1
Área cosechada,"1.317,30",1
Área cosechada,"1.317,63",1
Área cosechada,"1.318,44",1
Área cosechada,"1.320,04",1
Área cosechada,"1.320,80",1
Área cosechada,"1.321,28",1
Área cosechada,"1.321,45",1
Área cosechada,"1.323,00",1
Área cosechada,"1.323,57",1
Área cosechada,"1.324,00",1
Área cosechada,"1.325,00",1
Área cosechada,"1.325,28",1
Área cosechada,"1.327,79",1
Área cosechada,"1.329,30",1
Área cosechada,"1.329,70",1
Área cosechada,"1.331,71",1
Área cosechada,"1.331,99",1
Área cosechada,"1.333,00",1
Área cosechada,"1.334,00",1
Área cosechada,"1.335,00",1
Área cosechada,"1.335,07",1
Área cosechada,"1.335,75",1
Área cosechada,"1.336,00",1
Área cosechada,"1.336,97",1
Área cosechada,"1.337,71",1
Área cosechada,"1.337,78",1
Área cosechada,"1.338,38",1
Área cosechada,"1.340,61",1
Área cosechada,"1.342,18",1
Área cosechada,"1.342,50",1
Área cosechada,"1.347,00",1
Área cosechada,"1.347,60",1
Área cosechada,"1.350,50",1
Área cosechada,"1.350,92",1
Área cosechada,"1.351,00",1
Área cosechada,"1.351,30",1
Área cosechada,"1.351,60",1
Área cosechada,"1.352,00",1
Área cosechada,"1.353,00",1
Área cosechada,"1.354,86",1
Área cosechada,"1.355,20",1
Área cosechada,"1.356,00",1
Área cosechada,"1.357,33",1
Área cosechada,"1.357,70",1
Área cosechada,"1.357,83",1
Área cosechada,"1.358,66",1
Área cosechada,"1.359,00",1
Área cosechada,"1.359,08",1
Área cosechada,"1.360,39",1
Área cosechada,"1.361,50",1
Área cosechada,"1.361,71",1
Área cosechada,"1.362,75",1
Área cosechada,"1.362,82",1
Área cosechada,"1.363,72",1
Área cosechada,"1.364,77",1
Área cosechada,"1.365,68",1
Área cosechada,"1.367,90",1
Área cosechada,"1.368,00",1
Área cosechada,"1.370,00",1
Área cosechada,"1.370,04",1
Área cosechada,"1.371,25",1
Área cosechada,"1.372,00",1
Área cosechada,"1.373,00",1
Área cosechada,"1.373,80",1
Área cosechada,"1.373,81",1
Área cosechada,"1.375,46",1
Área cosechada,"1.376,00",1
Área cosechada,"1.376,50",1
Área cosechada,"1.378,00",1
Área cosechada,"1.378,72",1
Área cosechada,"1.379,40",1
Área cosechada,"1.380,53",1
Área cosechada,"1.381,00",1
Área cosechada,"1.381,33",1
Área cosechada,"1.382,76",1
Área cosechada,"1.382,94",1
Área cosechada,"1.383,12",1
Área cosechada,"1.384,59",1
Área cosechada,"1.385,00",1
Área cosechada,"1.385,13",1
Área cosechada,"1.385,64",1
Área cosechada,"1.388,00",1
Área cosechada,"1.388,50",1
Área cosechada,"1.388,60",1
Área cosechada,"1.388,69",1
Área cosechada,"1.389,04",1
Área cosechada,"1.389,50",1
Área cosechada,"1.390,80",1
Área cosechada,"1.392,00",1
Área cosechada,"1.392,28",1
Área cosechada,"1.392,50",1
Área cosechada,"1.392,76",1
Área cosechada,"1.393,00",1
Área cosechada,"1.394,50",1
Área cosechada,"1.395,14",1
Área cosechada,"1.396,00",1
Área cosechada,"1.397,95",1
Área cosechada,"1.398,00",1
Área cosechada,"1.399,30",1
Área cosechada,"1.401,00",1
Área cosechada,"1.401,25",1
Área cosechada,"1.402,00",1
Área cosechada,"1.403,00",1
Área cosechada,"1.403,40",1
Área cosechada,"1.403,90",1
Área cosechada,"1.404,00",1
Área cosechada,"1.405,60",1
Área cosechada,"1.407,00",1
Área cosechada,"1.408,00",1
Área cosechada,"1.408,09",1
Área cosechada,"1.409,00",1
Área cosechada,"1.409,06",1
Área cosechada,"1.409,13",1
Área cosechada,"1.409,46",1
Área cosechada,"1.410,20",1
Área cosechada,"1.410,79",1
Área cosechada,"1.412,00",1
Área cosechada,"1.416,00",1
Área cosechada,"1.416,49",1
Área cosechada,"1.417,00",1
Área cosechada,"1.417,60",1
Área cosechada,"1.417,68",1
Área cosechada,"1.418,98",1
Área cosechada,"1.420,27",1
Área cosechada,"1.424,30",1
Área cosechada,"1.425,39",1
Área cosechada,"1.428,79",1
Área cosechada,"1.431,00",1
Área cosechada,"1.431,40",1
Área cosechada,"1.432,00",1
Área cosechada,"1.433,00",1
Área cosechada,"1.433,83",1
Área cosechada,"1.434,87",1
Área cosechada,"1.435,05",1
Área cosechada,"1.435,45",1
Área cosechada,"1.435,80",1
Área cosechada,"1.436,60",1
Área cosechada,"1.436,81",1
Área cosechada,"1.436,82",1
Área cosechada,"1.437,00",1
Área cosechada,"1.437,43",1
Área cosechada,"1.438,00",1
Área cosechada,"1.438,23",1
Área cosechada,"1.440,21",1
Área cosechada,"1.442,90",1
Área cosechada,"1.444,29",1
Área cosechada,"1.444,79",1
Área cosechada,"1.445,70",1
Área cosechada,"1.446,00",1
Área cosechada,"1.447,03",1
Área cosechada,"1.449,08",1
Área cosechada,"1.449,50",1
Área cosechada,"1.450,58",1
Área cosechada,"1.451,32",1
Área cosechada,"1.451,92",1
Área cosechada,"1.455,00",1
Área cosechada,"1.455,52",1
Área cosechada,"1.456,73",1
Área cosechada,"1.456,93",1
Área cosechada,"1.457,90",1
Área cosechada,"1.458,00",1
Área cosechada,"1.459,00",1
Área cosechada,"1.459,45",1
Área cosechada,"1.460,19",1
Área cosechada,"1.460,50",1
Área cosechada,"1.461,00",1
Área cosechada,"1.461,82",1
Área cosechada,"1.461,87",1
Área cosechada,"1.463,00",1
Área cosechada,"1.463,42",1
Área cosechada,"1.464,32",1
Área cosechada,"1.468,00",1
Área cosechada,"1.471,60",1
Área cosechada,"1.472,00",1
Área cosechada,"1.472,19",1
Área cosechada,"1.472,84",1
Área cosechada,"1.473,00",1
Área cosechada,"1.474,00",1
Área cosechada,"1.474,24",1
Área cosechada,"1.476,06",1
Área cosechada,"1.476,26",1
Área cosechada,"1.476,27",1
Área cosechada,"1.476,30",1
Área cosechada,"1.477,34",1
Área cosechada,"1.479,02",1
Área cosechada,"1.480,01",1
Área cosechada,"1.481,00",1
Área cosechada,"1.482,99",1
Área cosechada,"1.483,44",1
Área cosechada,"1.484,88",1
Área cosechada,"1.485,00",1
Área cosechada,"1.486,96",1
Área cosechada,"1.487,00",1
Área cosechada,"1.487,46",1
Área cosechada,"1.489,00",1
Área cosechada,"1.489,11",1
Área cosechada,"1.489,17",1
Área cosechada,"1.489,80",1
Área cosechada,"1.489,95",1
Área cosechada,"1.491,00",1
Área cosechada,"1.491,94",1
Área cosechada,"1.492,00",1
Área cosechada,"1.493,92",1
Área cosechada,"1.494,00",1
Área cosechada,"1.495,00",1
Área cosechada,"1.495,50",1
Área cosechada,"1.496,30",1
Área cosechada,"1.497,24",1
Área cosechada,"1.497,52",1
Área cosechada,"1.498,00",1
Área cosechada,"1.498,10",1
Área cosechada,"1.499,50",1
Área cosechada,"1.500,37",1
Área cosechada,"1.500,64",1
Área cosechada,"1.500,65",1
Área cosechada,"1.506,00",1
Área cosechada,"1.507,32",1
Área cosechada,"1.507,40",1
Área cosechada,"1.507,94",1
Área cosechada,"1.510,05",1
Área cosechada,"1.511,80",1
Área cosechada,"1.513,94",1
Área cosechada,"1.516,57",1
Área cosechada,"1.519,19",1
Área cosechada,"1.519,67",1
Área cosechada,"1.523,80",1
Área cosechada,"1.524,96",1
Área cosechada,"1.527,04",1
Área cosechada,"1.528,17",1
Área cosechada,"1.530,00",1
Área cosechada,"1.531,00",1
Área cosechada,"1.531,60",1
Área cosechada,"1.532,00",1
Área cosechada,"1.533,00",1
Área cosechada,"1.533,46",1
Área cosechada,"1.534,00",1
Área cosechada,"1.534,73",1
Área cosechada,"1.534,96",1
Área cosechada,"1.535,00",1
Área cosechada,"1.535,40",1
Área cosechada,"1.535,99",1
Área cosechada,"1.536,66",1
Área cosechada,"1.537,50",1
Área cosechada,"1.537,68",1
Área cosechada,"1.539,16",1
Área cosechada,"1.539,49",1
Área cosechada,"1.539,62",1
Área cosechada,"1.540,62",1
Área cosechada,"1.543,76",1
Área cosechada,"1.544,93",1
Área cosechada,"1.546,00",1
Área cosechada,"1.546,10",1
Área cosechada,"1.546,95",1
Área cosechada,"1.547,00",1
Área cosechada,"1.547,27",1
Área cosechada,"1.547,35",1
Área cosechada,"1.547,67",1
Área cosechada,"1.549,50",1
Área cosechada,"1.550,56",1
Área cosechada,"1.554,96",1
Área cosechada,"1.558,00",1
Área cosechada,"1.558,30",1
Área cosechada,"1.558,40",1
Área cosechada,"1.559,40",1
Área cosechada,"1.559,50",1
Área cosechada,"1.560,32",1
Área cosechada,"1.561,47",1
Área cosechada,"1.561,90",1
Área cosechada,"1.562,00",1
Área cosechada,"1.563,00",1
Área cosechada,"1.564,50",1
Área cosechada,"1.565,11",1
Área cosechada,"1.567,00",1
Área cosechada,"1.567,50",1
Área cosechada,"1.567,59",1
Área cosechada,"1.569,00",1
Área cosechada,"1.573,00",1
Área cosechada,"1.574,81",1
Área cosechada,"1.575,13",1
Área cosechada,"1.575,18",1
Área cosechada,"1.577,66",1
Área cosechada,"1.577,89",1
Área cosechada,"1.578,49",1
Área cosechada,"1.580,31",1
Área cosechada,"1.580,97",1
Área cosechada,"1.581,35",1
Área cosechada,"1.582,00",1
Área cosechada,"1.584,70",1
Área cosechada,"1.585,00",1
Área cosechada,"1.585,92",1
Área cosechada,"1.587,72",1
Área cosechada,"1.592,00",1
Área cosechada,"1.592,16",1
Área cosechada,"1.593,01",1
Área cosechada,"1.594,00",1
Área cosechada,"1.596,00",1
Área cosechada,"1.598,32",1
Área cosechada,"1.599,00",1
Área cosechada,"1.599,30",1
Área cosechada,"1.602,58",1
Área cosechada,"1.603,15",1
Área cosechada,"1.603,60",1
Área cosechada,"1.604,95",1
Área cosechada,"1.605,00",1
Área cosechada,"1.605,30",1
Área cosechada,"1.605,85",1
Área cosechada,"1.606,67",1
Área cosechada,"1.608,00",1
Área cosechada,"1.608,99",1
Área cosechada,"1.612,00",1
Área cosechada,"1.612,68",1
Área cosechada,"1.613,50",1
Área cosechada,"1.614,00",1
Área cosechada,"1.620,50",1
Área cosechada,"1.622,00",1
Área cosechada,"1.623,25",1
Área cosechada,"1.623,83",1
Área cosechada,"1.624,56",1
Área cosechada,"1.626,00",1
Área cosechada,"1.626,02",1
Área cosechada,"1.628,00",1
Área cosechada,"1.629,65",1
Área cosechada,"1.630,22",1
Área cosechada,"1.631,12",1
Área cosechada,"1.631,67",1
Área cosechada,"1.632,74",1
Área cosechada,"1.638,46",1
Área cosechada,"1.638,89",1
Área cosechada,"1.639,00",1
Área cosechada,"1.640,77",1
Área cosechada,"1.641,34",1
Área cosechada,"1.642,50",1
Área cosechada,"1.643,00",1
Área cosechada,"1.644,45",1
Área cosechada,"1.649,00",1
Área cosechada,"1.650,70",1
Área cosechada,"1.651,52",1
Área cosechada,"1.652,27",1
Área cosechada,"1.652,53",1
Área cosechada,"1.652,64",1
Área cosechada,"1.652,87",1
Área cosechada,"1.653,87",1
Área cosechada,"1.655,30",1
Área cosechada,"1.657,00",1
Área cosechada,"1.661,00",1
Área cosechada,"1.662,50",1
Área cosechada,"1.663,11",1
Área cosechada,"1.665,00",1
Área cosechada,"1.666,18",1
Área cosechada,"1.668,00",1
Área cosechada,"1.675,48",1
Área cosechada,"1.676,00",1
Área cosechada,"1.676,28",1
Área cosechada,"1.680,26",1
Área cosechada,"1.680,66",1
Área cosechada,"1.681,00",1
Área cosechada,"1.681,63",1
Área cosechada,"1.682,00",1
Área cosechada,"1.687,00",1
Área cosechada,"1.688,21",1
Área cosechada,"1.690,50",1
Área cosechada,"1.691,00",1
Área cosechada,"1.692,11",1
Área cosechada,"1.692,42",1
Área cosechada,"1.692,50",1
Área cosechada,"1.696,42",1
Área cosechada,"1.697,02",1
Área cosechada,"1.699,40",1
Área cosechada,"1.701,00",1
Área cosechada,"1.702,00",1
Área cosechada,"1.703,30",1
Área cosechada,"1.705,00",1
Área cosechada,"1.705,80",1
Área cosechada,"1.708,00",1
Área cosechada,"1.710,90",1
Área cosechada,"1.711,00",1
Área cosechada,"1.712,00",1
Área cosechada,"1.713,00",1
Área cosechada,"1.713,42",1
Área cosechada,"1.715,00",1
Área cosechada,"1.715,76",1
Área cosechada,"1.716,97",1
Área cosechada,"1.719,00",1
Área cosechada,"1.719,39",1
Área cosechada,"1.721,00",1
Área cosechada,"1.723,86",1
Área cosechada,"1.727,90",1
Área cosechada,"1.731,94",1
Área cosechada,"1.732,00",1
Área cosechada,"1.737,92",1
Área cosechada,"1.738,64",1
Área cosechada,"1.739,01",1
Área cosechada,"1.739,40",1
Área cosechada,"1.740,00",1
Área cosechada,"1.742,00",1
Área cosechada,"1.743,00",1
Área cosechada,"1.743,93",1
Área cosechada,"1.746,30",1
Área cosechada,"1.748,53",1
Área cosechada,"1.749,29",1
Área cosechada,"1.749,65",1
Área cosechada,"1.751,00",1
Área cosechada,"1.752,70",1
Área cosechada,"1.752,93",1
Área cosechada,"1.753,00",1
Área cosechada,"1.753,45",1
Área cosechada,"1.759,71",1
Área cosechada,"1.760,38",1
Área cosechada,"1.763,16",1
Área cosechada,"1.763,98",1
Área cosechada,"1.764,59",1
Área cosechada,"1.767,85",1
Área cosechada,"1.769,00",1
Área cosechada,"1.770,85",1
Área cosechada,"1.771,00",1
Área cosechada,"1.771,64",1
Área cosechada,"1.771,70",1
Área cosechada,"1.772,00",1
Área cosechada,"1.776,00",1
Área cosechada,"1.778,66",1
Área cosechada,"1.779,00",1
Área cosechada,"1.779,37",1
Área cosechada,"1.779,71",1
Área cosechada,"1.780,40",1
Área cosechada,"1.782,40",1
Área cosechada,"1.785,00",1
Área cosechada,"1.786,75",1
Área cosechada,"1.789,27",1
Área cosechada,"1.792,66",1
Área cosechada,"1.793,00",1
Área cosechada,"1.795,00",1
Área cosechada,"1.796,41",1
Área cosechada,"1.797,49",1
Área cosechada,"1.799,00",1
Área cosechada,"1.799,50",1
Área cosechada,"1.800,26",1
Área cosechada,"1.801,00",1
Área cosechada,"1.803,00",1
Área cosechada,"1.804,00",1
Área cosechada,"1.804,89",1
Área cosechada,"1.805,48",1
Área cosechada,"1.807,00",1
Área cosechada,"1.809,00",1
Área cosechada,"1.809,72",1
Área cosechada,"1.810,62",1
Área cosechada,"1.810,79",1
Área cosechada,"1.811,00",1
Área cosechada,"1.812,00",1
Área cosechada,"1.815,61",1
Área cosechada,"1.816,00",1
Área cosechada,"1.816,29",1
Área cosechada,"1.816,92",1
Área cosechada,"1.818,00",1
Área cosechada,"1.818,71",1
Área cosechada,"1.819,53",1
Área cosechada,"1.821,00",1
Área cosechada,"1.822,60",1
Área cosechada,"1.823,00",1
Área cosechada,"1.824,21",1
Área cosechada,"1.828,00",1
Área cosechada,"1.830,03",1
Área cosechada,"1.830,70",1
Área cosechada,"1.831,00",1
Área cosechada,"1.833,00",1
Área cosechada,"1.836,00",1
Área cosechada,"1.836,97",1
Área cosechada,"1.837,00",1
Área cosechada,"1.839,00",1
Área cosechada,"1.840,60",1
Área cosechada,"1.841,43",1
Área cosechada,"1.841,50",1
Área cosechada,"1.842,00",1
Área cosechada,"1.843,65",1
Área cosechada,"1.844,60",1
Área cosechada,"1.846,00",1
Área cosechada,"1.849,07",1
Área cosechada,"1.849,80",1
Área cosechada,"1.850,99",1
Área cosechada,"1.854,00",1
Área cosechada,"1.855,00",1
Área cosechada,"1.855,94",1
Área cosechada,"1.856,00",1
Área cosechada,"1.857,95",1
Área cosechada,"1.858,00",1
Área cosechada,"1.859,00",1
Área cosechada,"1.860,60",1
Área cosechada,"1.865,00",1
Área cosechada,"1.867,00",1
Área cosechada,"1.870,00",1
Área cosechada,"1.875,00",1
Área cosechada,"1.877,00",1
Área cosechada,"1.879,01",1
Área cosechada,"1.879,94",1
Área cosechada,"1.883,00",1
Área cosechada,"1.883,20",1
Área cosechada,"1.888,00",1
Área cosechada,"1.888,82",1
Área cosechada,"1.888,94",1
Área cosechada,"1.889,00",1
Área cosechada,"1.892,25",1
Área cosechada,"1.893,60",1
Área cosechada,"1.894,00",1
Área cosechada,"1.895,00",1
Área cosechada,"1.896,00",1
Área cosechada,"1.898,02",1
Área cosechada,"1.901,00",1
Área cosechada,"1.902,97",1
Área cosechada,"1.903,41",1
Área cosechada,"1.903,79",1
Área cosechada,"1.906,65",1
Área cosechada,"1.908,00",1
Área cosechada,"1.908,53",1
Área cosechada,"1.911,25",1
Área cosechada,"1.913,00",1
Área cosechada,"1.913,01",1
Área cosechada,"1.914,00",1
Área cosechada,"1.919,00",1
Área cosechada,"1.923,00",1
Área cosechada,"1.924,00",1
Área cosechada,"1.924,28",1
Área cosechada,"1.925,47",1
Área cosechada,"1.926,23",1
Área cosechada,"1.927,00",1
Área cosechada,"1.927,25",1
Área cosechada,"1.930,00",1
Área cosechada,"1.931,10",1
Área cosechada,"1.934,59",1
Área cosechada,"1.935,00",1
Área cosechada,"1.935,35",1
Área cosechada,"1.938,00",1
Área cosechada,"1.940,96",1
Área cosechada,"1.943,00",1
Área cosechada,"1.943,50",1
Área cosechada,"1.945,56",1
Área cosechada,"1.947,00",1
Área cosechada,"1.947,25",1
Área cosechada,"1.948,00",1
Área cosechada,"1.948,19",1
Área cosechada,"1.950,93",1
Área cosechada,"1.952,67",1
Área cosechada,"1.954,00",1
Área cosechada,"1.956,56",1
Área cosechada,"1.958,00",1
Área cosechada,"1.962,68",1
Área cosechada,"1.964,00",1
Área cosechada,"1.965,53",1
Área cosechada,"1.967,00",1
Área cosechada,"1.967,70",1
Área cosechada,"1.968,00",1
Área cosechada,"1.969,00",1
Área cosechada,"1.973,96",1
Área cosechada,"1.974,00",1
Área cosechada,"1.975,29",1
Área cosechada,"1.977,00",1
Área cosechada,"1.980,68",1
Área cosechada,"1.983,52",1
Área cosechada,"1.985,00",1
Área cosechada,"1.986,20",1
Área cosechada,"1.987,00",1
Área cosechada,"1.989,34",1
Área cosechada,"1.993,01",1
Área cosechada,"1.995,10",1
Área cosechada,"1.996,00",1
Área cosechada,"1.997,58",1
Área cosechada,"10.003,10",1
Área cosechada,"10.119,45",1
Área cosechada,"10.168,00",1
Área cosechada,"10.231,55",1
Área cosechada,"10.283,00",1
Área cosechada,"10.284,00",1
Área cosechada,"10.311,00",1
Área cosechada,"10.317,00",1
Área cosechada,"10.470,00",1
Área cosechada,"10.506,00",1
Área cosechada,"10.510,00",1
Área cosechada,"10.515,00",1
Área cosechada,"10.536,00",1
Área cosechada,"10.536,90",1
Área cosechada,"10.550,00",1
Área cosechada,"10.600,00",1
Área cosechada,"10.660,00",1
Área cosechada,"10.685,00",1
Área cosechada,"10.700,00",1
Área cosechada,"10.700,36",1
Área cosechada,"10.882,35",1
Área cosechada,"10.900,00",1
Área cosechada,"10.910,00",1
Área cosechada,"10.950,00",1
Área cosechada,"10.986,45",1
Área cosechada,"11.000,00",1
Área cosechada,"11.025,00",1
Área cosechada,"11.031,77",1
Área cosechada,"11.053,88",1
Área cosechada,"11.100,00",1
Área cosechada,"11.103,74",1
Área cosechada,"11.123,00",1
Área cosechada,"11.188,62",1
Área cosechada,"11.281,00",1
Área cosechada,"11.531,94",1
Área cosechada,"11.671,05",1
Área cosechada,"11.724,00",1
Área cosechada,"11.740,00",1
Área cosechada,"11.752,59",1
Área cosechada,"11.800,00",1
Área cosechada,"11.980,00",1
Área cosechada,"12.000,00",1
Área cosechada,"12.015,00",1
Área cosechada,"12.060,00",1
Área cosechada,"12.119,30",1
Área cosechada,"12.181,45",1
Área cosechada,"12.191,00",1
Área cosechada,"12.204,00",1
Área cosechada,"12.287,00",1
Área cosechada,"12.448,10",1
Área cosechada,"12.524,00",1
Área cosechada,"12.543,00",1
Área cosechada,"12.550,00",1
Área cosechada,"12.631,00",1
Área cosechada,"12.710,00",1
Área cosechada,"12.766,00",1
Área cosechada,"12.911,45",1
Área cosechada,"12.943,00",1
Área cosechada,"12.948,00",1
Área cosechada,"13.156,00",1
Área cosechada,"13.193,00",1
Área cosechada,"13.230,00",1
Área cosechada,"13.311,00",1
Área cosechada,"13.321,00",1
Área cosechada,"13.327,27",1
Área cosechada,"13.438,91",1
Área cosechada,"13.459,00",1
Área cosechada,"13.465,80",1
Área cosechada,"13.531,00",1
Área cosechada,"13.568,00",1
Área cosechada,"13.596,00",1
Área cosechada,"13.762,68",1
Área cosechada,"13.809,00",1
Área cosechada,"13.827,62",1
Área cosechada,"13.854,00",1
Área cosechada,"13.905,00",1
Área cosechada,"14.050,00",1
Área cosechada,"14.100,00",1
Área cosechada,"14.129,00",1
Área cosechada,"14.155,00",1
Área cosechada,"14.194,55",1
Área cosechada,"14.245,00",1
Área cosechada,"14.256,00",1
Área cosechada,"14.283,00",1
Área cosechada,"14.288,17",1
Área cosechada,"14.350,00",1
Área cosechada,"14.404,00",1
Área cosechada,"14.425,00",1
Área cosechada,"14.437,43",1
Área cosechada,"14.537,00",1
Área cosechada,"14.538,00",1
Área cosechada,"14.694,00",1
Área cosechada,"14.718,45",1
Área cosechada,"14.869,00",1
Área cosechada,"14.938,00",1
Área cosechada,"14.942,00",1
Área cosechada,"15.631,00",1
Área cosechada,"15.843,00",1
Área cosechada,"15.901,60",1
Área cosechada,"16.013,00",1
Área cosechada,"16.182,00",1
Área cosechada,"16.500,00",1
Área cosechada,"16.700,00",1
Área cosechada,"16.750,00",1
Área cosechada,"16.800,00",1
Área cosechada,"17.400,00",1
Área cosechada,"17.420,00",1
Área cosechada,"17.500,00",1
Área cosechada,"17.625,00",1
Área cosechada,"17.670,00",1
Área cosechada,"18.159,00",1
Área cosechada,"18.300,00",1
Área cosechada,"18.454,00",1
Área cosechada,"18.600,00",1
Área cosechada,"19.171,00",1
Área cosechada,"19.388,00",1
Área cosechada,"19.754,00",1
Área cosechada,"19.800,00",1
Área cosechada,"19.880,00",1
Área cosechada,"2.008,00",1
Área cosechada,"2.011,00",1
Área cosechada,"2.011,22",1
Área cosechada,"2.011,50",1
Área cosechada,"2.016,00",1
Área cosechada,"2.016,30",1
Área cosechada,"2.017,00",1
Área cosechada,"2.020,16",1
Área cosechada,"2.024,00",1
Área cosechada,"2.025,73",1
Área cosechada,"2.030,50",1
Área cosechada,"2.031,50",1
Área cosechada,"2.033,00",1
Área cosechada,"2.036,00",1
Área cosechada,"2.036,50",1
Área cosechada,"2.036,58",1
Área cosechada,"2.037,00",1
Área cosechada,"2.039,00",1
Área cosechada,"2.041,00",1
Área cosechada,"2.041,16",1
Área cosechada,"2.043,00",1
Área cosechada,"2.044,98",1
Área cosechada,"2.045,00",1
Área cosechada,"2.046,50",1
Área cosechada,"2.047,50",1
Área cosechada,"2.048,60",1
Área cosechada,"2.049,57",1
Área cosechada,"2.050,09",1
Área cosechada,"2.052,50",1
Área cosechada,"2.055,47",1
Área cosechada,"2.056,00",1
Área cosechada,"2.056,61",1
Área cosechada,"2.058,58",1
Área cosechada,"2.059,00",1
Área cosechada,"2.061,77",1
Área cosechada,"2.062,60",1
Área cosechada,"2.063,90",1
Área cosechada,"2.064,00",1
Área cosechada,"2.066,30",1
Área cosechada,"2.070,00",1
Área cosechada,"2.071,00",1
Área cosechada,"2.073,00",1
Área cosechada,"2.073,57",1
Área cosechada,"2.074,00",1
Área cosechada,"2.075,72",1
Área cosechada,"2.076,00",1
Área cosechada,"2.076,48",1
Área cosechada,"2.077,00",1
Área cosechada,"2.079,00",1
Área cosechada,"2.082,00",1
Área cosechada,"2.082,23",1
Área cosechada,"2.084,00",1
Área cosechada,"2.087,00",1
Área cosechada,"2.088,60",1
Área cosechada,"2.092,00",1
Área cosechada,"2.097,00",1
Área cosechada,"2.099,00",1
Área cosechada,"2.099,99",1
Área cosechada,"2.100,69",1
Área cosechada,"2.101,92",1
Área cosechada,"2.107,00",1
Área cosechada,"2.108,44",1
Área cosechada,"2.111,00",1
Área cosechada,"2.117,00",1
Área cosechada,"2.121,00",1
Área cosechada,"2.124,17",1
Área cosechada,"2.124,50",1
Área cosechada,"2.128,30",1
Área cosechada,"2.128,89",1
Área cosechada,"2.130,00",1
Área cosechada,"2.133,01",1
Área cosechada,"2.135,00",1
Área cosechada,"2.135,18",1
Área cosechada,"2.141,00",1
Área cosechada,"2.141,89",1
Área cosechada,"2.145,00",1
Área cosechada,"2.148,31",1
Área cosechada,"2.148,45",1
Área cosechada,"2.150,09",1
Área cosechada,"2.150,27",1
Área cosechada,"2.150,33",1
Área cosechada,"2.150,46",1
Área cosechada,"2.152,35",1
Área cosechada,"2.156,61",1
Área cosechada,"2.159,27",1
Área cosechada,"2.161,62",1
Área cosechada,"2.162,00",1
Área cosechada,"2.164,00",1
Área cosechada,"2.167,00",1
Área cosechada,"2.168,27",1
Área cosechada,"2.169,49",1
Área cosechada,"2.173,16",1
Área cosechada,"2.173,40",1
Área cosechada,"2.178,27",1
Área cosechada,"2.180,94",1
Área cosechada,"2.181,37",1
Área cosechada,"2.182,00",1
Área cosechada,"2.183,00",1
Área cosechada,"2.186,00",1
Área cosechada,"2.188,00",1
Área cosechada,"2.189,00",1
Área cosechada,"2.190,88",1
Área cosechada,"2.193,00",1
Área cosechada,"2.194,00",1
Área cosechada,"2.199,53",1
Área cosechada,"2.203,00",1
Área cosechada,"2.203,84",1
Área cosechada,"2.209,61",1
Área cosechada,"2.209,80",1
Área cosechada,"2.210,01",1
Área cosechada,"2.213,10",1
Área cosechada,"2.215,96",1
Área cosechada,"2.217,39",1
Área cosechada,"2.218,00",1
Área cosechada,"2.220,82",1
Área cosechada,"2.222,53",1
Área cosechada,"2.223,39",1
Área cosechada,"2.224,00",1
Área cosechada,"2.229,20",1
Área cosechada,"2.230,40",1
Área cosechada,"2.231,35",1
Área cosechada,"2.231,80",1
Área cosechada,"2.235,00",1
Área cosechada,"2.237,00",1
Área cosechada,"2.237,17",1
Área cosechada,"2.237,94",1
Área cosechada,"2.239,49",1
Área cosechada,"2.241,00",1
Área cosechada,"2.241,78",1
Área cosechada,"2.244,00",1
Área cosechada,"2.245,74",1
Área cosechada,"2.253,00",1
Área cosechada,"2.254,63",1
Área cosechada,"2.255,00",1
Área cosechada,"2.256,00",1
Área cosechada,"2.258,00",1
Área cosechada,"2.259,00",1
Área cosechada,"2.262,00",1
Área cosechada,"2.264,79",1
Área cosechada,"2.267,93",1
Área cosechada,"2.268,00",1
Área cosechada,"2.269,00",1
Área cosechada,"2.270,00",1
Área cosechada,"2.275,27",1
Área cosechada,"2.276,00",1
Área cosechada,"2.277,00",1
Área cosechada,"2.278,91",1
Área cosechada,"2.282,00",1
Área cosechada,"2.284,51",1
Área cosechada,"2.285,65",1
Área cosechada,"2.287,00",1
Área cosechada,"2.291,87",1
Área cosechada,"2.292,00",1
Área cosechada,"2.295,00",1
Área cosechada,"2.295,04",1
Área cosechada,"2.295,23",1
Área cosechada,"2.296,00",1
Área cosechada,"2.297,85",1
Área cosechada,"2.298,26",1
Área cosechada,"2.299,00",1
Área cosechada,"2.300,74",1
Área cosechada,"2.303,00",1
Área cosechada,"2.307,00",1
Área cosechada,"2.307,23",1
Área cosechada,"2.307,71",1
Área cosechada,"2.308,00",1
Área cosechada,"2.309,00",1
Área cosechada,"2.311,05",1
Área cosechada,"2.312,83",1
Área cosechada,"2.317,22",1
Área cosechada,"2.317,80",1
Área cosechada,"2.319,00",1
Área cosechada,"2.322,55",1
Área cosechada,"2.325,00",1
Área cosechada,"2.325,20",1
Área cosechada,"2.325,21",1
Área cosechada,"2.326,00",1
Área cosechada,"2.326,87",1
Área cosechada,"2.328,05",1
Área cosechada,"2.329,00",1
Área cosechada,"2.329,32",1
Área cosechada,"2.330,00",1
Área cosechada,"2.330,50",1
Área cosechada,"2.331,00",1
Área cosechada,"2.332,10",1
Área cosechada,"2.338,80",1
Área cosechada,"2.338,83",1
Área cosechada,"2.340,00",1
Área cosechada,"2.341,30",1
Área cosechada,"2.342,00",1
Área cosechada,"2.342,47",1
Área cosechada,"2.346,87",1
Área cosechada,"2.347,00",1
Área cosechada,"2.347,94",1
Área cosechada,"2.349,00",1
Área cosechada,"2.350,78",1
Área cosechada,"2.351,82",1
Área cosechada,"2.352,58",1
Área cosechada,"2.353,51",1
Área cosechada,"2.353,80",1
Área cosechada,"2.360,00",1
Área cosechada,"2.360,08",1
Área cosechada,"2.360,12",1
Área cosechada,"2.361,77",1
Área cosechada,"2.362,98",1
Área cosechada,"2.363,70",1
Área cosechada,"2.365,50",1
Área cosechada,"2.366,22",1
Área cosechada,"2.367,00",1
Área cosechada,"2.367,46",1
Área cosechada,"2.370,13",1
Área cosechada,"2.371,16",1
Área cosechada,"2.373,00",1
Área cosechada,"2.373,50",1
Área cosechada,"2.373,99",1
Área cosechada,"2.374,00",1
Área cosechada,"2.374,80",1
Área cosechada,"2.376,00",1
Área cosechada,"2.378,93",1
Área cosechada,"2.379,00",1
Área cosechada,"2.381,72",1
Área cosechada,"2.383,00",1
Área cosechada,"2.386,00",1
Área cosechada,"2.386,57",1
Área cosechada,"2.388,01",1
Área cosechada,"2.390,80",1
Área cosechada,"2.393,50",1
Área cosechada,"2.394,83",1
Área cosechada,"2.395,00",1
Área cosechada,"2.398,00",1
Área cosechada,"2.398,10",1
Área cosechada,"2.401,00",1
Área cosechada,"2.404,20",1
Área cosechada,"2.408,60",1
Área cosechada,"2.410,90",1
Área cosechada,"2.412,00",1
Área cosechada,"2.412,80",1
Área cosechada,"2.412,93",1
Área cosechada,"2.417,00",1
Área cosechada,"2.426,38",1
Área cosechada,"2.430,00",1
Área cosechada,"2.431,00",1
Área cosechada,"2.432,48",1
Área cosechada,"2.433,00",1
Área cosechada,"2.434,66",1
Área cosechada,"2.437,63",1
Área cosechada,"2.440,00",1
Área cosechada,"2.456,00",1
Área cosechada,"2.457,00",1
Área cosechada,"2.460,00",1
Área cosechada,"2.464,72",1
Área cosechada,"2.465,88",1
Área cosechada,"2.466,00",1
Área cosechada,"2.466,64",1
Área cosechada,"2.468,58",1
Área cosechada,"2.471,00",1
Área cosechada,"2.474,13",1
Área cosechada,"2.474,81",1
Área cosechada,"2.480,38",1
Área cosechada,"2.486,10",1
Área cosechada,"2.487,00",1
Área cosechada,"2.487,43",1
Área cosechada,"2.489,00",1
Área cosechada,"2.491,00",1
Área cosechada,"2.491,64",1
Área cosechada,"2.495,52",1
Área cosechada,"2.496,00",1
Área cosechada,"2.496,10",1
Área cosechada,"2.498,58",1
Área cosechada,"2.501,00",1
Área cosechada,"2.505,00",1
Área cosechada,"2.506,00",1
Área cosechada,"2.508,00",1
Área cosechada,"2.509,86",1
Área cosechada,"2.510,00",1
Área cosechada,"2.515,00",1
Área cosechada,"2.517,21",1
Área cosechada,"2.521,38",1
Área cosechada,"2.522,42",1
Área cosechada,"2.524,00",1
Área cosechada,"2.526,00",1
Área cosechada,"2.526,29",1
Área cosechada,"2.528,00",1
Área cosechada,"2.530,00",1
Área cosechada,"2.531,92",1
Área cosechada,"2.532,00",1
Área cosechada,"2.538,90",1
Área cosechada,"2.544,00",1
Área cosechada,"2.545,00",1
Área cosechada,"2.547,13",1
Área cosechada,"2.548,00",1
Área cosechada,"2.549,00",1
Área cosechada,"2.554,52",1
Área cosechada,"2.556,00",1
Área cosechada,"2.560,91",1
Área cosechada,"2.561,00",1
Área cosechada,"2.562,00",1
Área cosechada,"2.563,00",1
Área cosechada,"2.565,66",1
Área cosechada,"2.566,00",1
Área cosechada,"2.567,00",1
Área cosechada,"2.570,00",1
Área cosechada,"2.571,07",1
Área cosechada,"2.572,42",1
Área cosechada,"2.573,00",1
Área cosechada,"2.574,00",1
Área cosechada,"2.576,00",1
Área cosechada,"2.578,00",1
Área cosechada,"2.579,18",1
Área cosechada,"2.580,00",1
Área cosechada,"2.588,28",1
Área cosechada,"2.590,00",1
Área cosechada,"2.595,00",1
Área cosechada,"2.596,00",1
Área cosechada,"2.598,39",1
Área cosechada,"2.599,00",1
Área cosechada,"2.599,16",1
Área cosechada,"2.600,30",1
Área cosechada,"2.600,44",1
Área cosechada,"2.602,00",1
Área cosechada,"2.604,10",1
Área cosechada,"2.606,00",1
Área cosechada,"2.608,63",1
Área cosechada,"2.613,42",1
Área cosechada,"2.618,00",1
Área cosechada,"2.619,04",1
Área cosechada,"2.620,00",1
Área cosechada,"2.624,97",1
Área cosechada,"2.625,00",1
Área cosechada,"2.627,92",1
Área cosechada,"2.628,00",1
Área cosechada,"2.628,15",1
Área cosechada,"2.629,00",1
Área cosechada,"2.630,86",1
Área cosechada,"2.634,00",1
Área cosechada,"2.635,13",1
Área cosechada,"2.635,57",1
Área cosechada,"2.637,00",1
Área cosechada,"2.637,30",1
Área cosechada,"2.638,52",1
Área cosechada,"2.640,00",1
Área cosechada,"2.641,50",1
Área cosechada,"2.643,00",1
Área cosechada,"2.644,50",1
Área cosechada,"2.645,00",1
Área cosechada,"2.647,00",1
Área cosechada,"2.652,68",1
Área cosechada,"2.655,00",1
Área cosechada,"2.656,00",1
Área cosechada,"2.660,00",1
Área cosechada,"2.660,09",1
Área cosechada,"2.663,00",1
Área cosechada,"2.667,00",1
Área cosechada,"2.669,76",1
Área cosechada,"2.670,00",1
Área cosechada,"2.672,00",1
Área cosechada,"2.672,57",1
Área cosechada,"2.674,50",1
Área cosechada,"2.675,95",1
Área cosechada,"2.681,00",1
Área cosechada,"2.682,00",1
Área cosechada,"2.682,50",1
Área cosechada,"2.682,89",1
Área cosechada,"2.683,00",1
Área cosechada,"2.684,21",1
Área cosechada,"2.687,47",1
Área cosechada,"2.688,00",1
Área cosechada,"2.689,00",1
Área cosechada,"2.696,00",1
Área cosechada,"2.706,81",1
Área cosechada,"2.707,42",1
Área cosechada,"2.709,68",1
Área cosechada,"2.712,00",1
Área cosechada,"2.712,70",1
Área cosechada,"2.714,00",1
Área cosechada,"2.719,30",1
Área cosechada,"2.722,00",1
Área cosechada,"2.727,00",1
Área cosechada,"2.728,00",1
Área cosechada,"2.732,00",1
Área cosechada,"2.732,09",1
Área cosechada,"2.733,25",1
Área cosechada,"2.735,92",1
Área cosechada,"2.736,00",1
Área cosechada,"2.739,00",1
Área cosechada,"2.741,11",1
Área cosechada,"2.741,24",1
Área cosechada,"2.743,00",1
Área cosechada,"2.748,00",1
Área cosechada,"2.757,00",1
Área cosechada,"2.762,73",1
Área cosechada,"2.763,59",1
Área cosechada,"2.770,00",1
Área cosechada,"2.770,98",1
Área cosechada,"2.774,71",1
Área cosechada,"2.775,20",1
Área cosechada,"2.778,00",1
Área cosechada,"2.778,57",1
Área cosechada,"2.784,00",1
Área cosechada,"2.786,80",1
Área cosechada,"2.790,06",1
Área cosechada,"2.793,80",1
Área cosechada,"2.794,71",1
Área cosechada,"2.798,54",1
Área cosechada,"2.801,82",1
Área cosechada,"2.803,26",1
Área cosechada,"2.806,76",1
Área cosechada,"2.807,00",1
Área cosechada,"2.811,00",1
Área cosechada,"2.812,65",1
Área cosechada,"2.815,00",1
Área cosechada,"2.819,91",1
Área cosechada,"2.820,00",1
Área cosechada,"2.821,40",1
Área cosechada,"2.822,50",1
Área cosechada,"2.825,00",1
Área cosechada,"2.828,00",1
Área cosechada,"2.832,58",1
Área cosechada,"2.833,27",1
Área cosechada,"2.837,00",1
Área cosechada,"2.841,67",1
Área cosechada,"2.843,89",1
Área cosechada,"2.848,20",1
Área cosechada,"2.850,43",1
Área cosechada,"2.851,00",1
Área cosechada,"2.852,00",1
Área cosechada,"2.858,00",1
Área cosechada,"2.860,47",1
Área cosechada,"2.862,80",1
Área cosechada,"2.864,00",1
Área cosechada,"2.865,00",1
Área cosechada,"2.865,80",1
Área cosechada,"2.872,98",1
Área cosechada,"2.874,60",1
Área cosechada,"2.879,51",1
Área cosechada,"2.880,00",1
Área cosechada,"2.883,27",1
Área cosechada,"2.884,30",1
Área cosechada,"2.886,00",1
Área cosechada,"2.887,30",1
Área cosechada,"2.888,97",1
Área cosechada,"2.892,00",1
Área cosechada,"2.892,20",1
Área cosechada,"2.893,46",1
Área cosechada,"2.894,20",1
Área cosechada,"2.895,49",1
Área cosechada,"2.895,57",1
Área cosechada,"2.896,63",1
Área cosechada,"2.898,00",1
Área cosechada,"2.899,00",1
Área cosechada,"2.900,89",1
Área cosechada,"2.902,61",1
Área cosechada,"2.903,68",1
Área cosechada,"2.904,23",1
Área cosechada,"2.906,00",1
Área cosechada,"2.913,00",1
Área cosechada,"2.919,00",1
Área cosechada,"2.920,00",1
Área cosechada,"2.927,00",1
Área cosechada,"2.930,48",1
Área cosechada,"2.932,00",1
Área cosechada,"2.934,00",1
Área cosechada,"2.938,63",1
Área cosechada,"2.939,00",1
Área cosechada,"2.939,10",1
Área cosechada,"2.941,26",1
Área cosechada,"2.951,00",1
Área cosechada,"2.951,34",1
Área cosechada,"2.956,00",1
Área cosechada,"2.957,00",1
Área cosechada,"2.964,00",1
Área cosechada,"2.964,84",1
Área cosechada,"2.965,50",1
Área cosechada,"2.973,50",1
Área cosechada,"2.977,50",1
Área cosechada,"2.979,60",1
Área cosechada,"2.979,68",1
Área cosechada,"2.981,00",1
Área cosechada,"2.986,83",1
Área cosechada,"2.990,00",1
Área cosechada,"2.996,10",1
Área cosechada,"2.999,97",1
Área cosechada,"20.500,00",1
Área cosechada,"20.951,00",1
Área cosechada,"20.968,00",1
Área cosechada,"20.988,00",1
Área cosechada,"21.000,00",1
Área cosechada,"21.103,00",1
Área cosechada,"21.300,00",1
Área cosechada,"21.503,00",1
Área cosechada,"21.544,00",1
Área cosechada,"21.701,00",1
Área cosechada,"21.703,00",1
Área cosechada,"22.475,00",1
Área cosechada,"22.563,00",1
Área cosechada,"22.565,00",1
Área cosechada,"22.650,00",1
Área cosechada,"22.707,00",1
Área cosechada,"23.182,00",1
Área cosechada,"23.325,00",1
Área cosechada,"23.465,00",1
Área cosechada,"23.700,00",1
Área cosechada,"23.936,00",1
Área cosechada,"24.185,00",1
Área cosechada,"24.245,00",1
Área cosechada,"24.381,00",1
Área cosechada,"24.407,00",1
Área cosechada,"24.500,00",1
Área cosechada,"24.647,00",1
Área cosechada,"24.681,00",1
Área cosechada,"24.691,00",1
Área cosechada,"25.038,00",1
Área cosechada,"25.140,00",1
Área cosechada,"25.272,00",1
Área cosechada,"25.508,00",1
Área cosechada,"27.022,00",1
Área cosechada,"27.217,00",1
Área cosechada,"27.225,00",1
Área cosechada,"27.597,00",1
Área cosechada,"27.717,00",1
Área cosechada,"28.000,00",1
Área cosechada,"28.010,00",1
Área cosechada,"28.693,00",1
Área cosechada,"29.498,20",1
Área cosechada,"29.878,00",1
Área cosechada,"3.000,21",1
Área cosechada,"3.001,93",1
Área cosechada,"3.005,00",1
Área cosechada,"3.006,36",1
Área cosechada,"3.012,05",1
Área cosechada,"3.013,00",1
Área cosechada,"3.013,90",1
Área cosechada,"3.016,00",1
Área cosechada,"3.017,00",1
Área cosechada,"3.021,51",1
Área cosechada,"3.024,00",1
Área cosechada,"3.026,00",1
Área cosechada,"3.034,31",1
Área cosechada,"3.039,00",1
Área cosechada,"3.042,56",1
Área cosechada,"3.046,73",1
Área cosechada,"3.050,00",1
Área cosechada,"3.052,00",1
Área cosechada,"3.065,96",1
Área cosechada,"3.068,60",1
Área cosechada,"3.071,24",1
Área cosechada,"3.073,00",1
Área cosechada,"3.073,11",1
Área cosechada,"3.073,15",1
Área cosechada,"3.079,82",1
Área cosechada,"3.080,00",1
Área cosechada,"3.082,05",1
Área cosechada,"3.087,50",1
Área cosechada,"3.092,00",1
Área cosechada,"3.094,00",1
Área cosechada,"3.094,13",1
Área cosechada,"3.096,00",1
Área cosechada,"3.098,00",1
Área cosechada,"3.098,44",1
Área cosechada,"3.098,50",1
Área cosechada,"3.099,79",1
Área cosechada,"3.107,00",1
Área cosechada,"3.107,50",1
Área cosechada,"3.109,00",1
Área cosechada,"3.110,00",1
Área cosechada,"3.113,00",1
Área cosechada,"3.115,00",1
Área cosechada,"3.117,00",1
Área cosechada,"3.125,43",1
Área cosechada,"3.130,00",1
Área cosechada,"3.130,85",1
Área cosechada,"3.134,22",1
Área cosechada,"3.134,42",1
Área cosechada,"3.136,00",1
Área cosechada,"3.137,00",1
Área cosechada,"3.139,00",1
Área cosechada,"3.141,00",1
Área cosechada,"3.142,00",1
Área cosechada,"3.144,28",1
Área cosechada,"3.152,58",1
Área cosechada,"3.154,00",1
Área cosechada,"3.154,21",1
Área cosechada,"3.160,00",1
Área cosechada,"3.162,00",1
Área cosechada,"3.165,72",1
Área cosechada,"3.167,00",1
Área cosechada,"3.168,00",1
Área cosechada,"3.170,80",1
Área cosechada,"3.172,10",1
Área cosechada,"3.177,00",1
Área cosechada,"3.177,86",1
Área cosechada,"3.179,00",1
Área cosechada,"3.183,94",1
Área cosechada,"3.187,27",1
Área cosechada,"3.189,24",1
Área cosechada,"3.189,87",1
Área cosechada,"3.190,00",1
Área cosechada,"3.194,00",1
Área cosechada,"3.195,00",1
Área cosechada,"3.198,66",1
Área cosechada,"3.210,00",1
Área cosechada,"3.214,00",1
Área cosechada,"3.215,00",1
Área cosechada,"3.224,00",1
Área cosechada,"3.225,00",1
Área cosechada,"3.226,13",1
Área cosechada,"3.232,80",1
Área cosechada,"3.234,50",1
Área cosechada,"3.250,43",1
Área cosechada,"3.254,00",1
Área cosechada,"3.256,29",1
Área cosechada,"3.260,98",1
Área cosechada,"3.263,00",1
Área cosechada,"3.266,00",1
Área cosechada,"3.267,61",1
Área cosechada,"3.268,13",1
Área cosechada,"3.268,68",1
Área cosechada,"3.270,00",1
Área cosechada,"3.276,00",1
Área cosechada,"3.280,00",1
Área cosechada,"3.291,39",1
Área cosechada,"3.292,41",1
Área cosechada,"3.295,00",1
Área cosechada,"3.298,00",1
Área cosechada,"3.307,52",1
Área cosechada,"3.318,00",1
Área cosechada,"3.320,00",1
Área cosechada,"3.328,00",1
Área cosechada,"3.335,00",1
Área cosechada,"3.336,00",1
Área cosechada,"3.348,88",1
Área cosechada,"3.350,00",1
Área cosechada,"3.351,36",1
Área cosechada,"3.356,23",1
Área cosechada,"3.359,77",1
Área cosechada,"3.362,00",1
Área cosechada,"3.369,00",1
Área cosechada,"3.370,00",1
Área cosechada,"3.380,00",1
Área cosechada,"3.385,15",1
Área cosechada,"3.386,54",1
Área cosechada,"3.389,00",1
Área cosechada,"3.390,74",1
Área cosechada,"3.392,69",1
Área cosechada,"3.395,00",1
Área cosechada,"3.398,10",1
Área cosechada,"3.401,28",1
Área cosechada,"3.405,00",1
Área cosechada,"3.407,00",1
Área cosechada,"3.409,92",1
Área cosechada,"3.413,00",1
Área cosechada,"3.414,44",1
Área cosechada,"3.415,00",1
Área cosechada,"3.416,60",1
Área cosechada,"3.419,80",1
Área cosechada,"3.420,00",1
Área cosechada,"3.423,16",1
Área cosechada,"3.423,90",1
Área cosechada,"3.425,00",1
Área cosechada,"3.429,64",1
Área cosechada,"3.435,00",1
Área cosechada,"3.439,00",1
Área cosechada,"3.441,32",1
Área cosechada,"3.444,00",1
Área cosechada,"3.445,65",1
Área cosechada,"3.448,16",1
Área cosechada,"3.454,84",1
Área cosechada,"3.459,89",1
Área cosechada,"3.465,70",1
Área cosechada,"3.466,14",1
Área cosechada,"3.468,65",1
Área cosechada,"3.470,00",1
Área cosechada,"3.475,00",1
Área cosechada,"3.477,00",1
Área cosechada,"3.490,71",1
Área cosechada,"3.493,81",1
Área cosechada,"3.494,00",1
Área cosechada,"3.494,69",1
Área cosechada,"3.496,00",1
Área cosechada,"3.500,45",1
Área cosechada,"3.502,51",1
Área cosechada,"3.506,00",1
Área cosechada,"3.518,50",1
Área cosechada,"3.520,00",1
Área cosechada,"3.526,00",1
Área cosechada,"3.529,00",1
Área cosechada,"3.530,00",1
Área cosechada,"3.533,50",1
Área cosechada,"3.536,00",1
Área cosechada,"3.545,50",1
Área cosechada,"3.547,00",1
Área cosechada,"3.547,70",1
Área cosechada,"3.549,00",1
Área cosechada,"3.553,00",1
Área cosechada,"3.558,28",1
Área cosechada,"3.559,03",1
Área cosechada,"3.563,00",1
Área cosechada,"3.573,00",1
Área cosechada,"3.582,00",1
Área cosechada,"3.582,33",1
Área cosechada,"3.585,00",1
Área cosechada,"3.595,81",1
Área cosechada,"3.597,00",1
Área cosechada,"3.598,00",1
Área cosechada,"3.602,70",1
Área cosechada,"3.606,70",1
Área cosechada,"3.618,00",1
Área cosechada,"3.620,80",1
Área cosechada,"3.625,00",1
Área cosechada,"3.637,70",1
Área cosechada,"3.644,50",1
Área cosechada,"3.647,00",1
Área cosechada,"3.650,00",1
Área cosechada,"3.651,00",1
Área cosechada,"3.651,82",1
Área cosechada,"3.653,00",1
Área cosechada,"3.654,82",1
Área cosechada,"3.668,00",1
Área cosechada,"3.682,80",1
Área cosechada,"3.683,00",1
Área cosechada,"3.684,00",1
Área cosechada,"3.688,81",1
Área cosechada,"3.689,28",1
Área cosechada,"3.696,00",1
Área cosechada,"3.704,30",1
Área cosechada,"3.709,00",1
Área cosechada,"3.712,00",1
Área cosechada,"3.717,20",1
Área cosechada,"3.722,00",1
Área cosechada,"3.723,35",1
Área cosechada,"3.730,00",1
Área cosechada,"3.733,00",1
Área cosechada,"3.734,03",1
Área cosechada,"3.739,10",1
Área cosechada,"3.740,00",1
Área cosechada,"3.741,73",1
Área cosechada,"3.745,87",1
Área cosechada,"3.752,00",1
Área cosechada,"3.754,00",1
Área cosechada,"3.758,83",1
Área cosechada,"3.758,85",1
Área cosechada,"3.761,44",1
Área cosechada,"3.764,51",1
Área cosechada,"3.767,73",1
Área cosechada,"3.772,00",1
Área cosechada,"3.780,00",1
Área cosechada,"3.780,07",1
Área cosechada,"3.780,80",1
Área cosechada,"3.784,45",1
Área cosechada,"3.786,38",1
Área cosechada,"3.788,00",1
Área cosechada,"3.794,40",1
Área cosechada,"3.795,00",1
Área cosechada,"3.807,00",1
Área cosechada,"3.810,00",1
Área cosechada,"3.811,00",1
Área cosechada,"3.815,00",1
Área cosechada,"3.817,00",1
Área cosechada,"3.823,00",1
Área cosechada,"3.828,00",1
Área cosechada,"3.833,00",1
Área cosechada,"3.834,40",1
Área cosechada,"3.836,32",1
Área cosechada,"3.837,09",1
Área cosechada,"3.838,33",1
Área cosechada,"3.850,12",1
Área cosechada,"3.851,86",1
Área cosechada,"3.857,00",1
Área cosechada,"3.857,11",1
Área cosechada,"3.860,00",1
Área cosechada,"3.864,00",1
Área cosechada,"3.865,00",1
Área cosechada,"3.866,37",1
Área cosechada,"3.870,00",1
Área cosechada,"3.880,00",1
Área cosechada,"3.890,00",1
Área cosechada,"3.910,26",1
Área cosechada,"3.910,38",1
Área cosechada,"3.910,80",1
Área cosechada,"3.912,00",1
Área cosechada,"3.914,83",1
Área cosechada,"3.919,96",1
Área cosechada,"3.920,00",1
Área cosechada,"3.924,00",1
Área cosechada,"3.929,00",1
Área cosechada,"3.930,35",1
Área cosechada,"3.930,71",1
Área cosechada,"3.933,00",1
Área cosechada,"3.934,53",1
Área cosechada,"3.934,65",1
Área cosechada,"3.937,00",1
Área cosechada,"3.937,98",1
Área cosechada,"3.938,00",1
Área cosechada,"3.939,93",1
Área cosechada,"3.941,00",1
Área cosechada,"3.941,62",1
Área cosechada,"3.942,26",1
Área cosechada,"3.943,00",1
Área cosechada,"3.947,00",1
Área cosechada,"3.951,00",1
Área cosechada,"3.952,00",1
Área cosechada,"3.953,90",1
Área cosechada,"3.970,00",1
Área cosechada,"3.972,00",1
Área cosechada,"3.978,00",1
Área cosechada,"3.980,00",1
Área cosechada,"3.980,66",1
Área cosechada,"3.982,00",1
Área cosechada,"3.987,89",1
Área cosechada,"3.988,00",1
Área cosechada,"3.995,00",1
Área cosechada,"30.322,00",1
Área cosechada,"31.980,00",1
Área cosechada,"32.000,00",1
Área cosechada,"32.097,00",1
Área cosechada,"32.727,00",1
Área cosechada,"32.829,00",1
Área cosechada,"33.176,00",1
Área cosechada,"33.990,00",1
Área cosechada,"34.018,00",1
Área cosechada,"34.200,00",1
Área cosechada,"35.000,00",1
Área cosechada,"35.100,00",1
Área cosechada,"35.190,00",1
Área cosechada,"35.900,00",1
Área cosechada,"35.958,00",1
Área cosechada,"37.000,00",1
Área cosechada,"37.418,00",1
Área cosechada,"38.702,00",1
Área cosechada,"4.003,00",1
Área cosechada,"4.006,08",1
Área cosechada,"4.006,76",1
Área cosechada,"4.010,00",1
Área cosechada,"4.012,00",1
Área cosechada,"4.015,00",1
Área cosechada,"4.020,00",1
Área cosechada,"4.024,91",1
Área cosechada,"4.026,76",1
Área cosechada,"4.031,14",1
Área cosechada,"4.034,49",1
Área cosechada,"4.035,72",1
Área cosechada,"4.037,00",1
Área cosechada,"4.044,88",1
Área cosechada,"4.045,60",1
Área cosechada,"4.047,68",1
Área cosechada,"4.053,00",1
Área cosechada,"4.060,00",1
Área cosechada,"4.061,00",1
Área cosechada,"4.068,00",1
Área cosechada,"4.071,57",1
Área cosechada,"4.071,75",1
Área cosechada,"4.079,22",1
Área cosechada,"4.080,67",1
Área cosechada,"4.081,94",1
Área cosechada,"4.083,00",1
Área cosechada,"4.090,00",1
Área cosechada,"4.093,03",1
Área cosechada,"4.095,15",1
Área cosechada,"4.099,00",1
Área cosechada,"4.101,00",1
Área cosechada,"4.101,59",1
Área cosechada,"4.102,00",1
Área cosechada,"4.111,00",1
Área cosechada,"4.120,00",1
Área cosechada,"4.131,00",1
Área cosechada,"4.131,23",1
Área cosechada,"4.134,72",1
Área cosechada,"4.135,00",1
Área cosechada,"4.135,54",1
Área cosechada,"4.140,00",1
Área cosechada,"4.143,23",1
Área cosechada,"4.144,00",1
Área cosechada,"4.148,00",1
Área cosechada,"4.153,00",1
Área cosechada,"4.154,00",1
Área cosechada,"4.154,28",1
Área cosechada,"4.156,00",1
Área cosechada,"4.164,27",1
Área cosechada,"4.164,74",1
Área cosechada,"4.166,52",1
Área cosechada,"4.176,00",1
Área cosechada,"4.176,52",1
Área cosechada,"4.184,72",1
Área cosechada,"4.185,00",1
Área cosechada,"4.189,00",1
Área cosechada,"4.196,00",1
Área cosechada,"4.197,85",1
Área cosechada,"4.199,98",1
Área cosechada,"4.202,80",1
Área cosechada,"4.207,00",1
Área cosechada,"4.207,50",1
Área cosechada,"4.212,73",1
Área cosechada,"4.215,00",1
Área cosechada,"4.220,00",1
Área cosechada,"4.221,52",1
Área cosechada,"4.224,00",1
Área cosechada,"4.228,60",1
Área cosechada,"4.231,00",1
Área cosechada,"4.231,52",1
Área cosechada,"4.238,00",1
Área cosechada,"4.241,00",1
Área cosechada,"4.244,40",1
Área cosechada,"4.250,00",1
Área cosechada,"4.256,00",1
Área cosechada,"4.264,00",1
Área cosechada,"4.266,00",1
Área cosechada,"4.274,12",1
Área cosechada,"4.275,34",1
Área cosechada,"4.276,00",1
Área cosechada,"4.291,00",1
Área cosechada,"4.294,00",1
Área cosechada,"4.301,00",1
Área cosechada,"4.302,08",1
Área cosechada,"4.302,80",1
Área cosechada,"4.303,00",1
Área cosechada,"4.305,70",1
Área cosechada,"4.313,00",1
Área cosechada,"4.314,00",1
Área cosechada,"4.319,00",1
Área cosechada,"4.319,72",1
Área cosechada,"4.319,80",1
Área cosechada,"4.320,00",1
Área cosechada,"4.322,00",1
Área cosechada,"4.322,80",1
Área cosechada,"4.324,00",1
Área cosechada,"4.325,00",1
Área cosechada,"4.330,75",1
Área cosechada,"4.335,34",1
Área cosechada,"4.360,00",1
Área cosechada,"4.360,19",1
Área cosechada,"4.364,55",1
Área cosechada,"4.378,00",1
Área cosechada,"4.397,40",1
Área cosechada,"4.400,88",1
Área cosechada,"4.402,00",1
Área cosechada,"4.404,00",1
Área cosechada,"4.407,50",1
Área cosechada,"4.407,77",1
Área cosechada,"4.410,02",1
Área cosechada,"4.411,00",1
Área cosechada,"4.412,50",1
Área cosechada,"4.425,80",1
Área cosechada,"4.432,00",1
Área cosechada,"4.432,04",1
Área cosechada,"4.450,00",1
Área cosechada,"4.463,00",1
Área cosechada,"4.465,00",1
Área cosechada,"4.466,39",1
Área cosechada,"4.470,00",1
Área cosechada,"4.470,62",1
Área cosechada,"4.481,00",1
Área cosechada,"4.481,48",1
Área cosechada,"4.485,00",1
Área cosechada,"4.497,40",1
Área cosechada,"4.500,20",1
Área cosechada,"4.503,00",1
Área cosechada,"4.506,03",1
Área cosechada,"4.521,69",1
Área cosechada,"4.535,00",1
Área cosechada,"4.539,00",1
Área cosechada,"4.540,00",1
Área cosechada,"4.541,10",1
Área cosechada,"4.541,64",1
Área cosechada,"4.551,00",1
Área cosechada,"4.556,00",1
Área cosechada,"4.561,00",1
Área cosechada,"4.572,00",1
Área cosechada,"4.580,36",1
Área cosechada,"4.583,28",1
Área cosechada,"4.584,00",1
Área cosechada,"4.585,00",1
Área cosechada,"4.591,92",1
Área cosechada,"4.593,36",1
Área cosechada,"4.593,50",1
Área cosechada,"4.604,17",1
Área cosechada,"4.606,09",1
Área cosechada,"4.611,71",1
Área cosechada,"4.612,30",1
Área cosechada,"4.620,47",1
Área cosechada,"4.630,00",1
Área cosechada,"4.632,35",1
Área cosechada,"4.633,50",1
Área cosechada,"4.634,00",1
Área cosechada,"4.636,00",1
Área cosechada,"4.643,00",1
Área cosechada,"4.650,20",1
Área cosechada,"4.659,00",1
Área cosechada,"4.660,00",1
Área cosechada,"4.661,00",1
Área cosechada,"4.662,06",1
Área cosechada,"4.673,00",1
Área cosechada,"4.676,00",1
Área cosechada,"4.680,00",1
Área cosechada,"4.681,55",1
Área cosechada,"4.685,00",1
Área cosechada,"4.690,00",1
Área cosechada,"4.690,05",1
Área cosechada,"4.693,08",1
Área cosechada,"4.698,00",1
Área cosechada,"4.706,54",1
Área cosechada,"4.718,29",1
Área cosechada,"4.725,00",1
Área cosechada,"4.730,00",1
Área cosechada,"4.733,28",1
Área cosechada,"4.736,00",1
Área cosechada,"4.740,63",1
Área cosechada,"4.744,25",1
Área cosechada,"4.750,00",1
Área cosechada,"4.750,07",1
Área cosechada,"4.751,35",1
Área cosechada,"4.764,00",1
Área cosechada,"4.766,30",1
Área cosechada,"4.773,27",1
Área cosechada,"4.780,00",1
Área cosechada,"4.784,00",1
Área cosechada,"4.787,15",1
Área cosechada,"4.791,57",1
Área cosechada,"4.812,00",1
Área cosechada,"4.816,84",1
Área cosechada,"4.824,48",1
Área cosechada,"4.837,06",1
Área cosechada,"4.846,00",1
Área cosechada,"4.846,99",1
Área cosechada,"4.849,00",1
Área cosechada,"4.850,82",1
Área cosechada,"4.853,00",1
Área cosechada,"4.859,50",1
Área cosechada,"4.860,00",1
Área cosechada,"4.864,00",1
Área cosechada,"4.871,99",1
Área cosechada,"4.872,70",1
Área cosechada,"4.875,80",1
Área cosechada,"4.881,30",1
Área cosechada,"4.883,50",1
Área cosechada,"4.885,75",1
Área cosechada,"4.887,30",1
Área cosechada,"4.895,80",1
Área cosechada,"4.903,10",1
Área cosechada,"4.903,70",1
Área cosechada,"4.904,82",1
Área cosechada,"4.907,61",1
Área cosechada,"4.910,00",1
Área cosechada,"4.918,00",1
Área cosechada,"4.930,00",1
Área cosechada,"4.933,00",1
Área cosechada,"4.933,03",1
Área cosechada,"4.948,67",1
Área cosechada,"4.950,00",1
Área cosechada,"4.950,01",1
Área cosechada,"4.951,95",1
Área cosechada,"4.960,00",1
Área cosechada,"4.961,50",1
Área cosechada,"4.970,76",1
Área cosechada,"4.978,00",1
Área cosechada,"4.980,08",1
Área cosechada,"4.983,00",1
Área cosechada,"4.986,00",1
Área cosechada,"4.991,00",1
Área cosechada,"4.995,80",1
Área cosechada,"4.997,02",1
Área cosechada,"4.998,00",1
Área cosechada,"45.000,00",1
Área cosechada,"46.264,00",1
Área cosechada,"5.000,60",1
Área cosechada,"5.000,82",1
Área cosechada,"5.002,00",1
Área cosechada,"5.027,00",1
Área cosechada,"5.028,60",1
Área cosechada,"5.030,00",1
Área cosechada,"5.036,73",1
Área cosechada,"5.044,00",1
Área cosechada,"5.046,00",1
Área cosechada,"5.051,84",1
Área cosechada,"5.065,00",1
Área cosechada,"5.070,37",1
Área cosechada,"5.084,00",1
Área cosechada,"5.089,00",1
Área cosechada,"5.102,00",1
Área cosechada,"5.104,53",1
Área cosechada,"5.110,00",1
Área cosechada,"5.113,00",1
Área cosechada,"5.118,15",1
Área cosechada,"5.130,00",1
Área cosechada,"5.135,00",1
Área cosechada,"5.140,30",1
Área cosechada,"5.142,00",1
Área cosechada,"5.152,40",1
Área cosechada,"5.155,00",1
Área cosechada,"5.157,30",1
Área cosechada,"5.158,00",1
Área cosechada,"5.162,30",1
Área cosechada,"5.177,00",1
Área cosechada,"5.192,00",1
Área cosechada,"5.198,00",1
Área cosechada,"5.199,21",1
Área cosechada,"5.199,23",1
Área cosechada,"5.200,00",1
Área cosechada,"5.224,72",1
Área cosechada,"5.226,60",1
Área cosechada,"5.230,00",1
Área cosechada,"5.243,00",1
Área cosechada,"5.275,00",1
Área cosechada,"5.281,59",1
Área cosechada,"5.307,30",1
Área cosechada,"5.316,00",1
Área cosechada,"5.320,00",1
Área cosechada,"5.340,00",1
Área cosechada,"5.350,57",1
Área cosechada,"5.366,00",1
Área cosechada,"5.375,00",1
Área cosechada,"5.383,00",1
Área cosechada,"5.391,91",1
Área cosechada,"5.392,00",1
Área cosechada,"5.395,00",1
Área cosechada,"5.396,00",1
Área cosechada,"5.419,00",1
Área cosechada,"5.423,00",1
Área cosechada,"5.425,00",1
Área cosechada,"5.439,40",1
Área cosechada,"5.451,00",1
Área cosechada,"5.470,00",1
Área cosechada,"5.480,00",1
Área cosechada,"5.484,00",1
Área cosechada,"5.492,00",1
Área cosechada,"5.494,72",1
Área cosechada,"5.501,00",1
Área cosechada,"5.509,00",1
Área cosechada,"5.522,00",1
Área cosechada,"5.524,00",1
Área cosechada,"5.524,70",1
Área cosechada,"5.528,55",1
Área cosechada,"5.542,00",1
Área cosechada,"5.544,00",1
Área cosechada,"5.549,00",1
Área cosechada,"5.557,80",1
Área cosechada,"5.566,00",1
Área cosechada,"5.568,80",1
Área cosechada,"5.574,57",1
Área cosechada,"5.579,22",1
Área cosechada,"5.583,73",1
Área cosechada,"5.589,00",1
Área cosechada,"5.600,00",1
Área cosechada,"5.618,78",1
Área cosechada,"5.619,71",1
Área cosechada,"5.623,00",1
Área cosechada,"5.635,90",1
Área cosechada,"5.640,00",1
Área cosechada,"5.640,85",1
Área cosechada,"5.656,00",1
Área cosechada,"5.657,20",1
Área cosechada,"5.673,00",1
Área cosechada,"5.693,00",1
Área cosechada,"5.694,70",1
Área cosechada,"5.698,78",1
Área cosechada,"5.702,00",1
Área cosechada,"5.711,59",1
Área cosechada,"5.720,14",1
Área cosechada,"5.724,31",1
Área cosechada,"5.754,42",1
Área cosechada,"5.756,10",1
Área cosechada,"5.759,85",1
Área cosechada,"5.761,75",1
Área cosechada,"5.770,61",1
Área cosechada,"5.782,36",1
Área cosechada,"5.784,00",1
Área cosechada,"5.814,00",1
Área cosechada,"5.837,57",1
Área cosechada,"5.858,00",1
Área cosechada,"5.861,00",1
Área cosechada,"5.861,23",1
Área cosechada,"5.863,85",1
Área cosechada,"5.910,87",1
Área cosechada,"5.915,00",1
Área cosechada,"5.922,00",1
Área cosechada,"5.923,10",1
Área cosechada,"5.923,44",1
Área cosechada,"5.934,71",1
Área cosechada,"5.938,00",1
Área cosechada,"5.940,80",1
Área cosechada,"5.950,00",1
Área cosechada,"5.983,00",1
Área cosechada,"5.987,00",1
Área cosechada,"5.989,87",1
Área cosechada,"5.999,00",1
Área cosechada,"57.000,00",1
Área cosechada,"6.015,95",1
Área cosechada,"6.017,00",1
Área cosechada,"6.032,15",1
Área cosechada,"6.049,00",1
Área cosechada,"6.055,17",1
Área cosechada,"6.072,00",1
Área cosechada,"6.074,10",1
Área cosechada,"6.075,00",1
Área cosechada,"6.088,00",1
Área cosechada,"6.099,83",1
Área cosechada,"6.100,00",1
Área cosechada,"6.103,85",1
Área cosechada,"6.104,00",1
Área cosechada,"6.111,36",1
Área cosechada,"6.112,84",1
Área cosechada,"6.119,63",1
Área cosechada,"6.128,23",1
Área cosechada,"6.137,99",1
Área cosechada,"6.139,70",1
Área cosechada,"6.143,90",1
Área cosechada,"6.144,89",1
Área cosechada,"6.164,00",1
Área cosechada,"6.167,00",1
Área cosechada,"6.193,71",1
Área cosechada,"6.200,00",1
Área cosechada,"6.217,10",1
Área cosechada,"6.228,29",1
Área cosechada,"6.239,00",1
Área cosechada,"6.245,99",1
Área cosechada,"6.270,98",1
Área cosechada,"6.271,00",1
Área cosechada,"6.272,00",1
Área cosechada,"6.281,00",1
Área cosechada,"6.283,00",1
Área cosechada,"6.285,00",1
Área cosechada,"6.289,00",1
Área cosechada,"6.293,67",1
Área cosechada,"6.293,96",1
Área cosechada,"6.294,00",1
Área cosechada,"6.296,66",1
Área cosechada,"6.299,00",1
Área cosechada,"6.304,00",1
Área cosechada,"6.313,02",1
Área cosechada,"6.381,00",1
Área cosechada,"6.387,61",1
Área cosechada,"6.434,00",1
Área cosechada,"6.439,20",1
Área cosechada,"6.450,00",1
Área cosechada,"6.452,00",1
Área cosechada,"6.463,00",1
Área cosechada,"6.466,00",1
Área cosechada,"6.482,00",1
Área cosechada,"6.508,86",1
Área cosechada,"6.530,00",1
Área cosechada,"6.531,71",1
Área cosechada,"6.559,00",1
Área cosechada,"6.586,65",1
Área cosechada,"6.600,00",1
Área cosechada,"6.638,00",1
Área cosechada,"6.651,00",1
Área cosechada,"6.660,00",1
Área cosechada,"6.682,00",1
Área cosechada,"6.700,00",1
Área cosechada,"6.710,00",1
Área cosechada,"6.741,00",1
Área cosechada,"6.765,58",1
Área cosechada,"6.793,00",1
Área cosechada,"6.813,00",1
Área cosechada,"6.815,00",1
Área cosechada,"6.816,00",1
Área cosechada,"6.830,00",1
Área cosechada,"6.850,00",1
Área cosechada,"6.855,16",1
Área cosechada,"6.893,00",1
Área cosechada,"6.900,00",1
Área cosechada,"6.905,00",1
Área cosechada,"6.934,00",1
Área cosechada,"6.942,00",1
Área cosechada,"6.957,00",1
Área cosechada,"6.960,00",1
Área cosechada,"6.969,00",1
Área cosechada,"6.970,00",1
Área cosechada,"6.972,00",1
Área cosechada,"6.973,00",1
Área cosechada,"6.983,00",1
Área cosechada,"61.000,00",1
Área cosechada,"7.010,66",1
Área cosechada,"7.029,00",1
Área cosechada,"7.038,00",1
Área cosechada,"7.041,00",1
Área cosechada,"7.072,80",1
Área cosechada,"7.095,80",1
Área cosechada,"7.097,60",1
Área cosechada,"7.140,60",1
Área cosechada,"7.148,41",1
Área cosechada,"7.156,57",1
Área cosechada,"7.172,92",1
Área cosechada,"7.180,00",1
Área cosechada,"7.194,96",1
Área cosechada,"7.248,00",1
Área cosechada,"7.257,00",1
Área cosechada,"7.270,00",1
Área cosechada,"7.290,00",1
Área cosechada,"7.296,00",1
Área cosechada,"7.298,00",1
Área cosechada,"7.325,91",1
Área cosechada,"7.329,00",1
Área cosechada,"7.363,00",1
Área cosechada,"7.365,18",1
Área cosechada,"7.371,75",1
Área cosechada,"7.400,00",1
Área cosechada,"7.417,06",1
Área cosechada,"7.420,00",1
Área cosechada,"7.424,09",1
Área cosechada,"7.429,19",1
Área cosechada,"7.431,00",1
Área cosechada,"7.441,00",1
Área cosechada,"7.441,14",1
Área cosechada,"7.442,00",1
Área cosechada,"7.442,22",1
Área cosechada,"7.449,00",1
Área cosechada,"7.470,00",1
Área cosechada,"7.480,00",1
Área cosechada,"7.481,00",1
Área cosechada,"7.488,20",1
Área cosechada,"7.498,54",1
Área cosechada,"7.504,00",1
Área cosechada,"7.506,04",1
Área cosechada,"7.506,49",1
Área cosechada,"7.510,00",1
Área cosechada,"7.553,95",1
Área cosechada,"7.567,00",1
Área cosechada,"7.570,00",1
Área cosechada,"7.577,00",1
Área cosechada,"7.612,00",1
Área cosechada,"7.613,00",1
Área cosechada,"7.653,00",1
Área cosechada,"7.675,00",1
Área cosechada,"7.703,00",1
Área cosechada,"7.705,30",1
Área cosechada,"7.725,03",1
Área cosechada,"7.730,00",1
Área cosechada,"7.731,27",1
Área cosechada,"7.735,76",1
Área cosechada,"7.736,18",1
Área cosechada,"7.750,00",1
Área cosechada,"7.752,00",1
Área cosechada,"7.754,00",1
Área cosechada,"7.761,00",1
Área cosechada,"7.789,00",1
Área cosechada,"7.790,00",1
Área cosechada,"7.800,00",1
Área cosechada,"7.804,00",1
Área cosechada,"7.866,00",1
Área cosechada,"7.902,28",1
Área cosechada,"7.926,00",1
Área cosechada,"7.932,00",1
Área cosechada,"7.954,13",1
Área cosechada,"7.965,00",1
Área cosechada,"77.630,00",1
Área cosechada,"8.009,60",1
Área cosechada,"8.040,00",1
Área cosechada,"8.049,00",1
Área cosechada,"8.076,00",1
Área cosechada,"8.094,23",1
Área cosechada,"8.096,00",1
Área cosechada,"8.097,00",1
Área cosechada,"8.100,00",1
Área cosechada,"8.105,00",1
Área cosechada,"8.116,00",1
Área cosechada,"8.141,00",1
Área cosechada,"8.161,00",1
Área cosechada,"8.163,00",1
Área cosechada,"8.182,00",1
Área cosechada,"8.207,00",1
Área cosechada,"8.256,00",1
Área cosechada,"8.268,72",1
Área cosechada,"8.283,00",1
Área cosechada,"8.300,00",1
Área cosechada,"8.304,00",1
Área cosechada,"8.320,00",1
Área cosechada,"8.350,00",1
Área cosechada,"8.383,00",1
Área cosechada,"8.389,42",1
Área cosechada,"8.404,00",1
Área cosechada,"8.442,00",1
Área cosechada,"8.458,00",1
Área cosechada,"8.474,00",1
Área cosechada,"8.485,00",1
Área cosechada,"8.499,71",1
Área cosechada,"8.510,70",1
Área cosechada,"8.521,70",1
Área cosechada,"8.542,00",1
Área cosechada,"8.553,83",1
Área cosechada,"8.589,00",1
Área cosechada,"8.654,00",1
Área cosechada,"8.658,00",1
Área cosechada,"8.681,00",1
Área cosechada,"8.689,00",1
Área cosechada,"8.700,00",1
Área cosechada,"8.723,00",1
Área cosechada,"8.725,00",1
Área cosechada,"8.734,00",1
Área cosechada,"8.737,00",1
Área cosechada,"8.825,82",1
Área cosechada,"8.872,00",1
Área cosechada,"8.899,00",1
Área cosechada,"8.930,00",1
Área cosechada,"8.930,52",1
Área cosechada,"8.950,19",1
Área cosechada,"8.975,00",1
Área cosechada,"8.979,76",1
Área cosechada,"8.984,00",1
Área cosechada,"8.998,91",1
Área cosechada,"9.026,00",1
Área cosechada,"9.028,00",1
Área cosechada,"9.040,67",1
Área cosechada,"9.043,00",1
Área cosechada,"9.063,00",1
Área cosechada,"9.079,39",1
Área cosechada,"9.090,00",1
Área cosechada,"9.098,91",1
Área cosechada,"9.111,00",1
Área cosechada,"9.141,00",1
Área cosechada,"9.145,00",1
Área cosechada,"9.182,00",1
Área cosechada,"9.188,21",1
Área cosechada,"9.193,21",1
Área cosechada,"9.194,21",1
Área cosechada,"9.207,00",1
Área cosechada,"9.208,21",1
Área cosechada,"9.217,00",1
Área cosechada,"9.226,00",1
Área cosechada,"9.240,00",1
Área cosechada,"9.248,00",1
Área cosechada,"9.300,00",1
Área cosechada,"9.348,00",1
Área cosechada,"9.379,13",1
Área cosechada,"9.386,20",1
Área cosechada,"9.391,00",1
Área cosechada,"9.424,00",1
Área cosechada,"9.437,90",1
Área cosechada,"9.468,36",1
Área cosechada,"9.476,39",1
Área cosechada,"9.500,00",1
Área cosechada,"9.606,64",1
Área cosechada,"9.616,00",1
Área cosechada,"9.658,00",1
Área cosechada,"9.692,00",1
Área cosechada,"9.703,00",1
Área cosechada,"9.750,00",1
Área cosechada,"9.780,00",1
Área cosechada,"9.815,00",1
Área cosechada,"9.850,00",1
Área sembrada,"1.000,00",189
Área sembrada,"1.200,00",155
Área sembrada,"1.500,00",135
Área sembrada,"1.100,00",85
Área sembrada,"1.300,00",82
Área sembrada,"2.000,00",75
Área sembrada,"1.400,00",60
Área sembrada,"2.500,00",59
Área sembrada,"1.600,00",56
Área sembrada,"2.100,00",52
Área sembrada,"1.800,00",49
Área sembrada,"3.000,00",43
Área sembrada,"1.050,00",36
Área sembrada,"1.900,00",34
Área sembrada,"2.200,00",33
Área sembrada,"1.150,00",31
Área sembrada,"3.500,00",31
Área sembrada,"2.800,00",27
Área sembrada,"1.700,00",26
Área sembrada,"2.600,00",22
Área sembrada,"2.400,00",21
Área sembrada,"2.700,00",21
Área sembrada,"6.000,00",21
Área sembrada,"2.300,00",20
Área sembrada,"1.250,00",17
Área sembrada,"1.450,00",17
Área sembrada,"1.550,00",16
Área sembrada,"4.000,00",15
Área sembrada,"1.040,00",14
Área sembrada,"1.110,00",14
Área sembrada,"3.200,00",14
Área sembrada,"1.020,00",13
Área sembrada,"1.280,00",13
Área sembrada,"1.750,00",13
Área sembrada,"1.120,00",12
Área sembrada,"1.140,00",12
Área sembrada,"1.360,00",12
Área sembrada,"1.650,00",12
Área sembrada,"2.310,00",12
Área sembrada,"4.500,00",12
Área sembrada,"1.350,00",11
Área sembrada,"1.580,00",11
Área sembrada,"1.590,00",11
Área sembrada,"1.950,00",11
Área sembrada,"2.050,00",11
Área sembrada,"3.600,00",11
Área sembrada,"5.000,00",11
Área sembrada,"1.270,00",10
Área sembrada,"1.340,00",10
Área sembrada,"1.341,00",10
Área sembrada,"1.440,00",10
Área sembrada,"2.930,00",10
Área sembrada,"3.300,00",10
Área sembrada,"1.030,00",9
Área sembrada,"1.260,00",9
Área sembrada,"1.320,00",9
Área sembrada,"1.420,00",9
Área sembrada,"1.780,00",9
Área sembrada,"1.850,00",9
Área sembrada,"2.230,00",9
Área sembrada,"1.016,00",8
Área sembrada,"1.160,00",8
Área sembrada,"1.240,00",8
Área sembrada,"1.380,00",8
Área sembrada,"1.630,00",8
Área sembrada,"10.100,00",8
Área sembrada,"2.220,00",8
Área sembrada,"2.350,00",8
Área sembrada,"2.900,00",8
Área sembrada,"3.825,00",8
Área sembrada,"4.650,00",8
Área sembrada,"1.010,00",7
Área sembrada,"1.015,00",7
Área sembrada,"1.080,00",7
Área sembrada,"1.105,00",7
Área sembrada,"1.220,00",7
Área sembrada,"1.390,00",7
Área sembrada,"1.520,00",7
Área sembrada,"1.540,00",7
Área sembrada,"1.575,00",7
Área sembrada,"1.583,00",7
Área sembrada,"1.790,00",7
Área sembrada,"1.830,00",7
Área sembrada,"16.965,00",7
Área sembrada,"2.340,00",7
Área sembrada,"2.650,00",7
Área sembrada,"4.100,00",7
Área sembrada,"4.300,00",7
Área sembrada,"6.796,00",7
Área sembrada,"8.130,00",7
Área sembrada,"8.500,00",7
Área sembrada,"9.700,00",7
Área sembrada,"1.005,00",6
Área sembrada,"1.006,00",6
Área sembrada,"1.007,00",6
Área sembrada,"1.011,00",6
Área sembrada,"1.112,00",6
Área sembrada,"1.124,00",6
Área sembrada,"1.133,00",6
Área sembrada,"1.170,00",6
Área sembrada,"1.180,00",6
Área sembrada,"1.225,00",6
Área sembrada,"1.249,00",6
Área sembrada,"1.272,00",6
Área sembrada,"1.501,00",6
Área sembrada,"1.510,00",6
Área sembrada,"1.570,00",6
Área sembrada,"1.584,00",6
Área sembrada,"1.690,00",6
Área sembrada,"1.760,00",6
Área sembrada,"1.819,10",6
Área sembrada,"1.824,00",6
Área sembrada,"1.920,00",6
Área sembrada,"1.980,00",6
Área sembrada,"10.537,00",6
Área sembrada,"15.000,00",6
Área sembrada,"2.069,00",6
Área sembrada,"2.240,00",6
Área sembrada,"2.250,00",6
Área sembrada,"2.285,00",6
Área sembrada,"2.976,00",6
Área sembrada,"20.766,00",6
Área sembrada,"29.490,00",6
Área sembrada,"3.150,00",6
Área sembrada,"3.291,00",6
Área sembrada,"3.700,00",6
Área sembrada,"4.200,00",6
Área sembrada,"5.100,00",6
Área sembrada,"7.076,00",6
Área sembrada,"7.300,00",6
Área sembrada,"1.033,00",5
Área sembrada,"1.053,00",5
Área sembrada,"1.056,30",5
Área sembrada,"1.104,00",5
Área sembrada,"1.114,00",5
Área sembrada,"1.122,00",5
Área sembrada,"1.126,00",5
Área sembrada,"1.130,00",5
Área sembrada,"1.134,00",5
Área sembrada,"1.138,00",5
Área sembrada,"1.174,00",5
Área sembrada,"1.185,00",5
Área sembrada,"1.190,00",5
Área sembrada,"1.198,00",5
Área sembrada,"1.206,00",5
Área sembrada,"1.210,00",5
Área sembrada,"1.266,00",5
Área sembrada,"1.275,00",5
Área sembrada,"1.294,00",5
Área sembrada,"1.297,00",5
Área sembrada,"1.347,00",5
Área sembrada,"1.351,00",5
Área sembrada,"1.405,00",5
Área sembrada,"1.430,00",5
Área sembrada,"1.460,00",5
Área sembrada,"1.470,00",5
Área sembrada,"1.476,00",5
Área sembrada,"1.525,00",5
Área sembrada,"1.545,00",5
Área sembrada,"1.548,00",5
Área sembrada,"1.625,00",5
Área sembrada,"1.680,00",5
Área sembrada,"1.713,00",5
Área sembrada,"1.775,00",5
Área sembrada,"1.806,00",5
Área sembrada,"10.184,00",5
Área sembrada,"10.525,00",5
Área sembrada,"12.000,00",5
Área sembrada,"2.005,00",5
Área sembrada,"2.044,00",5
Área sembrada,"2.150,00",5
Área sembrada,"2.158,44",5
Área sembrada,"2.175,00",5
Área sembrada,"2.450,00",5
Área sembrada,"2.550,00",5
Área sembrada,"2.680,00",5
Área sembrada,"2.870,00",5
Área sembrada,"2.980,00",5
Área sembrada,"3.400,00",5
Área sembrada,"3.800,00",5
Área sembrada,"33.900,00",5
Área sembrada,"4.400,00",5
Área sembrada,"4.600,00",5
Área sembrada,"6.040,00",5
Área sembrada,"6.882,00",5
Área sembrada,"7.174,00",5
Área sembrada,"7.800,00",5
Área sembrada,"8.463,00",5
Área sembrada,"9.149,00",5
Área sembrada,"9.200,00",5
Área sembrada,"1.009,00",4
Área sembrada,"1.017,00",4
Área sembrada,"1.025,00",4
Área sembrada,"1.028,00",4
Área sembrada,"1.035,00",4
Área sembrada,"1.042,00",4
Área sembrada,"1.049,00",4
Área sembrada,"1.051,00",4
Área sembrada,"1.055,00",4
Área sembrada,"1.058,00",4
Área sembrada,"1.059,00",4
Área sembrada,"1.060,00",4
Área sembrada,"1.090,00",4
Área sembrada,"1.102,00",4
Área sembrada,"1.115,00",4
Área sembrada,"1.116,00",4
Área sembrada,"1.135,00",4
Área sembrada,"1.171,00",4
Área sembrada,"1.175,00",4
Área sembrada,"1.179,00",4
Área sembrada,"1.245,00",4
Área sembrada,"1.264,00",4
Área sembrada,"1.269,00",4
Área sembrada,"1.271,00",4
Área sembrada,"1.282,00",4
Área sembrada,"1.310,00",4
Área sembrada,"1.311,00",4
Área sembrada,"1.313,00",4
Área sembrada,"1.314,00",4
Área sembrada,"1.321,00",4
Área sembrada,"1.352,00",4
Área sembrada,"1.376,00",4
Área sembrada,"1.411,00",4
Área sembrada,"1.524,00",4
Área sembrada,"1.538,50",4
Área sembrada,"1.555,00",4
Área sembrada,"1.565,00",4
Área sembrada,"1.593,00",4
Área sembrada,"1.604,00",4
Área sembrada,"1.610,00",4
Área sembrada,"1.726,00",4
Área sembrada,"1.781,00",4
Área sembrada,"1.792,00",4
Área sembrada,"1.805,00",4
Área sembrada,"1.820,00",4
Área sembrada,"1.840,00",4
Área sembrada,"1.842,00",4
Área sembrada,"1.873,00",4
Área sembrada,"1.924,00",4
Área sembrada,"1.935,00",4
Área sembrada,"1.994,00",4
Área sembrada,"10.120,00",4
Área sembrada,"10.540,00",4
Área sembrada,"12.293,00",4
Área sembrada,"14.155,00",4
Área sembrada,"14.890,17",4
Área sembrada,"17.400,00",4
Área sembrada,"18.000,00",4
Área sembrada,"2.010,00",4
Área sembrada,"2.015,00",4
Área sembrada,"2.060,00",4
Área sembrada,"2.068,00",4
Área sembrada,"2.074,00",4
Área sembrada,"2.129,00",4
Área sembrada,"2.160,00",4
Área sembrada,"2.316,00",4
Área sembrada,"2.317,00",4
Área sembrada,"2.340,50",4
Área sembrada,"2.392,00",4
Área sembrada,"2.480,00",4
Área sembrada,"2.491,00",4
Área sembrada,"2.802,00",4
Área sembrada,"2.850,00",4
Área sembrada,"2.894,20",4
Área sembrada,"3.051,00",4
Área sembrada,"3.140,00",4
Área sembrada,"3.170,00",4
Área sembrada,"3.289,00",4
Área sembrada,"3.322,00",4
Área sembrada,"3.346,00",4
Área sembrada,"4.125,40",4
Área sembrada,"4.700,00",4
Área sembrada,"4.800,00",4
Área sembrada,"4.900,00",4
Área sembrada,"5.300,00",4
Área sembrada,"5.584,00",4
Área sembrada,"5.600,00",4
Área sembrada,"5.700,00",4
Área sembrada,"6.156,71",4
Área sembrada,"6.300,00",4
Área sembrada,"6.500,00",4
Área sembrada,"7.200,00",4
Área sembrada,"7.879,20",4
Área sembrada,"8.150,00",4
Área sembrada,"8.704,00",4
Área sembrada,"9.237,00",4
Área sembrada,"1.000,08",3
Área sembrada,"1.027,00",3
Área sembrada,"1.039,00",3
Área sembrada,"1.047,00",3
Área sembrada,"1.054,00",3
Área sembrada,"1.064,00",3
Área sembrada,"1.065,00",3
Área sembrada,"1.070,00",3
Área sembrada,"1.072,21",3
Área sembrada,"1.074,00",3
Área sembrada,"1.077,00",3
Área sembrada,"1.078,00",3
Área sembrada,"1.092,00",3
Área sembrada,"1.095,74",3
Área sembrada,"1.096,00",3
Área sembrada,"1.097,00",3
Área sembrada,"1.099,00",3
Área sembrada,"1.107,00",3
Área sembrada,"1.108,00",3
Área sembrada,"1.125,00",3
Área sembrada,"1.136,00",3
Área sembrada,"1.143,00",3
Área sembrada,"1.148,00",3
Área sembrada,"1.149,00",3
Área sembrada,"1.164,00",3
Área sembrada,"1.169,00",3
Área sembrada,"1.169,30",3
Área sembrada,"1.177,00",3
Área sembrada,"1.187,50",3
Área sembrada,"1.189,30",3
Área sembrada,"1.207,00",3
Área sembrada,"1.209,84",3
Área sembrada,"1.215,00",3
Área sembrada,"1.223,00",3
Área sembrada,"1.227,00",3
Área sembrada,"1.229,50",3
Área sembrada,"1.234,00",3
Área sembrada,"1.235,00",3
Área sembrada,"1.235,20",3
Área sembrada,"1.239,00",3
Área sembrada,"1.240,02",3
Área sembrada,"1.254,00",3
Área sembrada,"1.255,00",3
Área sembrada,"1.261,00",3
Área sembrada,"1.262,00",3
Área sembrada,"1.274,00",3
Área sembrada,"1.281,50",3
Área sembrada,"1.287,00",3
Área sembrada,"1.290,00",3
Área sembrada,"1.296,00",3
Área sembrada,"1.308,00",3
Área sembrada,"1.309,00",3
Área sembrada,"1.315,00",3
Área sembrada,"1.338,00",3
Área sembrada,"1.362,75",3
Área sembrada,"1.365,00",3
Área sembrada,"1.370,00",3
Área sembrada,"1.386,00",3
Área sembrada,"1.404,78",3
Área sembrada,"1.408,00",3
Área sembrada,"1.408,70",3
Área sembrada,"1.417,00",3
Área sembrada,"1.423,00",3
Área sembrada,"1.424,00",3
Área sembrada,"1.425,00",3
Área sembrada,"1.453,00",3
Área sembrada,"1.456,79",3
Área sembrada,"1.464,00",3
Área sembrada,"1.464,50",3
Área sembrada,"1.465,00",3
Área sembrada,"1.472,00",3
Área sembrada,"1.490,00",3
Área sembrada,"1.498,00",3
Área sembrada,"1.505,00",3
Área sembrada,"1.512,00",3
Área sembrada,"1.541,00",3
Área sembrada,"1.542,00",3
Área sembrada,"1.551,00",3
Área sembrada,"1.553,00",3
Área sembrada,"1.560,00",3
Área sembrada,"1.595,00",3
Área sembrada,"1.614,00",3
Área sembrada,"1.618,00",3
Área sembrada,"1.624,00",3
Área sembrada,"1.635,00",3
Área sembrada,"1.640,00",3
Área sembrada,"1.643,00",3
Área sembrada,"1.662,00",3
Área sembrada,"1.665,00",3
Área sembrada,"1.670,00",3
Área sembrada,"1.679,50",3
Área sembrada,"1.683,26",3
Área sembrada,"1.697,00",3
Área sembrada,"1.744,00",3
Área sembrada,"1.755,00",3
Área sembrada,"1.756,00",3
Área sembrada,"1.767,00",3
Área sembrada,"1.825,00",3
Área sembrada,"1.844,00",3
Área sembrada,"1.861,00",3
Área sembrada,"1.870,00",3
Área sembrada,"1.880,00",3
Área sembrada,"1.885,00",3
Área sembrada,"1.947,25",3
Área sembrada,"1.970,00",3
Área sembrada,"1.997,00",3
Área sembrada,"10.000,00",3
Área sembrada,"10.254,00",3
Área sembrada,"10.546,54",3
Área sembrada,"10.654,00",3
Área sembrada,"10.766,00",3
Área sembrada,"11.000,00",3
Área sembrada,"13.308,00",3
Área sembrada,"18.200,00",3
Área sembrada,"2.001,00",3
Área sembrada,"2.008,00",3
Área sembrada,"2.009,00",3
Área sembrada,"2.020,00",3
Área sembrada,"2.029,00",3
Área sembrada,"2.040,00",3
Área sembrada,"2.045,00",3
Área sembrada,"2.059,00",3
Área sembrada,"2.065,00",3
Área sembrada,"2.075,00",3
Área sembrada,"2.080,00",3
Área sembrada,"2.085,00",3
Área sembrada,"2.109,00",3
Área sembrada,"2.110,00",3
Área sembrada,"2.119,00",3
Área sembrada,"2.144,00",3
Área sembrada,"2.167,00",3
Área sembrada,"2.187,00",3
Área sembrada,"2.189,00",3
Área sembrada,"2.224,00",3
Área sembrada,"2.263,00",3
Área sembrada,"2.320,00",3
Área sembrada,"2.372,00",3
Área sembrada,"2.373,00",3
Área sembrada,"2.465,00",3
Área sembrada,"2.508,00",3
Área sembrada,"2.528,00",3
Área sembrada,"2.568,00",3
Área sembrada,"2.619,50",3
Área sembrada,"2.647,00",3
Área sembrada,"2.678,00",3
Área sembrada,"2.760,00",3
Área sembrada,"2.799,00",3
Área sembrada,"2.832,00",3
Área sembrada,"2.839,00",3
Área sembrada,"2.867,00",3
Área sembrada,"2.892,80",3
Área sembrada,"2.917,00",3
Área sembrada,"2.924,00",3
Área sembrada,"2.985,00",3
Área sembrada,"21.000,00",3
Área sembrada,"21.047,00",3
Área sembrada,"24.707,00",3
Área sembrada,"25.391,00",3
Área sembrada,"3.005,00",3
Área sembrada,"3.100,00",3
Área sembrada,"3.104,00",3
Área sembrada,"3.116,00",3
Área sembrada,"3.207,00",3
Área sembrada,"3.210,00",3
Área sembrada,"3.222,00",3
Área sembrada,"3.637,70",3
Área sembrada,"3.638,00",3
Área sembrada,"3.717,20",3
Área sembrada,"3.928,00",3
Área sembrada,"3.976,00",3
Área sembrada,"32.000,00",3
Área sembrada,"32.200,00",3
Área sembrada,"35.000,00",3
Área sembrada,"4.089,00",3
Área sembrada,"4.110,40",3
Área sembrada,"4.111,00",3
Área sembrada,"4.120,00",3
Área sembrada,"4.317,00",3
Área sembrada,"4.372,80",3
Área sembrada,"4.825,00",3
Área sembrada,"4.850,00",3
Área sembrada,"4.910,00",3
Área sembrada,"46.312,00",3
Área sembrada,"5.112,00",3
Área sembrada,"5.250,00",3
Área sembrada,"5.500,00",3
Área sembrada,"5.560,00",3
Área sembrada,"5.609,72",3
Área sembrada,"5.615,00",3
Área sembrada,"6.485,00",3
Área sembrada,"6.660,00",3
Área sembrada,"6.938,00",3
Área sembrada,"6.940,00",3
Área sembrada,"7.000,00",3
Área sembrada,"7.150,00",3
Área sembrada,"7.660,00",3
Área sembrada,"7.796,00",3
Área sembrada,"8.000,00",3
Área sembrada,"8.116,00",3
Área sembrada,"8.400,00",3
Área sembrada,"9.000,00",3
Área sembrada,"9.613,00",3
Área sembrada,"1.000,64",2
Área sembrada,"1.004,00",2
Área sembrada,"1.018,00",2
Área sembrada,"1.019,00",2
Área sembrada,"1.021,00",2
Área sembrada,"1.022,00",2
Área sembrada,"1.024,00",2
Área sembrada,"1.026,00",2
Área sembrada,"1.029,66",2
Área sembrada,"1.032,00",2
Área sembrada,"1.034,02",2
Área sembrada,"1.035,08",2
Área sembrada,"1.036,00",2
Área sembrada,"1.037,00",2
Área sembrada,"1.038,00",2
Área sembrada,"1.044,00",2
Área sembrada,"1.045,00",2
Área sembrada,"1.046,00",2
Área sembrada,"1.054,02",2
Área sembrada,"1.061,00",2
Área sembrada,"1.061,50",2
Área sembrada,"1.063,00",2
Área sembrada,"1.063,80",2
Área sembrada,"1.066,00",2
Área sembrada,"1.067,00",2
Área sembrada,"1.069,50",2
Área sembrada,"1.083,00",2
Área sembrada,"1.085,00",2
Área sembrada,"1.086,00",2
Área sembrada,"1.093,00",2
Área sembrada,"1.095,00",2
Área sembrada,"1.103,00",2
Área sembrada,"1.106,00",2
Área sembrada,"1.109,00",2
Área sembrada,"1.113,00",2
Área sembrada,"1.114,50",2
Área sembrada,"1.119,00",2
Área sembrada,"1.128,00",2
Área sembrada,"1.129,00",2
Área sembrada,"1.144,00",2
Área sembrada,"1.148,87",2
Área sembrada,"1.149,30",2
Área sembrada,"1.155,00",2
Área sembrada,"1.162,00",2
Área sembrada,"1.165,00",2
Área sembrada,"1.172,00",2
Área sembrada,"1.176,00",2
Área sembrada,"1.187,00",2
Área sembrada,"1.188,70",2
Área sembrada,"1.191,00",2
Área sembrada,"1.192,00",2
Área sembrada,"1.193,00",2
Área sembrada,"1.196,00",2
Área sembrada,"1.199,00",2
Área sembrada,"1.201,20",2
Área sembrada,"1.204,00",2
Área sembrada,"1.214,00",2
Área sembrada,"1.216,00",2
Área sembrada,"1.219,00",2
Área sembrada,"1.224,00",2
Área sembrada,"1.226,00",2
Área sembrada,"1.230,00",2
Área sembrada,"1.238,00",2
Área sembrada,"1.241,00",2
Área sembrada,"1.243,00",2
Área sembrada,"1.244,00",2
Área sembrada,"1.247,00",2
Área sembrada,"1.256,00",2
Área sembrada,"1.265,00",2
Área sembrada,"1.274,60",2
Área sembrada,"1.279,20",2
Área sembrada,"1.297,20",2
Área sembrada,"1.299,00",2
Área sembrada,"1.300,39",2
Área sembrada,"1.301,40",2
Área sembrada,"1.303,00",2
Área sembrada,"1.305,00",2
Área sembrada,"1.306,00",2
Área sembrada,"1.316,00",2
Área sembrada,"1.322,00",2
Área sembrada,"1.325,71",2
Área sembrada,"1.327,24",2
Área sembrada,"1.344,00",2
Área sembrada,"1.354,78",2
Área sembrada,"1.355,00",2
Área sembrada,"1.357,00",2
Área sembrada,"1.360,39",2
Área sembrada,"1.368,00",2
Área sembrada,"1.373,00",2
Área sembrada,"1.381,00",2
Área sembrada,"1.384,00",2
Área sembrada,"1.384,10",2
Área sembrada,"1.393,00",2
Área sembrada,"1.393,50",2
Área sembrada,"1.403,00",2
Área sembrada,"1.406,00",2
Área sembrada,"1.412,00",2
Área sembrada,"1.421,00",2
Área sembrada,"1.426,00",2
Área sembrada,"1.431,40",2
Área sembrada,"1.448,50",2
Área sembrada,"1.452,00",2
Área sembrada,"1.455,00",2
Área sembrada,"1.467,00",2
Área sembrada,"1.475,00",2
Área sembrada,"1.480,00",2
Área sembrada,"1.480,01",2
Área sembrada,"1.489,00",2
Área sembrada,"1.492,00",2
Área sembrada,"1.494,00",2
Área sembrada,"1.496,00",2
Área sembrada,"1.500,64",2
Área sembrada,"1.501,60",2
Área sembrada,"1.502,00",2
Área sembrada,"1.503,00",2
Área sembrada,"1.509,00",2
Área sembrada,"1.513,00",2
Área sembrada,"1.526,00",2
Área sembrada,"1.530,00",2
Área sembrada,"1.531,60",2
Área sembrada,"1.536,00",2
Área sembrada,"1.538,00",2
Área sembrada,"1.539,00",2
Área sembrada,"1.552,00",2
Área sembrada,"1.558,00",2
Área sembrada,"1.566,00",2
Área sembrada,"1.573,00",2
Área sembrada,"1.574,00",2
Área sembrada,"1.576,00",2
Área sembrada,"1.589,00",2
Área sembrada,"1.598,00",2
Área sembrada,"1.606,73",2
Área sembrada,"1.615,00",2
Área sembrada,"1.617,00",2
Área sembrada,"1.620,00",2
Área sembrada,"1.639,00",2
Área sembrada,"1.641,00",2
Área sembrada,"1.644,00",2
Área sembrada,"1.649,00",2
Área sembrada,"1.657,00",2
Área sembrada,"1.658,00",2
Área sembrada,"1.668,00",2
Área sembrada,"1.681,26",2
Área sembrada,"1.687,00",2
Área sembrada,"1.702,00",2
Área sembrada,"1.720,00",2
Área sembrada,"1.725,00",2
Área sembrada,"1.730,00",2
Área sembrada,"1.732,00",2
Área sembrada,"1.734,80",2
Área sembrada,"1.739,00",2
Área sembrada,"1.747,00",2
Área sembrada,"1.751,00",2
Área sembrada,"1.753,00",2
Área sembrada,"1.758,00",2
Área sembrada,"1.787,00",2
Área sembrada,"1.798,00",2
Área sembrada,"1.803,90",2
Área sembrada,"1.807,00",2
Área sembrada,"1.807,50",2
Área sembrada,"1.809,50",2
Área sembrada,"1.810,00",2
Área sembrada,"1.816,00",2
Área sembrada,"1.818,00",2
Área sembrada,"1.822,00",2
Área sembrada,"1.838,00",2
Área sembrada,"1.839,00",2
Área sembrada,"1.847,60",2
Área sembrada,"1.848,00",2
Área sembrada,"1.851,00",2
Área sembrada,"1.852,00",2
Área sembrada,"1.854,00",2
Área sembrada,"1.864,00",2
Área sembrada,"1.874,00",2
Área sembrada,"1.879,00",2
Área sembrada,"1.890,00",2
Área sembrada,"1.894,00",2
Área sembrada,"1.895,00",2
Área sembrada,"1.897,34",2
Área sembrada,"1.903,00",2
Área sembrada,"1.905,00",2
Área sembrada,"1.916,00",2
Área sembrada,"1.925,00",2
Área sembrada,"1.933,00",2
Área sembrada,"1.968,00",2
Área sembrada,"1.974,70",2
Área sembrada,"1.986,00",2
Área sembrada,"1.991,00",2
Área sembrada,"1.998,00",2
Área sembrada,"10.466,54",2
Área sembrada,"10.500,00",2
Área sembrada,"10.780,00",2
Área sembrada,"11.320,00",2
Área sembrada,"11.871,20",2
Área sembrada,"12.911,45",2
Área sembrada,"13.248,00",2
Área sembrada,"13.905,00",2
Área sembrada,"14.150,00",2
Área sembrada,"14.276,00",2
Área sembrada,"14.350,00",2
Área sembrada,"14.404,00",2
Área sembrada,"14.500,00",2
Área sembrada,"14.700,00",2
Área sembrada,"15.028,00",2
Área sembrada,"15.631,00",2
Área sembrada,"16.870,00",2
Área sembrada,"17.000,00",2
Área sembrada,"17.037,00",2
Área sembrada,"17.315,00",2
Área sembrada,"17.420,00",2
Área sembrada,"17.630,00",2
Área sembrada,"17.670,00",2
Área sembrada,"18.724,00",2
Área sembrada,"2.006,00",2
Área sembrada,"2.017,00",2
Área sembrada,"2.025,00",2
Área sembrada,"2.030,00",2
Área sembrada,"2.036,00",2
Área sembrada,"2.037,50",2
Área sembrada,"2.038,50",2
Área sembrada,"2.039,00",2
Área sembrada,"2.046,00",2
Área sembrada,"2.072,00",2
Área sembrada,"2.094,00",2
Área sembrada,"2.107,00",2
Área sembrada,"2.111,00",2
Área sembrada,"2.115,00",2
Área sembrada,"2.118,00",2
Área sembrada,"2.130,00",2
Área sembrada,"2.130,30",2
Área sembrada,"2.134,00",2
Área sembrada,"2.135,00",2
Área sembrada,"2.136,00",2
Área sembrada,"2.151,00",2
Área sembrada,"2.170,00",2
Área sembrada,"2.185,00",2
Área sembrada,"2.188,30",2
Área sembrada,"2.191,00",2
Área sembrada,"2.199,00",2
Área sembrada,"2.201,00",2
Área sembrada,"2.213,00",2
Área sembrada,"2.214,00",2
Área sembrada,"2.219,00",2
Área sembrada,"2.228,00",2
Área sembrada,"2.230,40",2
Área sembrada,"2.275,00",2
Área sembrada,"2.280,00",2
Área sembrada,"2.290,00",2
Área sembrada,"2.294,00",2
Área sembrada,"2.299,50",2
Área sembrada,"2.301,00",2
Área sembrada,"2.304,00",2
Área sembrada,"2.305,00",2
Área sembrada,"2.309,00",2
Área sembrada,"2.324,00",2
Área sembrada,"2.326,00",2
Área sembrada,"2.330,00",2
Área sembrada,"2.335,00",2
Área sembrada,"2.355,00",2
Área sembrada,"2.370,00",2
Área sembrada,"2.378,00",2
Área sembrada,"2.390,00",2
Área sembrada,"2.396,50",2
Área sembrada,"2.397,00",2
Área sembrada,"2.440,00",2
Área sembrada,"2.459,00",2
Área sembrada,"2.489,00",2
Área sembrada,"2.496,10",2
Área sembrada,"2.504,00",2
Área sembrada,"2.509,00",2
Área sembrada,"2.510,00",2
Área sembrada,"2.512,00",2
Área sembrada,"2.531,00",2
Área sembrada,"2.575,00",2
Área sembrada,"2.578,00",2
Área sembrada,"2.607,00",2
Área sembrada,"2.622,00",2
Área sembrada,"2.623,00",2
Área sembrada,"2.644,50",2
Área sembrada,"2.655,00",2
Área sembrada,"2.667,00",2
Área sembrada,"2.675,00",2
Área sembrada,"2.676,00",2
Área sembrada,"2.714,00",2
Área sembrada,"2.723,00",2
Área sembrada,"2.730,00",2
Área sembrada,"2.732,00",2
Área sembrada,"2.733,00",2
Área sembrada,"2.751,00",2
Área sembrada,"2.778,00",2
Área sembrada,"2.805,00",2
Área sembrada,"2.843,00",2
Área sembrada,"2.863,00",2
Área sembrada,"2.882,00",2
Área sembrada,"2.885,30",2
Área sembrada,"2.890,00",2
Área sembrada,"2.908,00",2
Área sembrada,"2.919,00",2
Área sembrada,"2.920,00",2
Área sembrada,"2.922,00",2
Área sembrada,"2.939,00",2
Área sembrada,"2.975,50",2
Área sembrada,"2.977,50",2
Área sembrada,"20.500,00",2
Área sembrada,"22.570,00",2
Área sembrada,"24.507,00",2
Área sembrada,"24.700,00",2
Área sembrada,"26.277,00",2
Área sembrada,"26.807,00",2
Área sembrada,"28.117,00",2
Área sembrada,"28.177,00",2
Área sembrada,"3.025,00",2
Área sembrada,"3.102,00",2
Área sembrada,"3.107,50",2
Área sembrada,"3.110,00",2
Área sembrada,"3.127,00",2
Área sembrada,"3.129,00",2
Área sembrada,"3.142,00",2
Área sembrada,"3.165,00",2
Área sembrada,"3.174,00",2
Área sembrada,"3.177,00",2
Área sembrada,"3.189,00",2
Área sembrada,"3.201,00",2
Área sembrada,"3.228,00",2
Área sembrada,"3.240,00",2
Área sembrada,"3.250,00",2
Área sembrada,"3.288,00",2
Área sembrada,"3.292,00",2
Área sembrada,"3.304,00",2
Área sembrada,"3.314,00",2
Área sembrada,"3.385,00",2
Área sembrada,"3.399,00",2
Área sembrada,"3.420,00",2
Área sembrada,"3.503,00",2
Área sembrada,"3.526,00",2
Área sembrada,"3.536,00",2
Área sembrada,"3.540,00",2
Área sembrada,"3.550,00",2
Área sembrada,"3.604,46",2
Área sembrada,"3.617,70",2
Área sembrada,"3.644,00",2
Área sembrada,"3.650,00",2
Área sembrada,"3.653,00",2
Área sembrada,"3.664,00",2
Área sembrada,"3.670,00",2
Área sembrada,"3.720,00",2
Área sembrada,"3.780,00",2
Área sembrada,"3.860,00",2
Área sembrada,"3.897,00",2
Área sembrada,"3.900,00",2
Área sembrada,"3.932,00",2
Área sembrada,"3.938,00",2
Área sembrada,"3.943,00",2
Área sembrada,"33.990,00",2
Área sembrada,"4.003,00",2
Área sembrada,"4.015,00",2
Área sembrada,"4.030,00",2
Área sembrada,"4.062,00",2
Área sembrada,"4.094,00",2
Área sembrada,"4.105,00",2
Área sembrada,"4.189,00",2
Área sembrada,"4.207,00",2
Área sembrada,"4.249,00",2
Área sembrada,"4.271,52",2
Área sembrada,"4.276,00",2
Área sembrada,"4.302,80",2
Área sembrada,"4.306,00",2
Área sembrada,"4.325,00",2
Área sembrada,"4.366,00",2
Área sembrada,"4.375,20",2
Área sembrada,"4.407,50",2
Área sembrada,"4.420,00",2
Área sembrada,"4.450,00",2
Área sembrada,"4.450,70",2
Área sembrada,"4.750,00",2
Área sembrada,"4.755,00",2
Área sembrada,"4.764,00",2
Área sembrada,"4.772,00",2
Área sembrada,"4.991,00",2
Área sembrada,"4.995,80",2
Área sembrada,"5.000,82",2
Área sembrada,"5.026,00",2
Área sembrada,"5.041,00",2
Área sembrada,"5.062,00",2
Área sembrada,"5.075,00",2
Área sembrada,"5.094,00",2
Área sembrada,"5.152,00",2
Área sembrada,"5.178,00",2
Área sembrada,"5.200,00",2
Área sembrada,"5.400,00",2
Área sembrada,"5.524,70",2
Área sembrada,"5.544,70",2
Área sembrada,"5.632,85",2
Área sembrada,"5.688,80",2
Área sembrada,"5.709,72",2
Área sembrada,"5.784,00",2
Área sembrada,"5.987,00",2
Área sembrada,"5.990,00",2
Área sembrada,"6.017,80",2
Área sembrada,"6.200,00",2
Área sembrada,"6.280,00",2
Área sembrada,"6.434,00",2
Área sembrada,"6.474,00",2
Área sembrada,"6.680,00",2
Área sembrada,"6.682,00",2
Área sembrada,"6.781,00",2
Área sembrada,"6.900,00",2
Área sembrada,"6.932,00",2
Área sembrada,"6.983,00",2
Área sembrada,"7.013,00",2
Área sembrada,"7.059,60",2
Área sembrada,"7.298,00",2
Área sembrada,"7.590,00",2
Área sembrada,"7.752,00",2
Área sembrada,"7.754,00",2
Área sembrada,"7.804,00",2
Área sembrada,"7.822,00",2
Área sembrada,"8.049,00",2
Área sembrada,"8.207,00",2
Área sembrada,"8.283,00",2
Área sembrada,"8.504,00",2
Área sembrada,"8.900,00",2
Área sembrada,"9.026,00",2
Área sembrada,"9.066,00",2
Área sembrada,"9.068,00",2
Área sembrada,"9.073,00",2
Área sembrada,"9.165,00",2
Área sembrada,"9.208,21",2
Área sembrada,"9.210,00",2
Área sembrada,"9.240,00",2
Área sembrada,"9.391,00",2
Área sembrada,"9.654,80",2
Área sembrada,"9.683,00",2
Área sembrada,"9.800,00",2
Área sembrada,"1.001,00",1
Área sembrada,"1.001,56",1
Área sembrada,"1.002,00",1
Área sembrada,"1.002,41",1
Área sembrada,"1.003,50",1
Área sembrada,"1.004,36",1
Área sembrada,"1.004,45",1
Área sembrada,"1.004,67",1
Área sembrada,"1.006,20",1
Área sembrada,"1.007,47",1
Área sembrada,"1.007,70",1
Área sembrada,"1.007,87",1
Área sembrada,"1.008,00",1
Área sembrada,"1.008,62",1
Área sembrada,"1.009,46",1
Área sembrada,"1.009,64",1
Área sembrada,"1.009,65",1
Área sembrada,"1.010,50",1
Área sembrada,"1.011,26",1
Área sembrada,"1.011,49",1
Área sembrada,"1.011,50",1
Área sembrada,"1.011,90",1
Área sembrada,"1.013,00",1
Área sembrada,"1.013,16",1
Área sembrada,"1.013,50",1
Área sembrada,"1.013,64",1
Área sembrada,"1.014,00",1
Área sembrada,"1.014,20",1
Área sembrada,"1.015,90",1
Área sembrada,"1.015,92",1
Área sembrada,"1.016,14",1
Área sembrada,"1.017,15",1
Área sembrada,"1.017,88",1
Área sembrada,"1.018,08",1
Área sembrada,"1.018,24",1
Área sembrada,"1.018,29",1
Área sembrada,"1.020,70",1
Área sembrada,"1.023,20",1
Área sembrada,"1.023,50",1
Área sembrada,"1.023,54",1
Área sembrada,"1.024,65",1
Área sembrada,"1.024,74",1
Área sembrada,"1.024,78",1
Área sembrada,"1.025,90",1
Área sembrada,"1.026,11",1
Área sembrada,"1.027,69",1
Área sembrada,"1.028,50",1
Área sembrada,"1.028,88",1
Área sembrada,"1.028,97",1
Área sembrada,"1.029,71",1
Área sembrada,"1.030,78",1
Área sembrada,"1.031,00",1
Área sembrada,"1.032,74",1
Área sembrada,"1.033,08",1
Área sembrada,"1.034,00",1
Área sembrada,"1.034,67",1
Área sembrada,"1.034,86",1
Área sembrada,"1.035,41",1
Área sembrada,"1.035,52",1
Área sembrada,"1.036,64",1
Área sembrada,"1.036,88",1
Área sembrada,"1.037,04",1
Área sembrada,"1.037,69",1
Área sembrada,"1.037,87",1
Área sembrada,"1.038,77",1
Área sembrada,"1.040,95",1
Área sembrada,"1.041,00",1
Área sembrada,"1.047,84",1
Área sembrada,"1.048,36",1
Área sembrada,"1.048,52",1
Área sembrada,"1.048,77",1
Área sembrada,"1.049,24",1
Área sembrada,"1.049,66",1
Área sembrada,"1.051,29",1
Área sembrada,"1.051,60",1
Área sembrada,"1.054,19",1
Área sembrada,"1.055,90",1
Área sembrada,"1.056,00",1
Área sembrada,"1.056,12",1
Área sembrada,"1.057,00",1
Área sembrada,"1.057,18",1
Área sembrada,"1.057,21",1
Área sembrada,"1.058,08",1
Área sembrada,"1.058,36",1
Área sembrada,"1.059,52",1
Área sembrada,"1.059,70",1
Área sembrada,"1.059,97",1
Área sembrada,"1.061,05",1
Área sembrada,"1.061,19",1
Área sembrada,"1.062,00",1
Área sembrada,"1.062,77",1
Área sembrada,"1.063,06",1
Área sembrada,"1.063,20",1
Área sembrada,"1.066,14",1
Área sembrada,"1.068,00",1
Área sembrada,"1.068,80",1
Área sembrada,"1.071,00",1
Área sembrada,"1.071,32",1
Área sembrada,"1.072,00",1
Área sembrada,"1.072,17",1
Área sembrada,"1.073,00",1
Área sembrada,"1.073,48",1
Área sembrada,"1.073,50",1
Área sembrada,"1.073,66",1
Área sembrada,"1.073,80",1
Área sembrada,"1.074,09",1
Área sembrada,"1.074,38",1
Área sembrada,"1.074,40",1
Área sembrada,"1.075,00",1
Área sembrada,"1.075,17",1
Área sembrada,"1.075,80",1
Área sembrada,"1.076,00",1
Área sembrada,"1.076,74",1
Área sembrada,"1.077,57",1
Área sembrada,"1.078,65",1
Área sembrada,"1.079,60",1
Área sembrada,"1.081,00",1
Área sembrada,"1.081,20",1
Área sembrada,"1.081,50",1
Área sembrada,"1.082,10",1
Área sembrada,"1.083,67",1
Área sembrada,"1.084,00",1
Área sembrada,"1.084,36",1
Área sembrada,"1.084,50",1
Área sembrada,"1.085,81",1
Área sembrada,"1.085,82",1
Área sembrada,"1.086,20",1
Área sembrada,"1.086,50",1
Área sembrada,"1.087,79",1
Área sembrada,"1.088,33",1
Área sembrada,"1.088,37",1
Área sembrada,"1.089,00",1
Área sembrada,"1.089,23",1
Área sembrada,"1.089,50",1
Área sembrada,"1.090,29",1
Área sembrada,"1.090,32",1
Área sembrada,"1.090,80",1
Área sembrada,"1.091,43",1
Área sembrada,"1.091,73",1
Área sembrada,"1.092,54",1
Área sembrada,"1.092,88",1
Área sembrada,"1.093,51",1
Área sembrada,"1.095,97",1
Área sembrada,"1.096,16",1
Área sembrada,"1.097,05",1
Área sembrada,"1.098,00",1
Área sembrada,"1.098,61",1
Área sembrada,"1.100,65",1
Área sembrada,"1.102,89",1
Área sembrada,"1.104,02",1
Área sembrada,"1.104,47",1
Área sembrada,"1.104,90",1
Área sembrada,"1.106,39",1
Área sembrada,"1.106,48",1
Área sembrada,"1.106,53",1
Área sembrada,"1.106,96",1
Área sembrada,"1.107,85",1
Área sembrada,"1.108,45",1
Área sembrada,"1.108,74",1
Área sembrada,"1.108,76",1
Área sembrada,"1.109,90",1
Área sembrada,"1.111,00",1
Área sembrada,"1.111,20",1
Área sembrada,"1.111,50",1
Área sembrada,"1.111,80",1
Área sembrada,"1.111,94",1
Área sembrada,"1.113,91",1
Área sembrada,"1.113,97",1
Área sembrada,"1.115,53",1
Área sembrada,"1.116,50",1
Área sembrada,"1.116,63",1
Área sembrada,"1.117,00",1
Área sembrada,"1.117,50",1
Área sembrada,"1.121,87",1
Área sembrada,"1.122,08",1
Área sembrada,"1.122,90",1
Área sembrada,"1.123,00",1
Área sembrada,"1.124,18",1
Área sembrada,"1.124,42",1
Área sembrada,"1.124,98",1
Área sembrada,"1.125,60",1
Área sembrada,"1.125,87",1
Área sembrada,"1.126,15",1
Área sembrada,"1.127,00",1
Área sembrada,"1.128,23",1
Área sembrada,"1.128,50",1
Área sembrada,"1.129,30",1
Área sembrada,"1.129,34",1
Área sembrada,"1.129,85",1
Área sembrada,"1.130,62",1
Área sembrada,"1.132,00",1
Área sembrada,"1.133,50",1
Área sembrada,"1.133,87",1
Área sembrada,"1.134,31",1
Área sembrada,"1.136,50",1
Área sembrada,"1.136,86",1
Área sembrada,"1.137,00",1
Área sembrada,"1.137,58",1
Área sembrada,"1.138,39",1
Área sembrada,"1.138,50",1
Área sembrada,"1.141,00",1
Área sembrada,"1.142,00",1
Área sembrada,"1.143,64",1
Área sembrada,"1.143,80",1
Área sembrada,"1.144,15",1
Área sembrada,"1.144,23",1
Área sembrada,"1.145,10",1
Área sembrada,"1.145,16",1
Área sembrada,"1.146,00",1
Área sembrada,"1.146,60",1
Área sembrada,"1.146,66",1
Área sembrada,"1.148,07",1
Área sembrada,"1.151,00",1
Área sembrada,"1.151,50",1
Área sembrada,"1.152,00",1
Área sembrada,"1.152,02",1
Área sembrada,"1.152,44",1
Área sembrada,"1.153,00",1
Área sembrada,"1.153,55",1
Área sembrada,"1.153,74",1
Área sembrada,"1.153,99",1
Área sembrada,"1.154,00",1
Área sembrada,"1.156,32",1
Área sembrada,"1.157,00",1
Área sembrada,"1.157,56",1
Área sembrada,"1.158,59",1
Área sembrada,"1.159,49",1
Área sembrada,"1.159,72",1
Área sembrada,"1.162,15",1
Área sembrada,"1.162,24",1
Área sembrada,"1.162,50",1
Área sembrada,"1.164,33",1
Área sembrada,"1.164,70",1
Área sembrada,"1.165,68",1
Área sembrada,"1.165,74",1
Área sembrada,"1.167,00",1
Área sembrada,"1.168,30",1
Área sembrada,"1.169,17",1
Área sembrada,"1.169,70",1
Área sembrada,"1.171,12",1
Área sembrada,"1.171,29",1
Área sembrada,"1.171,72",1
Área sembrada,"1.172,58",1
Área sembrada,"1.173,00",1
Área sembrada,"1.175,37",1
Área sembrada,"1.176,37",1
Área sembrada,"1.177,45",1
Área sembrada,"1.177,77",1
Área sembrada,"1.179,66",1
Área sembrada,"1.180,30",1
Área sembrada,"1.180,95",1
Área sembrada,"1.181,53",1
Área sembrada,"1.181,60",1
Área sembrada,"1.182,35",1
Área sembrada,"1.183,22",1
Área sembrada,"1.183,70",1
Área sembrada,"1.183,80",1
Área sembrada,"1.184,00",1
Área sembrada,"1.185,20",1
Área sembrada,"1.185,37",1
Área sembrada,"1.188,34",1
Área sembrada,"1.188,87",1
Área sembrada,"1.189,00",1
Área sembrada,"1.189,59",1
Área sembrada,"1.189,84",1
Área sembrada,"1.190,82",1
Área sembrada,"1.190,90",1
Área sembrada,"1.191,50",1
Área sembrada,"1.191,51",1
Área sembrada,"1.191,58",1
Área sembrada,"1.192,52",1
Área sembrada,"1.193,70",1
Área sembrada,"1.194,17",1
Área sembrada,"1.195,00",1
Área sembrada,"1.196,70",1
Área sembrada,"1.197,00",1
Área sembrada,"1.197,56",1
Área sembrada,"1.198,06",1
Área sembrada,"1.198,14",1
Área sembrada,"1.198,67",1
Área sembrada,"1.199,50",1
Área sembrada,"1.200,20",1
Área sembrada,"1.200,45",1
Área sembrada,"1.200,70",1
Área sembrada,"1.201,39",1
Área sembrada,"1.201,89",1
Área sembrada,"1.201,99",1
Área sembrada,"1.202,00",1
Área sembrada,"1.202,02",1
Área sembrada,"1.202,50",1
Área sembrada,"1.204,50",1
Área sembrada,"1.205,35",1
Área sembrada,"1.205,41",1
Área sembrada,"1.205,54",1
Área sembrada,"1.205,92",1
Área sembrada,"1.206,60",1
Área sembrada,"1.206,70",1
Área sembrada,"1.207,85",1
Área sembrada,"1.208,38",1
Área sembrada,"1.208,50",1
Área sembrada,"1.208,92",1
Área sembrada,"1.209,00",1
Área sembrada,"1.209,70",1
Área sembrada,"1.211,37",1
Área sembrada,"1.212,00",1
Área sembrada,"1.212,50",1
Área sembrada,"1.213,00",1
Área sembrada,"1.213,70",1
Área sembrada,"1.214,98",1
Área sembrada,"1.217,85",1
Área sembrada,"1.218,20",1
Área sembrada,"1.219,44",1
Área sembrada,"1.219,84",1
Área sembrada,"1.220,19",1
Área sembrada,"1.220,46",1
Área sembrada,"1.220,66",1
Área sembrada,"1.221,20",1
Área sembrada,"1.221,35",1
Área sembrada,"1.225,20",1
Área sembrada,"1.225,70",1
Área sembrada,"1.226,70",1
Área sembrada,"1.226,80",1
Área sembrada,"1.226,94",1
Área sembrada,"1.228,00",1
Área sembrada,"1.228,14",1
Área sembrada,"1.229,97",1
Área sembrada,"1.231,00",1
Área sembrada,"1.231,70",1
Área sembrada,"1.233,00",1
Área sembrada,"1.233,85",1
Área sembrada,"1.234,04",1
Área sembrada,"1.234,11",1
Área sembrada,"1.234,21",1
Área sembrada,"1.234,27",1
Área sembrada,"1.234,70",1
Área sembrada,"1.235,15",1
Área sembrada,"1.236,00",1
Área sembrada,"1.236,21",1
Área sembrada,"1.236,45",1
Área sembrada,"1.236,60",1
Área sembrada,"1.239,64",1
Área sembrada,"1.240,05",1
Área sembrada,"1.241,02",1
Área sembrada,"1.241,40",1
Área sembrada,"1.242,00",1
Área sembrada,"1.242,02",1
Área sembrada,"1.242,70",1
Área sembrada,"1.243,96",1
Área sembrada,"1.244,70",1
Área sembrada,"1.244,85",1
Área sembrada,"1.246,00",1
Área sembrada,"1.246,10",1
Área sembrada,"1.246,79",1
Área sembrada,"1.248,00",1
Área sembrada,"1.250,02",1
Área sembrada,"1.250,60",1
Área sembrada,"1.251,00",1
Área sembrada,"1.252,00",1
Área sembrada,"1.252,70",1
Área sembrada,"1.253,00",1
Área sembrada,"1.255,70",1
Área sembrada,"1.256,24",1
Área sembrada,"1.257,00",1
Área sembrada,"1.257,33",1
Área sembrada,"1.257,38",1
Área sembrada,"1.257,70",1
Área sembrada,"1.259,00",1
Área sembrada,"1.259,13",1
Área sembrada,"1.259,71",1
Área sembrada,"1.262,75",1
Área sembrada,"1.263,70",1
Área sembrada,"1.264,58",1
Área sembrada,"1.265,67",1
Área sembrada,"1.267,23",1
Área sembrada,"1.268,96",1
Área sembrada,"1.269,18",1
Área sembrada,"1.269,34",1
Área sembrada,"1.270,09",1
Área sembrada,"1.271,50",1
Área sembrada,"1.273,00",1
Área sembrada,"1.273,15",1
Área sembrada,"1.274,50",1
Área sembrada,"1.277,12",1
Área sembrada,"1.278,35",1
Área sembrada,"1.280,49",1
Área sembrada,"1.281,00",1
Área sembrada,"1.283,15",1
Área sembrada,"1.283,82",1
Área sembrada,"1.284,64",1
Área sembrada,"1.285,00",1
Área sembrada,"1.285,94",1
Área sembrada,"1.286,11",1
Área sembrada,"1.286,13",1
Área sembrada,"1.286,30",1
Área sembrada,"1.287,53",1
Área sembrada,"1.288,00",1
Área sembrada,"1.288,70",1
Área sembrada,"1.289,00",1
Área sembrada,"1.290,66",1
Área sembrada,"1.291,00",1
Área sembrada,"1.291,89",1
Área sembrada,"1.292,00",1
Área sembrada,"1.293,00",1
Área sembrada,"1.293,54",1
Área sembrada,"1.294,31",1
Área sembrada,"1.295,00",1
Área sembrada,"1.295,16",1
Área sembrada,"1.297,56",1
Área sembrada,"1.298,00",1
Área sembrada,"1.299,43",1
Área sembrada,"1.300,71",1
Área sembrada,"1.301,00",1
Área sembrada,"1.301,20",1
Área sembrada,"1.301,71",1
Área sembrada,"1.303,84",1
Área sembrada,"1.304,20",1
Área sembrada,"1.305,66",1
Área sembrada,"1.306,84",1
Área sembrada,"1.307,00",1
Área sembrada,"1.307,73",1
Área sembrada,"1.308,12",1
Área sembrada,"1.308,42",1
Área sembrada,"1.310,88",1
Área sembrada,"1.311,18",1
Área sembrada,"1.317,57",1
Área sembrada,"1.318,00",1
Área sembrada,"1.318,14",1
Área sembrada,"1.319,33",1
Área sembrada,"1.320,49",1
Área sembrada,"1.320,51",1
Área sembrada,"1.322,91",1
Área sembrada,"1.323,00",1
Área sembrada,"1.323,86",1
Área sembrada,"1.324,00",1
Área sembrada,"1.324,80",1
Área sembrada,"1.324,83",1
Área sembrada,"1.325,00",1
Área sembrada,"1.326,03",1
Área sembrada,"1.326,64",1
Área sembrada,"1.327,00",1
Área sembrada,"1.327,43",1
Área sembrada,"1.328,83",1
Área sembrada,"1.329,50",1
Área sembrada,"1.330,00",1
Área sembrada,"1.330,17",1
Área sembrada,"1.331,00",1
Área sembrada,"1.332,00",1
Área sembrada,"1.333,00",1
Área sembrada,"1.333,16",1
Área sembrada,"1.333,50",1
Área sembrada,"1.335,00",1
Área sembrada,"1.336,00",1
Área sembrada,"1.336,11",1
Área sembrada,"1.336,59",1
Área sembrada,"1.337,80",1
Área sembrada,"1.338,12",1
Área sembrada,"1.338,18",1
Área sembrada,"1.338,93",1
Área sembrada,"1.340,04",1
Área sembrada,"1.341,73",1
Área sembrada,"1.342,00",1
Área sembrada,"1.345,00",1
Área sembrada,"1.345,27",1
Área sembrada,"1.347,60",1
Área sembrada,"1.348,85",1
Área sembrada,"1.349,46",1
Área sembrada,"1.350,20",1
Área sembrada,"1.350,46",1
Área sembrada,"1.350,80",1
Área sembrada,"1.351,30",1
Área sembrada,"1.351,45",1
Área sembrada,"1.351,71",1
Área sembrada,"1.352,07",1
Área sembrada,"1.353,00",1
Área sembrada,"1.354,56",1
Área sembrada,"1.355,20",1
Área sembrada,"1.356,38",1
Área sembrada,"1.356,39",1
Área sembrada,"1.356,89",1
Área sembrada,"1.358,00",1
Área sembrada,"1.358,77",1
Área sembrada,"1.359,00",1
Área sembrada,"1.360,16",1
Área sembrada,"1.360,33",1
Área sembrada,"1.361,32",1
Área sembrada,"1.361,50",1
Área sembrada,"1.361,71",1
Área sembrada,"1.362,50",1
Área sembrada,"1.364,75",1
Área sembrada,"1.365,22",1
Área sembrada,"1.365,68",1
Área sembrada,"1.367,00",1
Área sembrada,"1.368,60",1
Área sembrada,"1.370,01",1
Área sembrada,"1.370,12",1
Área sembrada,"1.370,75",1
Área sembrada,"1.371,00",1
Área sembrada,"1.371,29",1
Área sembrada,"1.371,86",1
Área sembrada,"1.372,00",1
Área sembrada,"1.373,38",1
Área sembrada,"1.373,63",1
Área sembrada,"1.373,80",1
Área sembrada,"1.375,00",1
Área sembrada,"1.376,50",1
Área sembrada,"1.378,00",1
Área sembrada,"1.378,10",1
Área sembrada,"1.379,50",1
Área sembrada,"1.379,64",1
Área sembrada,"1.380,26",1
Área sembrada,"1.382,10",1
Área sembrada,"1.382,61",1
Área sembrada,"1.383,00",1
Área sembrada,"1.385,11",1
Área sembrada,"1.385,88",1
Área sembrada,"1.386,53",1
Área sembrada,"1.387,03",1
Área sembrada,"1.388,60",1
Área sembrada,"1.389,00",1
Área sembrada,"1.390,80",1
Área sembrada,"1.390,89",1
Área sembrada,"1.390,90",1
Área sembrada,"1.391,00",1
Área sembrada,"1.393,85",1
Área sembrada,"1.394,00",1
Área sembrada,"1.395,00",1
Área sembrada,"1.395,20",1
Área sembrada,"1.396,00",1
Área sembrada,"1.396,50",1
Área sembrada,"1.398,09",1
Área sembrada,"1.401,00",1
Área sembrada,"1.402,60",1
Área sembrada,"1.402,93",1
Área sembrada,"1.403,90",1
Área sembrada,"1.404,02",1
Área sembrada,"1.404,43",1
Área sembrada,"1.405,56",1
Área sembrada,"1.405,60",1
Área sembrada,"1.407,00",1
Área sembrada,"1.407,60",1
Área sembrada,"1.408,83",1
Área sembrada,"1.410,00",1
Área sembrada,"1.414,00",1
Área sembrada,"1.415,00",1
Área sembrada,"1.415,17",1
Área sembrada,"1.415,80",1
Área sembrada,"1.417,60",1
Área sembrada,"1.418,00",1
Área sembrada,"1.418,30",1
Área sembrada,"1.419,00",1
Área sembrada,"1.419,10",1
Área sembrada,"1.419,72",1
Área sembrada,"1.421,33",1
Área sembrada,"1.422,00",1
Área sembrada,"1.423,54",1
Área sembrada,"1.424,72",1
Área sembrada,"1.424,80",1
Área sembrada,"1.424,90",1
Área sembrada,"1.425,96",1
Área sembrada,"1.427,12",1
Área sembrada,"1.428,00",1
Área sembrada,"1.428,25",1
Área sembrada,"1.428,79",1
Área sembrada,"1.429,44",1
Área sembrada,"1.430,81",1
Área sembrada,"1.431,00",1
Área sembrada,"1.432,00",1
Área sembrada,"1.432,33",1
Área sembrada,"1.433,00",1
Área sembrada,"1.434,84",1
Área sembrada,"1.435,00",1
Área sembrada,"1.437,00",1
Área sembrada,"1.438,80",1
Área sembrada,"1.439,00",1
Área sembrada,"1.441,00",1
Área sembrada,"1.442,01",1
Área sembrada,"1.443,00",1
Área sembrada,"1.444,34",1
Área sembrada,"1.445,08",1
Área sembrada,"1.446,00",1
Área sembrada,"1.447,57",1
Área sembrada,"1.447,92",1
Área sembrada,"1.448,00",1
Área sembrada,"1.448,33",1
Área sembrada,"1.448,79",1
Área sembrada,"1.449,93",1
Área sembrada,"1.451,92",1
Área sembrada,"1.452,84",1
Área sembrada,"1.453,65",1
Área sembrada,"1.455,88",1
Área sembrada,"1.456,03",1
Área sembrada,"1.457,00",1
Área sembrada,"1.457,71",1
Área sembrada,"1.459,79",1
Área sembrada,"1.461,00",1
Área sembrada,"1.462,71",1
Área sembrada,"1.463,00",1
Área sembrada,"1.463,83",1
Área sembrada,"1.465,95",1
Área sembrada,"1.466,00",1
Área sembrada,"1.466,50",1
Área sembrada,"1.468,60",1
Área sembrada,"1.469,00",1
Área sembrada,"1.469,86",1
Área sembrada,"1.470,10",1
Área sembrada,"1.470,50",1
Área sembrada,"1.471,00",1
Área sembrada,"1.472,73",1
Área sembrada,"1.473,00",1
Área sembrada,"1.473,39",1
Área sembrada,"1.473,50",1
Área sembrada,"1.474,00",1
Área sembrada,"1.475,13",1
Área sembrada,"1.476,06",1
Área sembrada,"1.477,00",1
Área sembrada,"1.477,50",1
Área sembrada,"1.479,66",1
Área sembrada,"1.480,46",1
Área sembrada,"1.481,00",1
Área sembrada,"1.481,27",1
Área sembrada,"1.481,83",1
Área sembrada,"1.483,00",1
Área sembrada,"1.484,00",1
Área sembrada,"1.486,93",1
Área sembrada,"1.487,50",1
Área sembrada,"1.488,00",1
Área sembrada,"1.490,01",1
Área sembrada,"1.490,36",1
Área sembrada,"1.490,50",1
Área sembrada,"1.491,00",1
Área sembrada,"1.491,38",1
Área sembrada,"1.491,74",1
Área sembrada,"1.493,00",1
Área sembrada,"1.493,70",1
Área sembrada,"1.494,70",1
Área sembrada,"1.499,00",1
Área sembrada,"1.499,50",1
Área sembrada,"1.499,92",1
Área sembrada,"1.500,10",1
Área sembrada,"1.501,38",1
Área sembrada,"1.503,38",1
Área sembrada,"1.504,00",1
Área sembrada,"1.504,70",1
Área sembrada,"1.509,59",1
Área sembrada,"1.510,48",1
Área sembrada,"1.511,00",1
Área sembrada,"1.511,47",1
Área sembrada,"1.511,61",1
Área sembrada,"1.513,97",1
Área sembrada,"1.514,00",1
Área sembrada,"1.514,18",1
Área sembrada,"1.514,88",1
Área sembrada,"1.515,00",1
Área sembrada,"1.516,26",1
Área sembrada,"1.517,00",1
Área sembrada,"1.518,00",1
Área sembrada,"1.522,15",1
Área sembrada,"1.522,83",1
Área sembrada,"1.523,63",1
Área sembrada,"1.523,80",1
Área sembrada,"1.525,50",1
Área sembrada,"1.526,38",1
Área sembrada,"1.526,41",1
Área sembrada,"1.527,00",1
Área sembrada,"1.527,26",1
Área sembrada,"1.528,00",1
Área sembrada,"1.528,33",1
Área sembrada,"1.529,02",1
Área sembrada,"1.529,09",1
Área sembrada,"1.529,27",1
Área sembrada,"1.529,40",1
Área sembrada,"1.530,77",1
Área sembrada,"1.531,00",1
Área sembrada,"1.532,00",1
Área sembrada,"1.532,26",1
Área sembrada,"1.532,34",1
Área sembrada,"1.534,00",1
Área sembrada,"1.535,00",1
Área sembrada,"1.535,46",1
Área sembrada,"1.536,66",1
Área sembrada,"1.539,50",1
Área sembrada,"1.541,25",1
Área sembrada,"1.541,40",1
Área sembrada,"1.542,64",1
Área sembrada,"1.544,06",1
Área sembrada,"1.545,60",1
Área sembrada,"1.545,96",1
Área sembrada,"1.546,00",1
Área sembrada,"1.548,55",1
Área sembrada,"1.549,00",1
Área sembrada,"1.549,79",1
Área sembrada,"1.552,31",1
Área sembrada,"1.553,92",1
Área sembrada,"1.554,00",1
Área sembrada,"1.554,64",1
Área sembrada,"1.555,54",1
Área sembrada,"1.556,45",1
Área sembrada,"1.557,55",1
Área sembrada,"1.558,15",1
Área sembrada,"1.559,96",1
Área sembrada,"1.561,35",1
Área sembrada,"1.561,97",1
Área sembrada,"1.563,00",1
Área sembrada,"1.564,00",1
Área sembrada,"1.564,96",1
Área sembrada,"1.566,25",1
Área sembrada,"1.568,30",1
Área sembrada,"1.569,00",1
Área sembrada,"1.569,50",1
Área sembrada,"1.569,96",1
Área sembrada,"1.570,73",1
Área sembrada,"1.570,90",1
Área sembrada,"1.571,00",1
Área sembrada,"1.571,37",1
Área sembrada,"1.572,67",1
Área sembrada,"1.572,90",1
Área sembrada,"1.574,31",1
Área sembrada,"1.576,75",1
Área sembrada,"1.577,00",1
Área sembrada,"1.578,63",1
Área sembrada,"1.579,00",1
Área sembrada,"1.579,50",1
Área sembrada,"1.581,80",1
Área sembrada,"1.584,60",1
Área sembrada,"1.585,00",1
Área sembrada,"1.586,30",1
Área sembrada,"1.586,72",1
Área sembrada,"1.589,27",1
Área sembrada,"1.589,84",1
Área sembrada,"1.591,00",1
Área sembrada,"1.593,36",1
Área sembrada,"1.595,93",1
Área sembrada,"1.598,11",1
Área sembrada,"1.599,30",1
Área sembrada,"1.600,10",1
Área sembrada,"1.601,84",1
Área sembrada,"1.605,00",1
Área sembrada,"1.606,20",1
Área sembrada,"1.607,00",1
Área sembrada,"1.608,50",1
Área sembrada,"1.612,00",1
Área sembrada,"1.613,00",1
Área sembrada,"1.613,51",1
Área sembrada,"1.616,92",1
Área sembrada,"1.617,17",1
Área sembrada,"1.618,10",1
Área sembrada,"1.618,63",1
Área sembrada,"1.620,50",1
Área sembrada,"1.621,00",1
Área sembrada,"1.621,02",1
Área sembrada,"1.622,00",1
Área sembrada,"1.623,92",1
Área sembrada,"1.626,76",1
Área sembrada,"1.627,00",1
Área sembrada,"1.628,00",1
Área sembrada,"1.628,95",1
Área sembrada,"1.629,30",1
Área sembrada,"1.631,00",1
Área sembrada,"1.631,05",1
Área sembrada,"1.632,00",1
Área sembrada,"1.633,00",1
Área sembrada,"1.637,00",1
Área sembrada,"1.638,00",1
Área sembrada,"1.641,28",1
Área sembrada,"1.641,73",1
Área sembrada,"1.642,00",1
Área sembrada,"1.643,41",1
Área sembrada,"1.644,70",1
Área sembrada,"1.645,20",1
Área sembrada,"1.645,61",1
Área sembrada,"1.649,40",1
Área sembrada,"1.649,83",1
Área sembrada,"1.650,50",1
Área sembrada,"1.651,00",1
Área sembrada,"1.651,85",1
Área sembrada,"1.653,93",1
Área sembrada,"1.654,00",1
Área sembrada,"1.656,00",1
Área sembrada,"1.656,10",1
Área sembrada,"1.656,82",1
Área sembrada,"1.660,17",1
Área sembrada,"1.660,50",1
Área sembrada,"1.661,00",1
Área sembrada,"1.661,79",1
Área sembrada,"1.664,24",1
Área sembrada,"1.665,53",1
Área sembrada,"1.665,81",1
Área sembrada,"1.666,00",1
Área sembrada,"1.667,00",1
Área sembrada,"1.669,23",1
Área sembrada,"1.672,28",1
Área sembrada,"1.675,00",1
Área sembrada,"1.676,24",1
Área sembrada,"1.677,00",1
Área sembrada,"1.677,01",1
Área sembrada,"1.678,00",1
Área sembrada,"1.679,00",1
Área sembrada,"1.679,79",1
Área sembrada,"1.680,33",1
Área sembrada,"1.681,36",1
Área sembrada,"1.683,46",1
Área sembrada,"1.683,88",1
Área sembrada,"1.684,21",1
Área sembrada,"1.685,00",1
Área sembrada,"1.686,00",1
Área sembrada,"1.686,99",1
Área sembrada,"1.689,00",1
Área sembrada,"1.693,50",1
Área sembrada,"1.698,00",1
Área sembrada,"1.699,33",1
Área sembrada,"1.700,75",1
Área sembrada,"1.702,50",1
Área sembrada,"1.702,56",1
Área sembrada,"1.703,07",1
Área sembrada,"1.703,78",1
Área sembrada,"1.705,87",1
Área sembrada,"1.706,60",1
Área sembrada,"1.706,88",1
Área sembrada,"1.707,14",1
Área sembrada,"1.708,52",1
Área sembrada,"1.710,00",1
Área sembrada,"1.710,70",1
Área sembrada,"1.710,90",1
Área sembrada,"1.714,41",1
Área sembrada,"1.715,00",1
Área sembrada,"1.715,13",1
Área sembrada,"1.715,45",1
Área sembrada,"1.717,00",1
Área sembrada,"1.720,14",1
Área sembrada,"1.721,58",1
Área sembrada,"1.722,40",1
Área sembrada,"1.723,50",1
Área sembrada,"1.727,90",1
Área sembrada,"1.728,92",1
Área sembrada,"1.729,00",1
Área sembrada,"1.734,00",1
Área sembrada,"1.734,86",1
Área sembrada,"1.736,00",1
Área sembrada,"1.736,73",1
Área sembrada,"1.737,00",1
Área sembrada,"1.737,13",1
Área sembrada,"1.737,22",1
Área sembrada,"1.737,49",1
Área sembrada,"1.740,00",1
Área sembrada,"1.742,50",1
Área sembrada,"1.742,98",1
Área sembrada,"1.743,55",1
Área sembrada,"1.743,57",1
Área sembrada,"1.744,50",1
Área sembrada,"1.744,97",1
Área sembrada,"1.748,53",1
Área sembrada,"1.748,85",1
Área sembrada,"1.750,29",1
Área sembrada,"1.751,81",1
Área sembrada,"1.753,30",1
Área sembrada,"1.754,00",1
Área sembrada,"1.759,71",1
Área sembrada,"1.761,72",1
Área sembrada,"1.763,80",1
Área sembrada,"1.764,00",1
Área sembrada,"1.765,00",1
Área sembrada,"1.766,97",1
Área sembrada,"1.767,48",1
Área sembrada,"1.768,94",1
Área sembrada,"1.769,00",1
Área sembrada,"1.771,00",1
Área sembrada,"1.771,68",1
Área sembrada,"1.772,00",1
Área sembrada,"1.772,01",1
Área sembrada,"1.773,90",1
Área sembrada,"1.774,00",1
Área sembrada,"1.775,35",1
Área sembrada,"1.776,05",1
Área sembrada,"1.777,00",1
Área sembrada,"1.778,00",1
Área sembrada,"1.780,74",1
Área sembrada,"1.781,68",1
Área sembrada,"1.783,00",1
Área sembrada,"1.783,66",1
Área sembrada,"1.785,00",1
Área sembrada,"1.789,36",1
Área sembrada,"1.791,48",1
Área sembrada,"1.795,00",1
Área sembrada,"1.796,78",1
Área sembrada,"1.799,15",1
Área sembrada,"1.799,20",1
Área sembrada,"1.799,50",1
Área sembrada,"1.801,00",1
Área sembrada,"1.801,87",1
Área sembrada,"1.802,00",1
Área sembrada,"1.802,03",1
Área sembrada,"1.803,00",1
Área sembrada,"1.806,59",1
Área sembrada,"1.806,63",1
Área sembrada,"1.808,90",1
Área sembrada,"1.809,00",1
Área sembrada,"1.809,64",1
Área sembrada,"1.812,07",1
Área sembrada,"1.814,00",1
Área sembrada,"1.815,00",1
Área sembrada,"1.817,00",1
Área sembrada,"1.818,79",1
Área sembrada,"1.819,00",1
Área sembrada,"1.819,50",1
Área sembrada,"1.819,56",1
Área sembrada,"1.821,26",1
Área sembrada,"1.822,30",1
Área sembrada,"1.823,00",1
Área sembrada,"1.826,00",1
Área sembrada,"1.827,00",1
Área sembrada,"1.827,78",1
Área sembrada,"1.827,94",1
Área sembrada,"1.828,00",1
Área sembrada,"1.829,00",1
Área sembrada,"1.829,23",1
Área sembrada,"1.829,59",1
Área sembrada,"1.829,71",1
Área sembrada,"1.830,10",1
Área sembrada,"1.833,00",1
Área sembrada,"1.833,04",1
Área sembrada,"1.834,00",1
Área sembrada,"1.839,52",1
Área sembrada,"1.840,60",1
Área sembrada,"1.843,26",1
Área sembrada,"1.844,60",1
Área sembrada,"1.845,00",1
Área sembrada,"1.845,60",1
Área sembrada,"1.845,69",1
Área sembrada,"1.846,00",1
Área sembrada,"1.847,55",1
Área sembrada,"1.848,99",1
Área sembrada,"1.849,00",1
Área sembrada,"1.849,80",1
Área sembrada,"1.850,17",1
Área sembrada,"1.853,17",1
Área sembrada,"1.855,00",1
Área sembrada,"1.856,00",1
Área sembrada,"1.856,94",1
Área sembrada,"1.857,00",1
Área sembrada,"1.858,00",1
Área sembrada,"1.858,90",1
Área sembrada,"1.859,00",1
Área sembrada,"1.859,71",1
Área sembrada,"1.860,00",1
Área sembrada,"1.862,00",1
Área sembrada,"1.862,95",1
Área sembrada,"1.864,94",1
Área sembrada,"1.865,00",1
Área sembrada,"1.866,90",1
Área sembrada,"1.867,00",1
Área sembrada,"1.869,94",1
Área sembrada,"1.872,00",1
Área sembrada,"1.872,15",1
Área sembrada,"1.876,50",1
Área sembrada,"1.877,00",1
Área sembrada,"1.879,34",1
Área sembrada,"1.879,94",1
Área sembrada,"1.881,00",1
Área sembrada,"1.881,96",1
Área sembrada,"1.882,30",1
Área sembrada,"1.882,70",1
Área sembrada,"1.883,20",1
Área sembrada,"1.884,00",1
Área sembrada,"1.886,00",1
Área sembrada,"1.888,32",1
Área sembrada,"1.888,50",1
Área sembrada,"1.889,00",1
Área sembrada,"1.889,59",1
Área sembrada,"1.891,00",1
Área sembrada,"1.891,38",1
Área sembrada,"1.892,00",1
Área sembrada,"1.892,10",1
Área sembrada,"1.893,21",1
Área sembrada,"1.893,60",1
Área sembrada,"1.894,08",1
Área sembrada,"1.896,13",1
Área sembrada,"1.897,00",1
Área sembrada,"1.897,65",1
Área sembrada,"1.897,79",1
Área sembrada,"1.897,87",1
Área sembrada,"1.898,00",1
Área sembrada,"1.898,60",1
Área sembrada,"1.900,01",1
Área sembrada,"1.905,01",1
Área sembrada,"1.907,00",1
Área sembrada,"1.907,70",1
Área sembrada,"1.910,00",1
Área sembrada,"1.911,11",1
Área sembrada,"1.912,69",1
Área sembrada,"1.912,70",1
Área sembrada,"1.913,01",1
Área sembrada,"1.913,57",1
Área sembrada,"1.915,00",1
Área sembrada,"1.915,12",1
Área sembrada,"1.917,84",1
Área sembrada,"1.919,00",1
Área sembrada,"1.919,52",1
Área sembrada,"1.922,00",1
Área sembrada,"1.923,00",1
Área sembrada,"1.923,69",1
Área sembrada,"1.924,12",1
Área sembrada,"1.926,46",1
Área sembrada,"1.927,00",1
Área sembrada,"1.929,00",1
Área sembrada,"1.929,29",1
Área sembrada,"1.932,42",1
Área sembrada,"1.932,84",1
Área sembrada,"1.934,00",1
Área sembrada,"1.934,95",1
Área sembrada,"1.935,22",1
Área sembrada,"1.937,00",1
Área sembrada,"1.938,87",1
Área sembrada,"1.939,07",1
Área sembrada,"1.940,73",1
Área sembrada,"1.941,00",1
Área sembrada,"1.942,00",1
Área sembrada,"1.942,67",1
Área sembrada,"1.946,00",1
Área sembrada,"1.946,56",1
Área sembrada,"1.946,91",1
Área sembrada,"1.951,08",1
Área sembrada,"1.952,30",1
Área sembrada,"1.955,00",1
Área sembrada,"1.956,88",1
Área sembrada,"1.958,00",1
Área sembrada,"1.960,00",1
Área sembrada,"1.960,59",1
Área sembrada,"1.962,00",1
Área sembrada,"1.964,37",1
Área sembrada,"1.964,51",1
Área sembrada,"1.968,72",1
Área sembrada,"1.969,00",1
Área sembrada,"1.969,78",1
Área sembrada,"1.972,00",1
Área sembrada,"1.972,98",1
Área sembrada,"1.973,76",1
Área sembrada,"1.974,49",1
Área sembrada,"1.974,61",1
Área sembrada,"1.975,00",1
Área sembrada,"1.975,16",1
Área sembrada,"1.976,00",1
Área sembrada,"1.977,02",1
Área sembrada,"1.985,50",1
Área sembrada,"1.986,27",1
Área sembrada,"1.987,00",1
Área sembrada,"1.990,25",1
Área sembrada,"1.991,90",1
Área sembrada,"1.992,00",1
Área sembrada,"1.992,58",1
Área sembrada,"1.993,01",1
Área sembrada,"1.993,63",1
Área sembrada,"1.995,10",1
Área sembrada,"1.995,25",1
Área sembrada,"1.996,00",1
Área sembrada,"10.005,00",1
Área sembrada,"10.010,50",1
Área sembrada,"10.030,00",1
Área sembrada,"10.050,00",1
Área sembrada,"10.116,00",1
Área sembrada,"10.138,00",1
Área sembrada,"10.168,00",1
Área sembrada,"10.187,00",1
Área sembrada,"10.232,00",1
Área sembrada,"10.247,37",1
Área sembrada,"10.280,00",1
Área sembrada,"10.284,00",1
Área sembrada,"10.308,00",1
Área sembrada,"10.311,00",1
Área sembrada,"10.314,00",1
Área sembrada,"10.347,42",1
Área sembrada,"10.398,00",1
Área sembrada,"10.400,00",1
Área sembrada,"10.448,00",1
Área sembrada,"10.454,00",1
Área sembrada,"10.457,00",1
Área sembrada,"10.462,00",1
Área sembrada,"10.470,00",1
Área sembrada,"10.524,00",1
Área sembrada,"10.536,00",1
Área sembrada,"10.536,90",1
Área sembrada,"10.540,36",1
Área sembrada,"10.550,00",1
Área sembrada,"10.551,87",1
Área sembrada,"10.591,00",1
Área sembrada,"10.600,00",1
Área sembrada,"10.613,46",1
Área sembrada,"10.620,63",1
Área sembrada,"10.625,70",1
Área sembrada,"10.685,00",1
Área sembrada,"10.689,28",1
Área sembrada,"10.729,03",1
Área sembrada,"10.800,00",1
Área sembrada,"10.814,65",1
Área sembrada,"10.858,39",1
Área sembrada,"10.866,34",1
Área sembrada,"10.999,00",1
Área sembrada,"11.098,32",1
Área sembrada,"11.100,00",1
Área sembrada,"11.123,00",1
Área sembrada,"11.131,45",1
Área sembrada,"11.282,44",1
Área sembrada,"11.324,00",1
Área sembrada,"11.367,40",1
Área sembrada,"11.448,81",1
Área sembrada,"11.549,74",1
Área sembrada,"11.648,00",1
Área sembrada,"11.713,18",1
Área sembrada,"11.740,00",1
Área sembrada,"11.881,40",1
Área sembrada,"11.980,00",1
Área sembrada,"12.181,45",1
Área sembrada,"12.276,00",1
Área sembrada,"12.464,10",1
Área sembrada,"12.522,00",1
Área sembrada,"12.543,00",1
Área sembrada,"12.609,00",1
Área sembrada,"12.710,00",1
Área sembrada,"12.766,00",1
Área sembrada,"12.943,00",1
Área sembrada,"13.234,00",1
Área sembrada,"13.247,14",1
Área sembrada,"13.271,00",1
Área sembrada,"13.311,00",1
Área sembrada,"13.316,00",1
Área sembrada,"13.438,91",1
Área sembrada,"13.568,00",1
Área sembrada,"13.672,35",1
Área sembrada,"13.749,00",1
Área sembrada,"13.809,00",1
Área sembrada,"13.828,74",1
Área sembrada,"13.850,00",1
Área sembrada,"13.860,71",1
Área sembrada,"13.872,00",1
Área sembrada,"13.935,00",1
Área sembrada,"13.943,00",1
Área sembrada,"13.982,00",1
Área sembrada,"13.985,80",1
Área sembrada,"13.998,91",1
Área sembrada,"14.005,00",1
Área sembrada,"14.058,00",1
Área sembrada,"14.130,00",1
Área sembrada,"14.159,00",1
Área sembrada,"14.167,00",1
Área sembrada,"14.184,62",1
Área sembrada,"14.245,00",1
Área sembrada,"14.257,00",1
Área sembrada,"14.270,00",1
Área sembrada,"14.319,05",1
Área sembrada,"14.319,14",1
Área sembrada,"14.331,00",1
Área sembrada,"14.377,80",1
Área sembrada,"14.387,85",1
Área sembrada,"14.423,11",1
Área sembrada,"14.443,00",1
Área sembrada,"14.575,00",1
Área sembrada,"14.623,00",1
Área sembrada,"14.688,00",1
Área sembrada,"14.725,00",1
Área sembrada,"14.869,00",1
Área sembrada,"14.888,00",1
Área sembrada,"14.938,00",1
Área sembrada,"15.010,20",1
Área sembrada,"15.120,17",1
Área sembrada,"15.171,00",1
Área sembrada,"15.188,00",1
Área sembrada,"15.210,20",1
Área sembrada,"15.211,00",1
Área sembrada,"15.300,00",1
Área sembrada,"15.375,17",1
Área sembrada,"15.465,80",1
Área sembrada,"15.593,00",1
Área sembrada,"15.649,00",1
Área sembrada,"15.751,00",1
Área sembrada,"15.900,00",1
Área sembrada,"15.901,00",1
Área sembrada,"15.901,60",1
Área sembrada,"15.980,00",1
Área sembrada,"16.030,00",1
Área sembrada,"16.095,00",1
Área sembrada,"16.500,00",1
Área sembrada,"16.596,00",1
Área sembrada,"16.610,20",1
Área sembrada,"16.620,20",1
Área sembrada,"16.728,00",1
Área sembrada,"16.800,00",1
Área sembrada,"16.900,00",1
Área sembrada,"17.087,00",1
Área sembrada,"17.330,00",1
Área sembrada,"17.512,62",1
Área sembrada,"17.641,91",1
Área sembrada,"17.753,33",1
Área sembrada,"17.761,36",1
Área sembrada,"17.789,59",1
Área sembrada,"17.975,00",1
Área sembrada,"18.290,70",1
Área sembrada,"19.015,03",1
Área sembrada,"19.660,20",1
Área sembrada,"19.880,00",1
Área sembrada,"2.000,27",1
Área sembrada,"2.002,00",1
Área sembrada,"2.002,25",1
Área sembrada,"2.003,00",1
Área sembrada,"2.004,20",1
Área sembrada,"2.005,63",1
Área sembrada,"2.007,00",1
Área sembrada,"2.007,60",1
Área sembrada,"2.009,12",1
Área sembrada,"2.011,50",1
Área sembrada,"2.012,00",1
Área sembrada,"2.012,01",1
Área sembrada,"2.013,00",1
Área sembrada,"2.013,55",1
Área sembrada,"2.014,64",1
Área sembrada,"2.016,00",1
Área sembrada,"2.016,30",1
Área sembrada,"2.018,50",1
Área sembrada,"2.019,00",1
Área sembrada,"2.020,42",1
Área sembrada,"2.022,37",1
Área sembrada,"2.023,00",1
Área sembrada,"2.024,00",1
Área sembrada,"2.024,06",1
Área sembrada,"2.025,83",1
Área sembrada,"2.026,67",1
Área sembrada,"2.027,06",1
Área sembrada,"2.028,00",1
Área sembrada,"2.028,43",1
Área sembrada,"2.032,00",1
Área sembrada,"2.033,01",1
Área sembrada,"2.033,22",1
Área sembrada,"2.033,30",1
Área sembrada,"2.033,50",1
Área sembrada,"2.036,50",1
Área sembrada,"2.041,00",1
Área sembrada,"2.041,50",1
Área sembrada,"2.043,00",1
Área sembrada,"2.044,21",1
Área sembrada,"2.045,60",1
Área sembrada,"2.046,50",1
Área sembrada,"2.048,00",1
Área sembrada,"2.049,00",1
Área sembrada,"2.052,50",1
Área sembrada,"2.055,00",1
Área sembrada,"2.056,00",1
Área sembrada,"2.057,00",1
Área sembrada,"2.058,00",1
Área sembrada,"2.058,37",1
Área sembrada,"2.061,50",1
Área sembrada,"2.063,10",1
Área sembrada,"2.064,00",1
Área sembrada,"2.065,09",1
Área sembrada,"2.070,00",1
Área sembrada,"2.073,00",1
Área sembrada,"2.075,19",1
Área sembrada,"2.076,50",1
Área sembrada,"2.079,00",1
Área sembrada,"2.079,98",1
Área sembrada,"2.086,73",1
Área sembrada,"2.087,86",1
Área sembrada,"2.088,00",1
Área sembrada,"2.090,00",1
Área sembrada,"2.090,20",1
Área sembrada,"2.098,69",1
Área sembrada,"2.102,00",1
Área sembrada,"2.103,00",1
Área sembrada,"2.105,00",1
Área sembrada,"2.108,26",1
Área sembrada,"2.108,44",1
Área sembrada,"2.111,50",1
Área sembrada,"2.113,00",1
Área sembrada,"2.113,76",1
Área sembrada,"2.114,24",1
Área sembrada,"2.117,00",1
Área sembrada,"2.122,00",1
Área sembrada,"2.122,71",1
Área sembrada,"2.124,00",1
Área sembrada,"2.127,00",1
Área sembrada,"2.128,43",1
Área sembrada,"2.137,00",1
Área sembrada,"2.138,00",1
Área sembrada,"2.140,00",1
Área sembrada,"2.141,00",1
Área sembrada,"2.142,68",1
Área sembrada,"2.149,00",1
Área sembrada,"2.149,67",1
Área sembrada,"2.158,00",1
Área sembrada,"2.160,50",1
Área sembrada,"2.164,00",1
Área sembrada,"2.168,30",1
Área sembrada,"2.172,10",1
Área sembrada,"2.174,40",1
Área sembrada,"2.174,86",1
Área sembrada,"2.176,11",1
Área sembrada,"2.176,30",1
Área sembrada,"2.180,00",1
Área sembrada,"2.182,00",1
Área sembrada,"2.182,26",1
Área sembrada,"2.184,00",1
Área sembrada,"2.186,17",1
Área sembrada,"2.187,11",1
Área sembrada,"2.188,00",1
Área sembrada,"2.192,33",1
Área sembrada,"2.193,53",1
Área sembrada,"2.198,32",1
Área sembrada,"2.198,58",1
Área sembrada,"2.199,11",1
Área sembrada,"2.200,72",1
Área sembrada,"2.202,00",1
Área sembrada,"2.202,76",1
Área sembrada,"2.203,00",1
Área sembrada,"2.204,00",1
Área sembrada,"2.205,00",1
Área sembrada,"2.206,00",1
Área sembrada,"2.206,02",1
Área sembrada,"2.207,01",1
Área sembrada,"2.208,00",1
Área sembrada,"2.210,00",1
Área sembrada,"2.210,18",1
Área sembrada,"2.211,50",1
Área sembrada,"2.212,00",1
Área sembrada,"2.212,94",1
Área sembrada,"2.213,10",1
Área sembrada,"2.213,64",1
Área sembrada,"2.215,00",1
Área sembrada,"2.216,03",1
Área sembrada,"2.216,19",1
Área sembrada,"2.216,38",1
Área sembrada,"2.218,80",1
Área sembrada,"2.219,55",1
Área sembrada,"2.220,82",1
Área sembrada,"2.222,00",1
Área sembrada,"2.227,00",1
Área sembrada,"2.227,25",1
Área sembrada,"2.228,44",1
Área sembrada,"2.229,20",1
Área sembrada,"2.231,00",1
Área sembrada,"2.232,46",1
Área sembrada,"2.233,00",1
Área sembrada,"2.234,82",1
Área sembrada,"2.235,00",1
Área sembrada,"2.235,38",1
Área sembrada,"2.240,89",1
Área sembrada,"2.243,24",1
Área sembrada,"2.244,00",1
Área sembrada,"2.244,20",1
Área sembrada,"2.251,00",1
Área sembrada,"2.253,00",1
Área sembrada,"2.253,38",1
Área sembrada,"2.256,00",1
Área sembrada,"2.257,00",1
Área sembrada,"2.258,00",1
Área sembrada,"2.260,00",1
Área sembrada,"2.264,00",1
Área sembrada,"2.264,91",1
Área sembrada,"2.265,00",1
Área sembrada,"2.266,00",1
Área sembrada,"2.267,10",1
Área sembrada,"2.269,00",1
Área sembrada,"2.270,00",1
Área sembrada,"2.277,00",1
Área sembrada,"2.280,68",1
Área sembrada,"2.282,44",1
Área sembrada,"2.283,00",1
Área sembrada,"2.285,16",1
Área sembrada,"2.286,00",1
Área sembrada,"2.287,00",1
Área sembrada,"2.287,43",1
Área sembrada,"2.288,48",1
Área sembrada,"2.291,53",1
Área sembrada,"2.292,54",1
Área sembrada,"2.293,00",1
Área sembrada,"2.297,00",1
Área sembrada,"2.299,00",1
Área sembrada,"2.302,84",1
Área sembrada,"2.303,00",1
Área sembrada,"2.307,00",1
Área sembrada,"2.308,80",1
Área sembrada,"2.312,74",1
Área sembrada,"2.313,00",1
Área sembrada,"2.318,00",1
Área sembrada,"2.319,00",1
Área sembrada,"2.323,00",1
Área sembrada,"2.325,00",1
Área sembrada,"2.325,20",1
Área sembrada,"2.329,00",1
Área sembrada,"2.331,00",1
Área sembrada,"2.332,58",1
Área sembrada,"2.333,00",1
Área sembrada,"2.334,82",1
Área sembrada,"2.336,50",1
Área sembrada,"2.343,00",1
Área sembrada,"2.345,00",1
Área sembrada,"2.345,95",1
Área sembrada,"2.346,00",1
Área sembrada,"2.348,01",1
Área sembrada,"2.352,80",1
Área sembrada,"2.353,80",1
Área sembrada,"2.359,55",1
Área sembrada,"2.362,00",1
Área sembrada,"2.363,00",1
Área sembrada,"2.365,00",1
Área sembrada,"2.367,00",1
Área sembrada,"2.369,29",1
Área sembrada,"2.369,80",1
Área sembrada,"2.371,75",1
Área sembrada,"2.372,50",1
Área sembrada,"2.374,00",1
Área sembrada,"2.379,00",1
Área sembrada,"2.382,00",1
Área sembrada,"2.384,00",1
Área sembrada,"2.385,65",1
Área sembrada,"2.386,00",1
Área sembrada,"2.389,31",1
Área sembrada,"2.390,80",1
Área sembrada,"2.391,50",1
Área sembrada,"2.393,50",1
Área sembrada,"2.397,77",1
Área sembrada,"2.399,86",1
Área sembrada,"2.404,00",1
Área sembrada,"2.406,00",1
Área sembrada,"2.408,00",1
Área sembrada,"2.409,39",1
Área sembrada,"2.411,00",1
Área sembrada,"2.412,80",1
Área sembrada,"2.418,30",1
Área sembrada,"2.423,80",1
Área sembrada,"2.426,50",1
Área sembrada,"2.433,97",1
Área sembrada,"2.438,00",1
Área sembrada,"2.442,20",1
Área sembrada,"2.444,00",1
Área sembrada,"2.445,00",1
Área sembrada,"2.453,00",1
Área sembrada,"2.456,00",1
Área sembrada,"2.457,00",1
Área sembrada,"2.458,00",1
Área sembrada,"2.460,09",1
Área sembrada,"2.461,00",1
Área sembrada,"2.462,71",1
Área sembrada,"2.463,00",1
Área sembrada,"2.463,93",1
Área sembrada,"2.464,00",1
Área sembrada,"2.473,00",1
Área sembrada,"2.475,00",1
Área sembrada,"2.478,00",1
Área sembrada,"2.490,93",1
Área sembrada,"2.495,00",1
Área sembrada,"2.498,14",1
Área sembrada,"2.502,00",1
Área sembrada,"2.505,16",1
Área sembrada,"2.508,67",1
Área sembrada,"2.514,00",1
Área sembrada,"2.515,00",1
Área sembrada,"2.516,00",1
Área sembrada,"2.520,00",1
Área sembrada,"2.521,43",1
Área sembrada,"2.522,24",1
Área sembrada,"2.526,00",1
Área sembrada,"2.530,00",1
Área sembrada,"2.532,00",1
Área sembrada,"2.532,32",1
Área sembrada,"2.534,00",1
Área sembrada,"2.536,00",1
Área sembrada,"2.537,88",1
Área sembrada,"2.538,00",1
Área sembrada,"2.543,33",1
Área sembrada,"2.544,00",1
Área sembrada,"2.545,00",1
Área sembrada,"2.547,50",1
Área sembrada,"2.548,10",1
Área sembrada,"2.554,00",1
Área sembrada,"2.555,32",1
Área sembrada,"2.558,00",1
Área sembrada,"2.563,18",1
Área sembrada,"2.566,64",1
Área sembrada,"2.566,98",1
Área sembrada,"2.567,29",1
Área sembrada,"2.568,29",1
Área sembrada,"2.568,42",1
Área sembrada,"2.568,45",1
Área sembrada,"2.571,00",1
Área sembrada,"2.571,79",1
Área sembrada,"2.572,00",1
Área sembrada,"2.578,82",1
Área sembrada,"2.579,22",1
Área sembrada,"2.579,65",1
Área sembrada,"2.580,00",1
Área sembrada,"2.580,20",1
Área sembrada,"2.583,84",1
Área sembrada,"2.588,30",1
Área sembrada,"2.589,30",1
Área sembrada,"2.594,40",1
Área sembrada,"2.600,69",1
Área sembrada,"2.601,90",1
Área sembrada,"2.602,00",1
Área sembrada,"2.603,00",1
Área sembrada,"2.604,10",1
Área sembrada,"2.604,80",1
Área sembrada,"2.606,00",1
Área sembrada,"2.606,41",1
Área sembrada,"2.609,80",1
Área sembrada,"2.611,00",1
Área sembrada,"2.611,17",1
Área sembrada,"2.611,90",1
Área sembrada,"2.616,29",1
Área sembrada,"2.620,00",1
Área sembrada,"2.620,68",1
Área sembrada,"2.623,75",1
Área sembrada,"2.625,33",1
Área sembrada,"2.625,64",1
Área sembrada,"2.627,00",1
Área sembrada,"2.632,70",1
Área sembrada,"2.633,00",1
Área sembrada,"2.637,00",1
Área sembrada,"2.637,09",1
Área sembrada,"2.638,00",1
Área sembrada,"2.638,29",1
Área sembrada,"2.639,68",1
Área sembrada,"2.641,50",1
Área sembrada,"2.642,00",1
Área sembrada,"2.642,39",1
Área sembrada,"2.645,89",1
Área sembrada,"2.649,56",1
Área sembrada,"2.649,94",1
Área sembrada,"2.657,00",1
Área sembrada,"2.658,00",1
Área sembrada,"2.661,00",1
Área sembrada,"2.661,73",1
Área sembrada,"2.663,00",1
Área sembrada,"2.664,00",1
Área sembrada,"2.670,55",1
Área sembrada,"2.670,82",1
Área sembrada,"2.680,50",1
Área sembrada,"2.681,00",1
Área sembrada,"2.682,50",1
Área sembrada,"2.683,00",1
Área sembrada,"2.688,00",1
Área sembrada,"2.688,20",1
Área sembrada,"2.690,00",1
Área sembrada,"2.691,00",1
Área sembrada,"2.695,00",1
Área sembrada,"2.701,38",1
Área sembrada,"2.701,55",1
Área sembrada,"2.702,00",1
Área sembrada,"2.702,34",1
Área sembrada,"2.712,70",1
Área sembrada,"2.716,00",1
Área sembrada,"2.720,00",1
Área sembrada,"2.723,04",1
Área sembrada,"2.726,00",1
Área sembrada,"2.727,25",1
Área sembrada,"2.730,31",1
Área sembrada,"2.730,58",1
Área sembrada,"2.733,13",1
Área sembrada,"2.735,10",1
Área sembrada,"2.736,00",1
Área sembrada,"2.741,24",1
Área sembrada,"2.742,17",1
Área sembrada,"2.743,00",1
Área sembrada,"2.745,00",1
Área sembrada,"2.746,03",1
Área sembrada,"2.747,15",1
Área sembrada,"2.750,00",1
Área sembrada,"2.750,21",1
Área sembrada,"2.751,01",1
Área sembrada,"2.751,52",1
Área sembrada,"2.755,99",1
Área sembrada,"2.756,04",1
Área sembrada,"2.757,00",1
Área sembrada,"2.758,00",1
Área sembrada,"2.761,00",1
Área sembrada,"2.764,68",1
Área sembrada,"2.766,42",1
Área sembrada,"2.770,00",1
Área sembrada,"2.771,10",1
Área sembrada,"2.772,72",1
Área sembrada,"2.775,90",1
Área sembrada,"2.777,00",1
Área sembrada,"2.779,73",1
Área sembrada,"2.788,00",1
Área sembrada,"2.788,48",1
Área sembrada,"2.789,79",1
Área sembrada,"2.791,00",1
Área sembrada,"2.794,00",1
Área sembrada,"2.794,31",1
Área sembrada,"2.797,40",1
Área sembrada,"2.801,00",1
Área sembrada,"2.811,70",1
Área sembrada,"2.812,00",1
Área sembrada,"2.812,58",1
Área sembrada,"2.814,65",1
Área sembrada,"2.817,00",1
Área sembrada,"2.818,85",1
Área sembrada,"2.819,00",1
Área sembrada,"2.819,93",1
Área sembrada,"2.821,01",1
Área sembrada,"2.821,95",1
Área sembrada,"2.823,36",1
Área sembrada,"2.824,13",1
Área sembrada,"2.828,00",1
Área sembrada,"2.830,70",1
Área sembrada,"2.832,14",1
Área sembrada,"2.837,00",1
Área sembrada,"2.840,00",1
Área sembrada,"2.841,35",1
Área sembrada,"2.844,00",1
Área sembrada,"2.845,00",1
Área sembrada,"2.846,00",1
Área sembrada,"2.847,17",1
Área sembrada,"2.848,20",1
Área sembrada,"2.851,00",1
Área sembrada,"2.855,13",1
Área sembrada,"2.858,00",1
Área sembrada,"2.860,00",1
Área sembrada,"2.861,00",1
Área sembrada,"2.862,00",1
Área sembrada,"2.862,80",1
Área sembrada,"2.864,33",1
Área sembrada,"2.864,99",1
Área sembrada,"2.865,00",1
Área sembrada,"2.865,80",1
Área sembrada,"2.868,00",1
Área sembrada,"2.868,47",1
Área sembrada,"2.869,74",1
Área sembrada,"2.874,60",1
Área sembrada,"2.876,00",1
Área sembrada,"2.877,00",1
Área sembrada,"2.880,00",1
Área sembrada,"2.880,50",1
Área sembrada,"2.883,15",1
Área sembrada,"2.884,00",1
Área sembrada,"2.885,46",1
Área sembrada,"2.887,30",1
Área sembrada,"2.892,00",1
Área sembrada,"2.892,20",1
Área sembrada,"2.893,67",1
Área sembrada,"2.894,44",1
Área sembrada,"2.896,63",1
Área sembrada,"2.898,56",1
Área sembrada,"2.901,00",1
Área sembrada,"2.905,23",1
Área sembrada,"2.906,00",1
Área sembrada,"2.907,80",1
Área sembrada,"2.908,49",1
Área sembrada,"2.910,74",1
Área sembrada,"2.911,23",1
Área sembrada,"2.914,61",1
Área sembrada,"2.915,00",1
Área sembrada,"2.916,61",1
Área sembrada,"2.919,58",1
Área sembrada,"2.922,50",1
Área sembrada,"2.926,00",1
Área sembrada,"2.926,51",1
Área sembrada,"2.927,00",1
Área sembrada,"2.929,00",1
Área sembrada,"2.932,63",1
Área sembrada,"2.938,63",1
Área sembrada,"2.943,00",1
Área sembrada,"2.948,00",1
Área sembrada,"2.948,74",1
Área sembrada,"2.950,00",1
Área sembrada,"2.951,69",1
Área sembrada,"2.953,05",1
Área sembrada,"2.954,00",1
Área sembrada,"2.958,00",1
Área sembrada,"2.958,69",1
Área sembrada,"2.964,00",1
Área sembrada,"2.966,00",1
Área sembrada,"2.971,00",1
Área sembrada,"2.973,00",1
Área sembrada,"2.973,50",1
Área sembrada,"2.978,00",1
Área sembrada,"2.979,00",1
Área sembrada,"2.979,60",1
Área sembrada,"2.981,00",1
Área sembrada,"2.981,49",1
Área sembrada,"2.982,14",1
Área sembrada,"2.983,96",1
Área sembrada,"2.989,00",1
Área sembrada,"2.990,00",1
Área sembrada,"2.992,00",1
Área sembrada,"2.996,10",1
Área sembrada,"20.213,00",1
Área sembrada,"20.968,00",1
Área sembrada,"20.988,00",1
Área sembrada,"21.103,00",1
Área sembrada,"21.303,00",1
Área sembrada,"21.544,00",1
Área sembrada,"21.703,00",1
Área sembrada,"21.900,00",1
Área sembrada,"21.968,00",1
Área sembrada,"22.268,00",1
Área sembrada,"22.565,00",1
Área sembrada,"22.707,00",1
Área sembrada,"23.865,00",1
Área sembrada,"23.996,00",1
Área sembrada,"24.245,00",1
Área sembrada,"24.402,00",1
Área sembrada,"24.691,00",1
Área sembrada,"24.701,00",1
Área sembrada,"24.917,00",1
Área sembrada,"25.140,00",1
Área sembrada,"25.272,00",1
Área sembrada,"25.290,00",1
Área sembrada,"25.404,00",1
Área sembrada,"25.508,00",1
Área sembrada,"25.757,00",1
Área sembrada,"26.381,00",1
Área sembrada,"26.900,00",1
Área sembrada,"27.425,00",1
Área sembrada,"27.717,00",1
Área sembrada,"27.800,00",1
Área sembrada,"27.917,00",1
Área sembrada,"27.997,00",1
Área sembrada,"28.000,00",1
Área sembrada,"28.010,00",1
Área sembrada,"28.147,00",1
Área sembrada,"28.708,00",1
Área sembrada,"29.443,00",1
Área sembrada,"29.498,20",1
Área sembrada,"29.803,00",1
Área sembrada,"3.000,21",1
Área sembrada,"3.002,00",1
Área sembrada,"3.003,00",1
Área sembrada,"3.007,00",1
Área sembrada,"3.007,77",1
Área sembrada,"3.007,82",1
Área sembrada,"3.009,82",1
Área sembrada,"3.010,00",1
Área sembrada,"3.013,00",1
Área sembrada,"3.013,90",1
Área sembrada,"3.016,33",1
Área sembrada,"3.017,00",1
Área sembrada,"3.025,74",1
Área sembrada,"3.028,00",1
Área sembrada,"3.029,00",1
Área sembrada,"3.030,00",1
Área sembrada,"3.037,40",1
Área sembrada,"3.043,00",1
Área sembrada,"3.044,55",1
Área sembrada,"3.045,09",1
Área sembrada,"3.049,41",1
Área sembrada,"3.049,73",1
Área sembrada,"3.051,34",1
Área sembrada,"3.053,00",1
Área sembrada,"3.056,00",1
Área sembrada,"3.056,45",1
Área sembrada,"3.064,00",1
Área sembrada,"3.066,00",1
Área sembrada,"3.067,90",1
Área sembrada,"3.068,95",1
Área sembrada,"3.072,50",1
Área sembrada,"3.073,00",1
Área sembrada,"3.073,11",1
Área sembrada,"3.077,00",1
Área sembrada,"3.077,70",1
Área sembrada,"3.079,00",1
Área sembrada,"3.083,00",1
Área sembrada,"3.091,00",1
Área sembrada,"3.093,00",1
Área sembrada,"3.099,00",1
Área sembrada,"3.100,09",1
Área sembrada,"3.101,09",1
Área sembrada,"3.103,66",1
Área sembrada,"3.107,00",1
Área sembrada,"3.107,22",1
Área sembrada,"3.110,15",1
Área sembrada,"3.111,45",1
Área sembrada,"3.113,00",1
Área sembrada,"3.113,86",1
Área sembrada,"3.114,00",1
Área sembrada,"3.117,62",1
Área sembrada,"3.118,00",1
Área sembrada,"3.120,00",1
Área sembrada,"3.122,00",1
Área sembrada,"3.123,54",1
Área sembrada,"3.126,21",1
Área sembrada,"3.128,00",1
Área sembrada,"3.130,00",1
Área sembrada,"3.134,53",1
Área sembrada,"3.137,00",1
Área sembrada,"3.139,00",1
Área sembrada,"3.145,70",1
Área sembrada,"3.149,00",1
Área sembrada,"3.154,00",1
Área sembrada,"3.159,48",1
Área sembrada,"3.159,50",1
Área sembrada,"3.162,91",1
Área sembrada,"3.163,07",1
Área sembrada,"3.164,00",1
Área sembrada,"3.168,00",1
Área sembrada,"3.169,85",1
Área sembrada,"3.172,10",1
Área sembrada,"3.173,00",1
Área sembrada,"3.180,00",1
Área sembrada,"3.180,94",1
Área sembrada,"3.181,00",1
Área sembrada,"3.185,21",1
Área sembrada,"3.194,00",1
Área sembrada,"3.195,00",1
Área sembrada,"3.198,00",1
Área sembrada,"3.198,95",1
Área sembrada,"3.200,56",1
Área sembrada,"3.202,29",1
Área sembrada,"3.203,00",1
Área sembrada,"3.203,19",1
Área sembrada,"3.204,29",1
Área sembrada,"3.214,00",1
Área sembrada,"3.214,19",1
Área sembrada,"3.215,00",1
Área sembrada,"3.215,98",1
Área sembrada,"3.218,00",1
Área sembrada,"3.220,00",1
Área sembrada,"3.221,00",1
Área sembrada,"3.221,35",1
Área sembrada,"3.223,11",1
Área sembrada,"3.225,00",1
Área sembrada,"3.226,00",1
Área sembrada,"3.230,00",1
Área sembrada,"3.232,23",1
Área sembrada,"3.232,80",1
Área sembrada,"3.233,00",1
Área sembrada,"3.233,46",1
Área sembrada,"3.235,50",1
Área sembrada,"3.236,00",1
Área sembrada,"3.238,00",1
Área sembrada,"3.240,04",1
Área sembrada,"3.240,93",1
Área sembrada,"3.241,74",1
Área sembrada,"3.241,80",1
Área sembrada,"3.245,00",1
Área sembrada,"3.246,91",1
Área sembrada,"3.251,00",1
Área sembrada,"3.252,37",1
Área sembrada,"3.254,00",1
Área sembrada,"3.260,00",1
Área sembrada,"3.267,00",1
Área sembrada,"3.273,39",1
Área sembrada,"3.276,00",1
Área sembrada,"3.276,29",1
Área sembrada,"3.277,99",1
Área sembrada,"3.280,00",1
Área sembrada,"3.284,00",1
Área sembrada,"3.293,51",1
Área sembrada,"3.301,00",1
Área sembrada,"3.303,20",1
Área sembrada,"3.304,51",1
Área sembrada,"3.306,17",1
Área sembrada,"3.309,00",1
Área sembrada,"3.310,50",1
Área sembrada,"3.311,99",1
Área sembrada,"3.312,79",1
Área sembrada,"3.313,00",1
Área sembrada,"3.315,00",1
Área sembrada,"3.320,00",1
Área sembrada,"3.320,02",1
Área sembrada,"3.327,92",1
Área sembrada,"3.328,00",1
Área sembrada,"3.333,37",1
Área sembrada,"3.338,96",1
Área sembrada,"3.341,00",1
Área sembrada,"3.344,00",1
Área sembrada,"3.350,00",1
Área sembrada,"3.351,00",1
Área sembrada,"3.352,00",1
Área sembrada,"3.358,00",1
Área sembrada,"3.362,00",1
Área sembrada,"3.362,20",1
Área sembrada,"3.363,00",1
Área sembrada,"3.363,69",1
Área sembrada,"3.364,30",1
Área sembrada,"3.365,00",1
Área sembrada,"3.366,15",1
Área sembrada,"3.367,00",1
Área sembrada,"3.369,81",1
Área sembrada,"3.376,00",1
Área sembrada,"3.377,18",1
Área sembrada,"3.379,00",1
Área sembrada,"3.380,27",1
Área sembrada,"3.383,00",1
Área sembrada,"3.388,69",1
Área sembrada,"3.389,00",1
Área sembrada,"3.390,00",1
Área sembrada,"3.394,62",1
Área sembrada,"3.395,00",1
Área sembrada,"3.398,10",1
Área sembrada,"3.401,00",1
Área sembrada,"3.405,00",1
Área sembrada,"3.407,00",1
Área sembrada,"3.407,32",1
Área sembrada,"3.409,00",1
Área sembrada,"3.419,80",1
Área sembrada,"3.424,00",1
Área sembrada,"3.426,61",1
Área sembrada,"3.428,00",1
Área sembrada,"3.430,00",1
Área sembrada,"3.434,34",1
Área sembrada,"3.435,02",1
Área sembrada,"3.439,00",1
Área sembrada,"3.442,64",1
Área sembrada,"3.443,00",1
Área sembrada,"3.443,52",1
Área sembrada,"3.446,00",1
Área sembrada,"3.447,00",1
Área sembrada,"3.450,00",1
Área sembrada,"3.451,09",1
Área sembrada,"3.454,00",1
Área sembrada,"3.459,77",1
Área sembrada,"3.464,58",1
Área sembrada,"3.466,00",1
Área sembrada,"3.466,13",1
Área sembrada,"3.469,50",1
Área sembrada,"3.473,32",1
Área sembrada,"3.475,06",1
Área sembrada,"3.479,75",1
Área sembrada,"3.482,00",1
Área sembrada,"3.485,92",1
Área sembrada,"3.487,00",1
Área sembrada,"3.494,21",1
Área sembrada,"3.496,03",1
Área sembrada,"3.504,11",1
Área sembrada,"3.506,00",1
Área sembrada,"3.506,50",1
Área sembrada,"3.508,00",1
Área sembrada,"3.511,00",1
Área sembrada,"3.512,00",1
Área sembrada,"3.513,00",1
Área sembrada,"3.515,07",1
Área sembrada,"3.517,00",1
Área sembrada,"3.524,40",1
Área sembrada,"3.524,68",1
Área sembrada,"3.527,00",1
Área sembrada,"3.535,50",1
Área sembrada,"3.538,00",1
Área sembrada,"3.541,07",1
Área sembrada,"3.543,50",1
Área sembrada,"3.543,72",1
Área sembrada,"3.545,50",1
Área sembrada,"3.545,60",1
Área sembrada,"3.547,00",1
Área sembrada,"3.548,00",1
Área sembrada,"3.551,98",1
Área sembrada,"3.552,27",1
Área sembrada,"3.553,00",1
Área sembrada,"3.555,70",1
Área sembrada,"3.561,97",1
Área sembrada,"3.566,00",1
Área sembrada,"3.567,79",1
Área sembrada,"3.570,00",1
Área sembrada,"3.580,00",1
Área sembrada,"3.580,92",1
Área sembrada,"3.581,00",1
Área sembrada,"3.583,03",1
Área sembrada,"3.584,00",1
Área sembrada,"3.586,00",1
Área sembrada,"3.588,00",1
Área sembrada,"3.593,00",1
Área sembrada,"3.595,00",1
Área sembrada,"3.595,18",1
Área sembrada,"3.596,00",1
Área sembrada,"3.598,00",1
Área sembrada,"3.600,82",1
Área sembrada,"3.603,70",1
Área sembrada,"3.605,94",1
Área sembrada,"3.609,19",1
Área sembrada,"3.610,00",1
Área sembrada,"3.610,71",1
Área sembrada,"3.612,00",1
Área sembrada,"3.614,37",1
Área sembrada,"3.618,00",1
Área sembrada,"3.620,80",1
Área sembrada,"3.626,40",1
Área sembrada,"3.633,90",1
Área sembrada,"3.634,50",1
Área sembrada,"3.636,17",1
Área sembrada,"3.639,00",1
Área sembrada,"3.645,50",1
Área sembrada,"3.647,15",1
Área sembrada,"3.648,00",1
Área sembrada,"3.654,30",1
Área sembrada,"3.654,50",1
Área sembrada,"3.659,00",1
Área sembrada,"3.660,00",1
Área sembrada,"3.662,00",1
Área sembrada,"3.666,96",1
Área sembrada,"3.667,00",1
Área sembrada,"3.669,00",1
Área sembrada,"3.669,88",1
Área sembrada,"3.674,84",1
Área sembrada,"3.675,00",1
Área sembrada,"3.681,19",1
Área sembrada,"3.682,80",1
Área sembrada,"3.683,00",1
Área sembrada,"3.684,00",1
Área sembrada,"3.685,15",1
Área sembrada,"3.688,00",1
Área sembrada,"3.690,00",1
Área sembrada,"3.694,07",1
Área sembrada,"3.694,53",1
Área sembrada,"3.697,20",1
Área sembrada,"3.704,30",1
Área sembrada,"3.706,00",1
Área sembrada,"3.707,20",1
Área sembrada,"3.710,00",1
Área sembrada,"3.715,05",1
Área sembrada,"3.718,00",1
Área sembrada,"3.727,00",1
Área sembrada,"3.730,00",1
Área sembrada,"3.736,46",1
Área sembrada,"3.737,00",1
Área sembrada,"3.737,23",1
Área sembrada,"3.738,00",1
Área sembrada,"3.740,00",1
Área sembrada,"3.743,59",1
Área sembrada,"3.747,81",1
Área sembrada,"3.751,00",1
Área sembrada,"3.754,00",1
Área sembrada,"3.760,00",1
Área sembrada,"3.764,33",1
Área sembrada,"3.769,41",1
Área sembrada,"3.770,00",1
Área sembrada,"3.782,00",1
Área sembrada,"3.782,93",1
Área sembrada,"3.783,20",1
Área sembrada,"3.784,00",1
Área sembrada,"3.793,00",1
Área sembrada,"3.795,66",1
Área sembrada,"3.801,83",1
Área sembrada,"3.807,00",1
Área sembrada,"3.807,62",1
Área sembrada,"3.812,00",1
Área sembrada,"3.814,00",1
Área sembrada,"3.817,00",1
Área sembrada,"3.826,00",1
Área sembrada,"3.828,00",1
Área sembrada,"3.831,00",1
Área sembrada,"3.839,34",1
Área sembrada,"3.857,00",1
Área sembrada,"3.864,06",1
Área sembrada,"3.864,18",1
Área sembrada,"3.867,00",1
Área sembrada,"3.886,00",1
Área sembrada,"3.890,02",1
Área sembrada,"3.892,95",1
Área sembrada,"3.898,00",1
Área sembrada,"3.906,00",1
Área sembrada,"3.909,00",1
Área sembrada,"3.912,00",1
Área sembrada,"3.915,60",1
Área sembrada,"3.917,86",1
Área sembrada,"3.933,00",1
Área sembrada,"3.941,00",1
Área sembrada,"3.945,00",1
Área sembrada,"3.951,98",1
Área sembrada,"3.965,00",1
Área sembrada,"3.967,00",1
Área sembrada,"3.978,00",1
Área sembrada,"3.982,00",1
Área sembrada,"3.983,00",1
Área sembrada,"3.985,00",1
Área sembrada,"3.988,00",1
Área sembrada,"3.989,00",1
Área sembrada,"3.992,74",1
Área sembrada,"3.994,28",1
Área sembrada,"3.995,00",1
Área sembrada,"30.199,00",1
Área sembrada,"30.322,00",1
Área sembrada,"30.903,00",1
Área sembrada,"31.290,00",1
Área sembrada,"31.628,00",1
Área sembrada,"32.097,00",1
Área sembrada,"32.727,00",1
Área sembrada,"32.756,00",1
Área sembrada,"32.829,00",1
Área sembrada,"34.018,00",1
Área sembrada,"35.070,00",1
Área sembrada,"35.500,00",1
Área sembrada,"35.958,00",1
Área sembrada,"36.000,00",1
Área sembrada,"37.000,00",1
Área sembrada,"37.418,00",1
Área sembrada,"38.702,00",1
Área sembrada,"4.000,20",1
Área sembrada,"4.009,19",1
Área sembrada,"4.011,00",1
Área sembrada,"4.012,00",1
Área sembrada,"4.016,57",1
Área sembrada,"4.020,00",1
Área sembrada,"4.021,23",1
Área sembrada,"4.022,00",1
Área sembrada,"4.022,93",1
Área sembrada,"4.023,00",1
Área sembrada,"4.025,00",1
Área sembrada,"4.027,44",1
Área sembrada,"4.031,00",1
Área sembrada,"4.033,00",1
Área sembrada,"4.034,27",1
Área sembrada,"4.037,99",1
Área sembrada,"4.044,00",1
Área sembrada,"4.050,00",1
Área sembrada,"4.058,00",1
Área sembrada,"4.059,60",1
Área sembrada,"4.060,00",1
Área sembrada,"4.063,00",1
Área sembrada,"4.064,07",1
Área sembrada,"4.067,00",1
Área sembrada,"4.073,00",1
Área sembrada,"4.080,00",1
Área sembrada,"4.083,00",1
Área sembrada,"4.101,00",1
Área sembrada,"4.101,15",1
Área sembrada,"4.102,00",1
Área sembrada,"4.109,00",1
Área sembrada,"4.115,00",1
Área sembrada,"4.118,00",1
Área sembrada,"4.119,13",1
Área sembrada,"4.127,00",1
Área sembrada,"4.127,65",1
Área sembrada,"4.130,00",1
Área sembrada,"4.137,25",1
Área sembrada,"4.140,00",1
Área sembrada,"4.145,63",1
Área sembrada,"4.149,58",1
Área sembrada,"4.160,00",1
Área sembrada,"4.161,00",1
Área sembrada,"4.171,00",1
Área sembrada,"4.175,00",1
Área sembrada,"4.176,00",1
Área sembrada,"4.176,52",1
Área sembrada,"4.180,00",1
Área sembrada,"4.185,00",1
Área sembrada,"4.188,31",1
Área sembrada,"4.211,01",1
Área sembrada,"4.220,00",1
Área sembrada,"4.223,00",1
Área sembrada,"4.224,00",1
Área sembrada,"4.226,52",1
Área sembrada,"4.238,00",1
Área sembrada,"4.241,52",1
Área sembrada,"4.245,00",1
Área sembrada,"4.245,90",1
Área sembrada,"4.250,00",1
Área sembrada,"4.257,50",1
Área sembrada,"4.267,00",1
Área sembrada,"4.271,00",1
Área sembrada,"4.272,00",1
Área sembrada,"4.277,00",1
Área sembrada,"4.280,36",1
Área sembrada,"4.281,00",1
Área sembrada,"4.283,00",1
Área sembrada,"4.283,09",1
Área sembrada,"4.291,00",1
Área sembrada,"4.303,00",1
Área sembrada,"4.305,70",1
Área sembrada,"4.307,00",1
Área sembrada,"4.314,00",1
Área sembrada,"4.316,10",1
Área sembrada,"4.322,00",1
Área sembrada,"4.322,80",1
Área sembrada,"4.323,59",1
Área sembrada,"4.324,00",1
Área sembrada,"4.324,02",1
Área sembrada,"4.327,40",1
Área sembrada,"4.329,00",1
Área sembrada,"4.332,00",1
Área sembrada,"4.338,00",1
Área sembrada,"4.348,00",1
Área sembrada,"4.349,00",1
Área sembrada,"4.355,81",1
Área sembrada,"4.360,00",1
Área sembrada,"4.367,78",1
Área sembrada,"4.370,00",1
Área sembrada,"4.373,48",1
Área sembrada,"4.381,40",1
Área sembrada,"4.382,00",1
Área sembrada,"4.385,00",1
Área sembrada,"4.410,00",1
Área sembrada,"4.411,00",1
Área sembrada,"4.427,49",1
Área sembrada,"4.432,00",1
Área sembrada,"4.439,99",1
Área sembrada,"4.440,00",1
Área sembrada,"4.445,40",1
Área sembrada,"4.445,48",1
Área sembrada,"4.448,33",1
Área sembrada,"4.451,54",1
Área sembrada,"4.460,00",1
Área sembrada,"4.462,48",1
Área sembrada,"4.463,00",1
Área sembrada,"4.464,92",1
Área sembrada,"4.471,31",1
Área sembrada,"4.472,26",1
Área sembrada,"4.495,40",1
Área sembrada,"4.497,50",1
Área sembrada,"4.500,20",1
Área sembrada,"4.502,32",1
Área sembrada,"4.504,12",1
Área sembrada,"4.512,28",1
Área sembrada,"4.512,50",1
Área sembrada,"4.514,00",1
Área sembrada,"4.517,32",1
Área sembrada,"4.517,44",1
Área sembrada,"4.531,49",1
Área sembrada,"4.538,00",1
Área sembrada,"4.539,00",1
Área sembrada,"4.541,83",1
Área sembrada,"4.545,00",1
Área sembrada,"4.550,00",1
Área sembrada,"4.550,57",1
Área sembrada,"4.551,00",1
Área sembrada,"4.556,00",1
Área sembrada,"4.565,08",1
Área sembrada,"4.567,00",1
Área sembrada,"4.569,74",1
Área sembrada,"4.581,00",1
Área sembrada,"4.585,00",1
Área sembrada,"4.588,41",1
Área sembrada,"4.590,00",1
Área sembrada,"4.595,50",1
Área sembrada,"4.596,76",1
Área sembrada,"4.598,50",1
Área sembrada,"4.600,50",1
Área sembrada,"4.604,00",1
Área sembrada,"4.612,30",1
Área sembrada,"4.613,13",1
Área sembrada,"4.622,68",1
Área sembrada,"4.626,00",1
Área sembrada,"4.630,00",1
Área sembrada,"4.631,00",1
Área sembrada,"4.636,00",1
Área sembrada,"4.638,00",1
Área sembrada,"4.643,00",1
Área sembrada,"4.646,38",1
Área sembrada,"4.648,50",1
Área sembrada,"4.655,50",1
Área sembrada,"4.662,15",1
Área sembrada,"4.666,00",1
Área sembrada,"4.672,93",1
Área sembrada,"4.673,00",1
Área sembrada,"4.680,00",1
Área sembrada,"4.684,00",1
Área sembrada,"4.689,88",1
Área sembrada,"4.698,00",1
Área sembrada,"4.700,20",1
Área sembrada,"4.702,00",1
Área sembrada,"4.710,72",1
Área sembrada,"4.712,40",1
Área sembrada,"4.716,00",1
Área sembrada,"4.725,00",1
Área sembrada,"4.726,80",1
Área sembrada,"4.729,00",1
Área sembrada,"4.733,90",1
Área sembrada,"4.737,09",1
Área sembrada,"4.746,00",1
Área sembrada,"4.746,67",1
Área sembrada,"4.751,00",1
Área sembrada,"4.759,67",1
Área sembrada,"4.765,43",1
Área sembrada,"4.767,60",1
Área sembrada,"4.768,00",1
Área sembrada,"4.768,23",1
Área sembrada,"4.778,01",1
Área sembrada,"4.778,52",1
Área sembrada,"4.780,00",1
Área sembrada,"4.781,70",1
Área sembrada,"4.782,00",1
Área sembrada,"4.787,57",1
Área sembrada,"4.789,00",1
Área sembrada,"4.790,80",1
Área sembrada,"4.795,80",1
Área sembrada,"4.801,00",1
Área sembrada,"4.804,00",1
Área sembrada,"4.812,00",1
Área sembrada,"4.812,40",1
Área sembrada,"4.814,37",1
Área sembrada,"4.816,00",1
Área sembrada,"4.823,02",1
Área sembrada,"4.838,64",1
Área sembrada,"4.842,66",1
Área sembrada,"4.845,80",1
Área sembrada,"4.850,82",1
Área sembrada,"4.859,00",1
Área sembrada,"4.859,50",1
Área sembrada,"4.861,40",1
Área sembrada,"4.870,20",1
Área sembrada,"4.872,70",1
Área sembrada,"4.873,40",1
Área sembrada,"4.875,80",1
Área sembrada,"4.887,30",1
Área sembrada,"4.888,73",1
Área sembrada,"4.895,80",1
Área sembrada,"4.897,22",1
Área sembrada,"4.903,10",1
Área sembrada,"4.903,50",1
Área sembrada,"4.904,00",1
Área sembrada,"4.907,74",1
Área sembrada,"4.915,70",1
Área sembrada,"4.920,00",1
Área sembrada,"4.922,00",1
Área sembrada,"4.929,77",1
Área sembrada,"4.930,41",1
Área sembrada,"4.932,82",1
Área sembrada,"4.933,00",1
Área sembrada,"4.936,00",1
Área sembrada,"4.941,20",1
Área sembrada,"4.943,07",1
Área sembrada,"4.946,24",1
Área sembrada,"4.949,00",1
Área sembrada,"4.953,70",1
Área sembrada,"4.959,64",1
Área sembrada,"4.964,50",1
Área sembrada,"4.964,70",1
Área sembrada,"4.969,00",1
Área sembrada,"4.970,00",1
Área sembrada,"4.975,00",1
Área sembrada,"4.980,31",1
Área sembrada,"4.980,62",1
Área sembrada,"4.993,33",1
Área sembrada,"4.997,02",1
Área sembrada,"4.998,00",1
Área sembrada,"40.000,00",1
Área sembrada,"45.000,00",1
Área sembrada,"46.307,00",1
Área sembrada,"46.350,00",1
Área sembrada,"5.009,22",1
Área sembrada,"5.012,00",1
Área sembrada,"5.014,06",1
Área sembrada,"5.016,00",1
Área sembrada,"5.024,62",1
Área sembrada,"5.025,00",1
Área sembrada,"5.028,60",1
Área sembrada,"5.030,00",1
Área sembrada,"5.031,00",1
Área sembrada,"5.033,00",1
Área sembrada,"5.038,00",1
Área sembrada,"5.050,00",1
Área sembrada,"5.067,00",1
Área sembrada,"5.072,14",1
Área sembrada,"5.084,00",1
Área sembrada,"5.085,00",1
Área sembrada,"5.092,33",1
Área sembrada,"5.095,00",1
Área sembrada,"5.095,33",1
Área sembrada,"5.102,00",1
Área sembrada,"5.103,10",1
Área sembrada,"5.110,00",1
Área sembrada,"5.111,00",1
Área sembrada,"5.120,00",1
Área sembrada,"5.120,51",1
Área sembrada,"5.121,46",1
Área sembrada,"5.125,79",1
Área sembrada,"5.126,60",1
Área sembrada,"5.130,00",1
Área sembrada,"5.131,00",1
Área sembrada,"5.134,40",1
Área sembrada,"5.150,00",1
Área sembrada,"5.163,00",1
Área sembrada,"5.170,30",1
Área sembrada,"5.170,40",1
Área sembrada,"5.172,00",1
Área sembrada,"5.173,00",1
Área sembrada,"5.175,55",1
Área sembrada,"5.180,00",1
Área sembrada,"5.180,81",1
Área sembrada,"5.187,30",1
Área sembrada,"5.198,00",1
Área sembrada,"5.198,74",1
Área sembrada,"5.200,30",1
Área sembrada,"5.202,00",1
Área sembrada,"5.203,28",1
Área sembrada,"5.220,00",1
Área sembrada,"5.226,60",1
Área sembrada,"5.230,00",1
Área sembrada,"5.237,74",1
Área sembrada,"5.242,00",1
Área sembrada,"5.243,00",1
Área sembrada,"5.248,76",1
Área sembrada,"5.248,89",1
Área sembrada,"5.252,59",1
Área sembrada,"5.253,18",1
Área sembrada,"5.259,49",1
Área sembrada,"5.259,98",1
Área sembrada,"5.264,39",1
Área sembrada,"5.265,00",1
Área sembrada,"5.284,00",1
Área sembrada,"5.290,17",1
Área sembrada,"5.292,01",1
Área sembrada,"5.298,05",1
Área sembrada,"5.305,04",1
Área sembrada,"5.307,30",1
Área sembrada,"5.310,00",1
Área sembrada,"5.310,10",1
Área sembrada,"5.311,00",1
Área sembrada,"5.315,14",1
Área sembrada,"5.320,00",1
Área sembrada,"5.325,00",1
Área sembrada,"5.334,95",1
Área sembrada,"5.350,57",1
Área sembrada,"5.360,94",1
Área sembrada,"5.362,30",1
Área sembrada,"5.364,14",1
Área sembrada,"5.365,94",1
Área sembrada,"5.372,62",1
Área sembrada,"5.392,00",1
Área sembrada,"5.401,55",1
Área sembrada,"5.425,00",1
Área sembrada,"5.428,00",1
Área sembrada,"5.440,00",1
Área sembrada,"5.444,93",1
Área sembrada,"5.450,00",1
Área sembrada,"5.451,00",1
Área sembrada,"5.456,19",1
Área sembrada,"5.460,00",1
Área sembrada,"5.467,00",1
Área sembrada,"5.473,00",1
Área sembrada,"5.484,00",1
Área sembrada,"5.487,97",1
Área sembrada,"5.490,00",1
Área sembrada,"5.492,00",1
Área sembrada,"5.493,00",1
Área sembrada,"5.495,00",1
Área sembrada,"5.501,00",1
Área sembrada,"5.506,72",1
Área sembrada,"5.509,72",1
Área sembrada,"5.520,00",1
Área sembrada,"5.524,00",1
Área sembrada,"5.534,60",1
Área sembrada,"5.536,77",1
Área sembrada,"5.540,00",1
Área sembrada,"5.542,00",1
Área sembrada,"5.546,18",1
Área sembrada,"5.564,00",1
Área sembrada,"5.571,00",1
Área sembrada,"5.580,00",1
Área sembrada,"5.592,00",1
Área sembrada,"5.592,72",1
Área sembrada,"5.594,00",1
Área sembrada,"5.599,45",1
Área sembrada,"5.600,17",1
Área sembrada,"5.610,00",1
Área sembrada,"5.620,00",1
Área sembrada,"5.623,00",1
Área sembrada,"5.625,00",1
Área sembrada,"5.626,17",1
Área sembrada,"5.634,05",1
Área sembrada,"5.637,00",1
Área sembrada,"5.638,70",1
Área sembrada,"5.640,00",1
Área sembrada,"5.651,30",1
Área sembrada,"5.656,00",1
Área sembrada,"5.657,20",1
Área sembrada,"5.665,00",1
Área sembrada,"5.670,40",1
Área sembrada,"5.675,89",1
Área sembrada,"5.682,85",1
Área sembrada,"5.685,00",1
Área sembrada,"5.694,70",1
Área sembrada,"5.696,00",1
Área sembrada,"5.697,85",1
Área sembrada,"5.704,04",1
Área sembrada,"5.709,70",1
Área sembrada,"5.743,00",1
Área sembrada,"5.756,10",1
Área sembrada,"5.760,85",1
Área sembrada,"5.761,00",1
Área sembrada,"5.762,85",1
Área sembrada,"5.779,30",1
Área sembrada,"5.799,71",1
Área sembrada,"5.800,00",1
Área sembrada,"5.805,00",1
Área sembrada,"5.814,00",1
Área sembrada,"5.823,00",1
Área sembrada,"5.838,28",1
Área sembrada,"5.847,00",1
Área sembrada,"5.850,00",1
Área sembrada,"5.858,00",1
Área sembrada,"5.873,00",1
Área sembrada,"5.878,00",1
Área sembrada,"5.885,59",1
Área sembrada,"5.900,00",1
Área sembrada,"5.903,28",1
Área sembrada,"5.909,24",1
Área sembrada,"5.914,95",1
Área sembrada,"5.915,00",1
Área sembrada,"5.935,10",1
Área sembrada,"5.936,14",1
Área sembrada,"5.958,00",1
Área sembrada,"5.975,00",1
Área sembrada,"5.983,00",1
Área sembrada,"5.989,52",1
Área sembrada,"57.000,00",1
Área sembrada,"6.020,00",1
Área sembrada,"6.030,00",1
Área sembrada,"6.041,10",1
Área sembrada,"6.049,00",1
Área sembrada,"6.058,00",1
Área sembrada,"6.070,69",1
Área sembrada,"6.071,39",1
Área sembrada,"6.073,83",1
Área sembrada,"6.074,10",1
Área sembrada,"6.074,69",1
Área sembrada,"6.088,00",1
Área sembrada,"6.121,12",1
Área sembrada,"6.122,00",1
Área sembrada,"6.139,70",1
Área sembrada,"6.154,67",1
Área sembrada,"6.164,00",1
Área sembrada,"6.197,00",1
Área sembrada,"6.230,00",1
Área sembrada,"6.233,33",1
Área sembrada,"6.250,00",1
Área sembrada,"6.253,42",1
Área sembrada,"6.260,63",1
Área sembrada,"6.269,00",1
Área sembrada,"6.272,00",1
Área sembrada,"6.281,00",1
Área sembrada,"6.283,07",1
Área sembrada,"6.304,00",1
Área sembrada,"6.315,40",1
Área sembrada,"6.322,92",1
Área sembrada,"6.335,00",1
Área sembrada,"6.342,83",1
Área sembrada,"6.349,00",1
Área sembrada,"6.363,15",1
Área sembrada,"6.381,00",1
Área sembrada,"6.383,00",1
Área sembrada,"6.392,16",1
Área sembrada,"6.430,00",1
Área sembrada,"6.439,20",1
Área sembrada,"6.450,00",1
Área sembrada,"6.472,00",1
Área sembrada,"6.486,85",1
Área sembrada,"6.488,92",1
Área sembrada,"6.510,00",1
Área sembrada,"6.523,48",1
Área sembrada,"6.561,39",1
Área sembrada,"6.587,53",1
Área sembrada,"6.595,39",1
Área sembrada,"6.620,00",1
Área sembrada,"6.641,93",1
Área sembrada,"6.648,35",1
Área sembrada,"6.690,26",1
Área sembrada,"6.695,41",1
Área sembrada,"6.700,00",1
Área sembrada,"6.704,72",1
Área sembrada,"6.710,00",1
Área sembrada,"6.719,00",1
Área sembrada,"6.730,80",1
Área sembrada,"6.734,78",1
Área sembrada,"6.737,87",1
Área sembrada,"6.741,82",1
Área sembrada,"6.752,16",1
Área sembrada,"6.753,00",1
Área sembrada,"6.756,22",1
Área sembrada,"6.763,26",1
Área sembrada,"6.767,00",1
Área sembrada,"6.768,00",1
Área sembrada,"6.787,10",1
Área sembrada,"6.793,00",1
Área sembrada,"6.802,17",1
Área sembrada,"6.813,00",1
Área sembrada,"6.816,20",1
Área sembrada,"6.822,22",1
Área sembrada,"6.824,09",1
Área sembrada,"6.828,00",1
Área sembrada,"6.830,00",1
Área sembrada,"6.835,00",1
Área sembrada,"6.847,30",1
Área sembrada,"6.849,00",1
Área sembrada,"6.850,00",1
Área sembrada,"6.858,00",1
Área sembrada,"6.873,00",1
Área sembrada,"6.894,00",1
Área sembrada,"6.909,00",1
Área sembrada,"6.910,00",1
Área sembrada,"6.932,05",1
Área sembrada,"6.936,00",1
Área sembrada,"6.938,99",1
Área sembrada,"6.970,00",1
Área sembrada,"6.990,00",1
Área sembrada,"60.000,00",1
Área sembrada,"7.010,00",1
Área sembrada,"7.023,00",1
Área sembrada,"7.029,00",1
Área sembrada,"7.051,03",1
Área sembrada,"7.062,42",1
Área sembrada,"7.065,88",1
Área sembrada,"7.075,00",1
Área sembrada,"7.080,00",1
Área sembrada,"7.082,00",1
Área sembrada,"7.100,00",1
Área sembrada,"7.112,80",1
Área sembrada,"7.129,02",1
Área sembrada,"7.131,80",1
Área sembrada,"7.139,00",1
Área sembrada,"7.146,05",1
Área sembrada,"7.162,52",1
Área sembrada,"7.177,57",1
Área sembrada,"7.185,00",1
Área sembrada,"7.213,50",1
Área sembrada,"7.223,46",1
Área sembrada,"7.230,00",1
Área sembrada,"7.245,68",1
Área sembrada,"7.253,60",1
Área sembrada,"7.257,00",1
Área sembrada,"7.267,57",1
Área sembrada,"7.270,00",1
Área sembrada,"7.301,91",1
Área sembrada,"7.320,00",1
Área sembrada,"7.327,00",1
Área sembrada,"7.330,00",1
Área sembrada,"7.340,00",1
Área sembrada,"7.351,19",1
Área sembrada,"7.351,79",1
Área sembrada,"7.359,18",1
Área sembrada,"7.366,00",1
Área sembrada,"7.379,00",1
Área sembrada,"7.381,00",1
Área sembrada,"7.400,00",1
Área sembrada,"7.409,00",1
Área sembrada,"7.418,00",1
Área sembrada,"7.420,00",1
Área sembrada,"7.421,94",1
Área sembrada,"7.424,00",1
Área sembrada,"7.427,00",1
Área sembrada,"7.437,05",1
Área sembrada,"7.470,00",1
Área sembrada,"7.475,54",1
Área sembrada,"7.481,00",1
Área sembrada,"7.488,20",1
Área sembrada,"7.490,00",1
Área sembrada,"7.492,90",1
Área sembrada,"7.493,34",1
Área sembrada,"7.510,00",1
Área sembrada,"7.514,16",1
Área sembrada,"7.543,12",1
Área sembrada,"7.550,40",1
Área sembrada,"7.560,00",1
Área sembrada,"7.567,00",1
Área sembrada,"7.580,00",1
Área sembrada,"7.589,48",1
Área sembrada,"7.594,00",1
Área sembrada,"7.612,00",1
Área sembrada,"7.625,00",1
Área sembrada,"7.659,00",1
Área sembrada,"7.672,73",1
Área sembrada,"7.675,00",1
Área sembrada,"7.692,63",1
Área sembrada,"7.703,00",1
Área sembrada,"7.705,00",1
Área sembrada,"7.705,30",1
Área sembrada,"7.707,12",1
Área sembrada,"7.707,99",1
Área sembrada,"7.712,19",1
Área sembrada,"7.713,69",1
Área sembrada,"7.721,00",1
Área sembrada,"7.786,00",1
Área sembrada,"7.798,00",1
Área sembrada,"7.829,00",1
Área sembrada,"7.830,00",1
Área sembrada,"7.846,35",1
Área sembrada,"7.889,20",1
Área sembrada,"7.933,00",1
Área sembrada,"7.965,00",1
Área sembrada,"7.973,69",1
Área sembrada,"7.985,00",1
Área sembrada,"70.200,00",1
Área sembrada,"77.630,00",1
Área sembrada,"8.009,60",1
Área sembrada,"8.010,00",1
Área sembrada,"8.077,72",1
Área sembrada,"8.104,00",1
Área sembrada,"8.110,00",1
Área sembrada,"8.141,03",1
Área sembrada,"8.154,00",1
Área sembrada,"8.155,00",1
Área sembrada,"8.161,00",1
Área sembrada,"8.171,06",1
Área sembrada,"8.179,00",1
Área sembrada,"8.213,10",1
Área sembrada,"8.217,53",1
Área sembrada,"8.221,80",1
Área sembrada,"8.260,80",1
Área sembrada,"8.265,00",1
Área sembrada,"8.265,24",1
Área sembrada,"8.300,83",1
Área sembrada,"8.303,63",1
Área sembrada,"8.307,00",1
Área sembrada,"8.347,00",1
Área sembrada,"8.348,56",1
Área sembrada,"8.424,00",1
Área sembrada,"8.452,08",1
Área sembrada,"8.458,00",1
Área sembrada,"8.474,00",1
Área sembrada,"8.496,00",1
Área sembrada,"8.500,42",1
Área sembrada,"8.510,70",1
Área sembrada,"8.540,91",1
Área sembrada,"8.542,00",1
Área sembrada,"8.553,23",1
Área sembrada,"8.575,91",1
Área sembrada,"8.600,00",1
Área sembrada,"8.606,00",1
Área sembrada,"8.648,91",1
Área sembrada,"8.649,44",1
Área sembrada,"8.654,00",1
Área sembrada,"8.656,60",1
Área sembrada,"8.658,00",1
Área sembrada,"8.675,00",1
Área sembrada,"8.725,00",1
Área sembrada,"8.758,00",1
Área sembrada,"8.776,00",1
Área sembrada,"8.796,00",1
Área sembrada,"8.804,80",1
Área sembrada,"8.820,61",1
Área sembrada,"8.842,78",1
Área sembrada,"8.848,91",1
Área sembrada,"8.849,00",1
Área sembrada,"8.888,00",1
Área sembrada,"8.922,05",1
Área sembrada,"8.941,00",1
Área sembrada,"8.950,00",1
Área sembrada,"8.984,00",1
Área sembrada,"8.993,49",1
Área sembrada,"8.995,00",1
Área sembrada,"9.043,00",1
Área sembrada,"9.048,01",1
Área sembrada,"9.063,00",1
Área sembrada,"9.098,91",1
Área sembrada,"9.112,00",1
Área sembrada,"9.123,00",1
Área sembrada,"9.135,73",1
Área sembrada,"9.193,21",1
Área sembrada,"9.194,99",1
Área sembrada,"9.199,21",1
Área sembrada,"9.203,21",1
Área sembrada,"9.206,38",1
Área sembrada,"9.217,00",1
Área sembrada,"9.226,00",1
Área sembrada,"9.231,00",1
Área sembrada,"9.241,00",1
Área sembrada,"9.248,00",1
Área sembrada,"9.300,00",1
Área sembrada,"9.333,73",1
Área sembrada,"9.344,97",1
Área sembrada,"9.371,00",1
Área sembrada,"9.405,83",1
Área sembrada,"9.413,79",1
Área sembrada,"9.424,00",1
Área sembrada,"9.441,00",1
Área sembrada,"9.472,43",1
Área sembrada,"9.488,00",1
Área sembrada,"9.533,76",1
Área sembrada,"9.534,70",1
Área sembrada,"9.547,00",1
Área sembrada,"9.616,00",1
Área sembrada,"9.650,00",1
Área sembrada,"9.660,80",1
Área sembrada,"9.668,80",1
Área sembrada,"9.692,00",1
Área sembrada,"9.733,00",1
Área sembrada,"9.733,55",1
Área sembrada,"9.750,00",1
Área sembrada,"9.793,00",1
Área sembrada,"9.804,00",1
Área sembrada,"9.815,00",1
Área sembrada,"9.850,00",1
Área sembrada,"9.902,00",1
Área sembrada,"9.904,52",1
Área sembrada,"9.939,00",1
Área sembrada,"9.998,00",1
