Código Dane departamento,Departamento,Código Dane municipio,Municipio,Grupo cultivo,Subgrupo,Cultivo,Desagregación cultivo,Año,Periodo,Ciclo del cultivo,Área sembrada,Área cosechada,Producción,Rendimiento,Código del cultivo,area_sembrada_num,area_cosechada_num,produccion_num,rendimiento_num
05,Antioquia,05004,Abriaquí,Raíces y tubérculos,Raíces y tubérculos,Yuca,Yuca consumo en fresco,2022,2022B,Transitorio,"0,00","3,00","12,00","4,00",1081001,0.0,3.0,12.0,4.0
05,Antioquia,05030,Amagá,Hortalizas,Hortalizas de tallo,Cebolla de rama,Cebolla de rama,2024,2024B,Transitorio,"0,00","2,00","22,60","11,30",1051200,0.0,2.0,22.6,11.3
05,Antioquia,05030,Amagá,Leguminosas,Leguminosas,Frijol,Frijol,2023,2023B,Transitorio,"0,00","6,80","8,16","1,20",1060200,0.0,6.8,8.16,1.2
05,Antioquia,05030,Amagá,Raíces y tubérculos,Raíces y tubérculos,Yuca,Yuca consumo en fresco,2022,2022B,Transitorio,"0,00","15,00","225,00","15,00",1081001,0.0,15.0,225.0,15.0
05,Antioquia,05030,Amagá,Raíces y tubérculos,Raíces y tubérculos,Yuca,Yuca consumo en fresco,2023,2023B,Transitorio,"0,00","13,50","202,50","15,00",1081001,0.0,13.5,202.5,15.0
05,Antioquia,05031,Amalfi,Cereales,Cereales,Maíz,Maíz amarillo tradicional,2022,2022B,Transitorio,"0,00","100,00","110,00","1,10",1010402,0.0,100.0,110.0,1.1
05,Antioquia,05031,Amalfi,Cereales,Cereales,Maíz,Maíz amarillo tradicional,2023,2023B,Transitorio,"0,00","140,00","154,00","1,10",1010402,0.0,140.0,154.0,1.1
05,Antioquia,05031,Amalfi,Cereales,Cereales,Maíz,Maíz amarillo tradicional,2024,2024B,Transitorio,"0,00","160,00","176,00","1,10",1010402,0.0,160.0,176.0,1.1
05,Antioquia,05031,Amalfi,Cereales,Cereales,Maíz,Maíz amarillo tradicional,2025,2025B,Transitorio,"0,00","158,00","173,80","1,10",1010402,0.0,158.0,173.8,1.1
05,Antioquia,05038,Angostura,Raíces y tubérculos,Raíces y tubérculos,Yuca,Yuca consumo en fresco,2024,2024B,Transitorio,"0,00","0,50","2,50","5,00",1081001,0.0,0.5,2.5,5.0
05,Antioquia,05040,Anorí,Cereales,Cereales,Maíz,Maíz blanco tradicional,2024,2024B,Transitorio,"0,00","12,00","9,00","0,75",1010404,0.0,12.0,9.0,0.75
05,Antioquia,05042,Santa Fé de Antioquia,Leguminosas,Leguminosas,Frijol,Frijol,2023,2023B,Transitorio,"0,00","12,00","16,80","1,40",1060200,0.0,12.0,16.8,1.4
05,Antioquia,05042,Santa Fé de Antioquia,Leguminosas,Leguminosas,Frijol,Frijol,2024,2024B,Transitorio,"0,00","12,00","16,80","1,40",1060200,0.0,12.0,16.8,1.4
05,Antioquia,05042,Santa Fé de Antioquia,Leguminosas,Leguminosas,Frijol,Frijol,2025,2025B,Transitorio,"0,00","11,50","16,10","1,40",1060200,0.0,11.5,16.1,1.4
05,Antioquia,05042,Santa Fé de Antioquia,Cereales,Cereales,Maíz,Maíz amarillo tradicional,2023,2023B,Transitorio,"0,00","12,00","14,40","1,20",1010402,0.0,12.0,14.4,1.2
05,Antioquia,05042,Santa Fé de Antioquia,Cereales,Cereales,Maíz,Maíz amarillo tradicional,2024,2024B,Transitorio,"0,00","12,00","14,40","1,20",1010402,0.0,12.0,14.4,1.2
05,Antioquia,05042,Santa Fé de Antioquia,Cereales,Cereales,Maíz,Maíz amarillo tradicional,2025,2025B,Transitorio,"0,00","14,00","16,80","1,20",1010402,0.0,14.0,16.8,1.2
05,Antioquia,05042,Santa Fé de Antioquia,Hortalizas,Hortalizas de fruto,Tomate,Tomate invernadero,2024,2024B,Transitorio,"0,00","1,00","50,00","50,00",1052902,0.0,1.0,50.0,50.0
05,Antioquia,05045,Apartadó,Raíces y tubérculos,Raíces y tubérculos,Yuca,Yuca consumo en fresco,2022,2022B,Transitorio,"0,00","394,00","4.334,00","11,00",1081001,0.0,394.0,4334.0,11.0
05,Antioquia,05045,Apartadó,Raíces y tubérculos,Raíces y tubérculos,Yuca,Yuca consumo en fresco,2023,2023B,Transitorio,"0,00","526,00","5.786,00","11,00",1081001,0.0,526.0,5786.0,11.0
05,Antioquia,05045,Apartadó,Raíces y tubérculos,Raíces y tubérculos,Yuca,Yuca consumo en fresco,2024,2024B,Transitorio,"0,00","448,00","4.928,00","11,00",1081001,0.0,448.0,4928.0,11.0
05,Antioquia,05045,Apartadó,Raíces y tubérculos,Raíces y tubérculos,Yuca,Yuca consumo en fresco,2025,2025B,Transitorio,"0,00","277,20","3.049,20","11,00",1081001,0.0,277.2,3049.2,11.0
05,Antioquia,05051,Arboletes,Raíces y tubérculos,Raíces y tubérculos,Ñame,Ñame demás variedades,2022,2022A,Transitorio,"0,00","309,00","4.326,00","14,00",1080699,0.0,309.0,4326.0,14.0
05,Antioquia,05051,Arboletes,Raíces y tubérculos,Raíces y tubérculos,Ñame,Ñame demás variedades,2023,2023A,Transitorio,"0,00","378,00","5.292,00","14,00",1080699,0.0,378.0,5292.0,14.0
05,Antioquia,05051,Arboletes,Raíces y tubérculos,Raíces y tubérculos,Yuca,Yuca consumo en fresco,2022,2022A,Transitorio,"0,00","400,00","6.000,00","15,00",1081001,0.0,400.0,6000.0,15.0
05,Antioquia,05051,Arboletes,Raíces y tubérculos,Raíces y tubérculos,Yuca,Yuca consumo en fresco,2023,2023A,Transitorio,"0,00","529,00","7.935,00","15,00",1081001,0.0,529.0,7935.0,15.0
05,Antioquia,05055,Argelia,Raíces y tubérculos,Raíces y tubérculos,Yuca,Yuca consumo en fresco,2022,2022B,Transitorio,"0,00","33,00","231,00","7,00",1081001,0.0,33.0,231.0,7.0
05,Antioquia,05055,Argelia,Raíces y tubérculos,Raíces y tubérculos,Yuca,Yuca consumo en fresco,2023,2023B,Transitorio,"0,00","37,50","262,50","7,00",1081001,0.0,37.5,262.5,7.0
05,Antioquia,05055,Argelia,Raíces y tubérculos,Raíces y tubérculos,Yuca,Yuca consumo en fresco,2024,2024B,Transitorio,"0,00","8,00","56,00","7,00",1081001,0.0,8.0,56.0,7.0
05,Antioquia,05086,Belmira,Cereales,Cereales,Maíz,Maíz blanco tradicional,2025,2025A,Transitorio,"0,00","20,00","40,00","2,00",1010404,0.0,20.0,40.0,2.0
05,Antioquia,05086,Belmira,Raíces y tubérculos,Raíces y tubérculos,Papa,Papa criolla,2025,2025A,Transitorio,"0,00","50,00","450,00","9,00",1080702,0.0,50.0,450.0,9.0
05,Antioquia,05091,Betania,Raíces y tubérculos,Raíces y tubérculos,Yuca,Yuca consumo en fresco,2022,2022A,Transitorio,"0,00","8,00","144,00","18,00",1081001,0.0,8.0,144.0,18.0
05,Antioquia,05091,Betania,Raíces y tubérculos,Raíces y tubérculos,Yuca,Yuca consumo en fresco,2023,2023A,Transitorio,"0,00","5,00","75,00","15,00",1081001,0.0,5.0,75.0,15.0
05,Antioquia,05093,Betulia,Leguminosas,Leguminosas,Frijol,Frijol,2022,2022B,Transitorio,"0,00","19,00","13,30","0,70",1060200,0.0,19.0,13.3,0.7
05,Antioquia,05093,Betulia,Leguminosas,Leguminosas,Frijol,Frijol,2023,2023B,Transitorio,"0,00","19,00","13,30","0,70",1060200,0.0,19.0,13.3,0.7
05,Antioquia,05093,Betulia,Leguminosas,Leguminosas,Frijol,Frijol,2024,2024B,Transitorio,"0,00","9,00","6,30","0,70",1060200,0.0,9.0,6.3,0.7
05,Antioquia,05093,Betulia,Leguminosas,Leguminosas,Frijol,Frijol,2025,2025B,Transitorio,"0,00","20,00","14,00","0,70",1060200,0.0,20.0,14.0,0.7
05,Antioquia,05093,Betulia,Cereales,Cereales,Maíz,Maíz amarillo tradicional,2022,2022B,Transitorio,"0,00","23,00","57,50","2,50",1010402,0.0,23.0,57.5,2.5
05,Antioquia,05093,Betulia,Cereales,Cereales,Maíz,Maíz amarillo tradicional,2023,2023B,Transitorio,"0,00","23,00","57,50","2,50",1010402,0.0,23.0,57.5,2.5
05,Antioquia,05093,Betulia,Cereales,Cereales,Maíz,Maíz amarillo tradicional,2024,2024B,Transitorio,"0,00","11,00","27,50","2,50",1010402,0.0,11.0,27.5,2.5
05,Antioquia,05093,Betulia,Cereales,Cereales,Maíz,Maíz amarillo tradicional,2025,2025B,Transitorio,"0,00","30,00","75,00","2,50",1010402,0.0,30.0,75.0,2.5
05,Antioquia,05093,Betulia,Raíces y tubérculos,Raíces y tubérculos,Papa,Papa criolla,2022,2022B,Transitorio,"0,00","4,00","10,00","2,50",1080702,0.0,4.0,10.0,2.5
05,Antioquia,05093,Betulia,Raíces y tubérculos,Raíces y tubérculos,Papa,Papa criolla,2023,2023B,Transitorio,"0,00","4,00","12,00","3,00",1080702,0.0,4.0,12.0,3.0
05,Antioquia,05093,Betulia,Raíces y tubérculos,Raíces y tubérculos,Papa,Papa criolla,2024,2024B,Transitorio,"0,00","2,00","6,00","3,00",1080702,0.0,2.0,6.0,3.0
05,Antioquia,05093,Betulia,Raíces y tubérculos,Raíces y tubérculos,Papa,Papa criolla,2025,2025B,Transitorio,"0,00","4,00","12,00","3,00",1080702,0.0,4.0,12.0,3.0
05,Antioquia,05101,Ciudad Bolívar,Raíces y tubérculos,Raíces y tubérculos,Yuca,Yuca consumo en fresco,2022,2022B,Transitorio,"0,00","40,00","480,00","12,00",1081001,0.0,40.0,480.0,12.0
05,Antioquia,05101,Ciudad Bolívar,Raíces y tubérculos,Raíces y tubérculos,Yuca,Yuca consumo en fresco,2023,2023B,Transitorio,"0,00","30,00","300,00","10,00",1081001,0.0,30.0,300.0,10.0
05,Antioquia,05101,Ciudad Bolívar,Raíces y tubérculos,Raíces y tubérculos,Yuca,Yuca consumo en fresco,2024,2024B,Transitorio,"0,00","25,00","300,00","12,00",1081001,0.0,25.0,300.0,12.0
05,Antioquia,05107,Briceño,Cereales,Cereales,Maíz,Maíz blanco tradicional,2022,2022A,Transitorio,"0,00","3,50","3,15","0,90",1010404,0.0,3.5,3.15,0.9
05,Antioquia,05107,Briceño,Raíces y tubérculos,Raíces y tubérculos,Yuca,Yuca consumo en fresco,2022,2022B,Transitorio,"0,00","12,00","36,00","3,00",1081001,0.0,12.0,36.0,3.0
05,Antioquia,05107,Briceño,Raíces y tubérculos,Raíces y tubérculos,Yuca,Yuca consumo en fresco,2023,2023B,Transitorio,"0,00","12,00","60,00","5,00",1081001,0.0,12.0,60.0,5.0
05,Antioquia,05107,Briceño,Raíces y tubérculos,Raíces y tubérculos,Yuca,Yuca consumo en fresco,2024,2024B,Transitorio,"0,00","14,00","70,00","5,00",1081001,0.0,14.0,70.0,5.0
05,Antioquia,05120,Cáceres,Cereales,Cereales,Maíz,Maíz blanco tradicional,2023,2023A,Transitorio,"0,00","127,00","190,50","1,50",1010404,0.0,127.0,190.5,1.5
05,Antioquia,05120,Cáceres,Raíces y tubérculos,Raíces y tubérculos,Ñame,Ñame demás variedades,2023,2023A,Transitorio,"0,00","100,00","1.400,00","14,00",1080699,0.0,100.0,1400.0,14.0
05,Antioquia,05120,Cáceres,Raíces y tubérculos,Raíces y tubérculos,Yuca,Yuca consumo en fresco,2024,2024B,Transitorio,"0,00","750,00","13.500,00","18,00",1081001,0.0,750.0,13500.0,18.0
05,Antioquia,05120,Cáceres,Raíces y tubérculos,Raíces y tubérculos,Yuca,Yuca consumo en fresco,2025,2025B,Transitorio,"0,00","900,00","16.200,00","18,00",1081001,0.0,900.0,16200.0,18.0
05,Antioquia,05125,Caicedo,Raíces y tubérculos,Raíces y tubérculos,Arracacha,Arracacha,2023,2023B,Transitorio,"0,00","0,50","5,00","10,00",1080200,0.0,0.5,5.0,10.0
05,Antioquia,05125,Caicedo,Raíces y tubérculos,Raíces y tubérculos,Arracacha,Arracacha,2024,2024B,Transitorio,"0,00","0,50","5,00","10,00",1080200,0.0,0.5,5.0,10.0
05,Antioquia,05125,Caicedo,Raíces y tubérculos,Raíces y tubérculos,Arracacha,Arracacha,2025,2025B,Transitorio,"0,00","0,50","5,00","10,00",1080200,0.0,0.5,5.0,10.0
05,Antioquia,05142,Caracolí,Raíces y tubérculos,Raíces y tubérculos,Yuca,Yuca consumo en fresco,2022,2022B,Transitorio,"0,00","9,00","54,00","6,00",1081001,0.0,9.0,54.0,6.0
05,Antioquia,05142,Caracolí,Raíces y tubérculos,Raíces y tubérculos,Yuca,Yuca consumo en fresco,2023,2023B,Transitorio,"0,00","9,00","56,70","6,30",1081001,0.0,9.0,56.7,6.3
05,Antioquia,05142,Caracolí,Raíces y tubérculos,Raíces y tubérculos,Yuca,Yuca consumo en fresco,2024,2024B,Transitorio,"0,00","9,00","56,70","6,30",1081001,0.0,9.0,56.7,6.3
05,Antioquia,05142,Caracolí,Raíces y tubérculos,Raíces y tubérculos,Yuca,Yuca consumo en fresco,2025,2025B,Transitorio,"0,00","5,00","31,50","6,30",1081001,0.0,5.0,31.5,6.3
05,Antioquia,05145,Caramanta,Raíces y tubérculos,Raíces y tubérculos,Yuca,Yuca consumo en fresco,2022,2022B,Transitorio,"0,00","5,00","50,00","10,00",1081001,0.0,5.0,50.0,10.0
05,Antioquia,05145,Caramanta,Raíces y tubérculos,Raíces y tubérculos,Yuca,Yuca consumo en fresco,2023,2023B,Transitorio,"0,00","5,80","58,00","10,00",1081001,0.0,5.8,58.0,10.0
05,Antioquia,05145,Caramanta,Raíces y tubérculos,Raíces y tubérculos,Yuca,Yuca consumo en fresco,2024,2024B,Transitorio,"0,00","6,00","60,00","10,00",1081001,0.0,6.0,60.0,10.0
05,Antioquia,05145,Caramanta,Raíces y tubérculos,Raíces y tubérculos,Yuca,Yuca consumo en fresco,2025,2025B,Transitorio,"0,00","4,00","40,00","10,00",1081001,0.0,4.0,40.0,10.0
05,Antioquia,05147,Carepa,Raíces y tubérculos,Raíces y tubérculos,Yuca,Yuca consumo en fresco,2023,2023B,Transitorio,"0,00","25,00","250,00","10,00",1081001,0.0,25.0,250.0,10.0
05,Antioquia,05147,Carepa,Raíces y tubérculos,Raíces y tubérculos,Yuca,Yuca consumo en fresco,2024,2024B,Transitorio,"0,00","25,00","250,00","10,00",1081001,0.0,25.0,250.0,10.0
05,Antioquia,05147,Carepa,Raíces y tubérculos,Raíces y tubérculos,Yuca,Yuca consumo en fresco,2025,2025B,Transitorio,"0,00","40,00","400,00","10,00",1081001,0.0,40.0,400.0,10.0
05,Antioquia,05148,El Carmen de Viboral,Raíces y tubérculos,Raíces y tubérculos,Arracacha,Arracacha,2023,2023A,Transitorio,"0,00","15,00","135,00","9,00",1080200,0.0,15.0,135.0,9.0
05,Antioquia,05148,El Carmen de Viboral,Raíces y tubérculos,Raíces y tubérculos,Arracacha,Arracacha,2023,2023B,Transitorio,"0,00","15,00","135,00","9,00",1080200,0.0,15.0,135.0,9.0
05,Antioquia,05154,Caucasia,Raíces y tubérculos,Raíces y tubérculos,Ñame,Ñame demás variedades,2025,2025B,Transitorio,"0,00","10,00","220,00","22,00",1080699,0.0,10.0,220.0,22.0
05,Antioquia,05154,Caucasia,Hortalizas,Hortalizas de fruto,Patilla,Patilla,2023,2023A,Transitorio,"0,00","5,00","125,00","25,00",1052200,0.0,5.0,125.0,25.0
05,Antioquia,05154,Caucasia,Hortalizas,Hortalizas de fruto,Patilla,Patilla,2025,2025A,Transitorio,"0,00","8,00","280,00","35,00",1052200,0.0,8.0,280.0,35.0
05,Antioquia,05154,Caucasia,Raíces y tubérculos,Raíces y tubérculos,Yuca,Yuca consumo en fresco,2022,2022B,Transitorio,"0,00","215,00","3.440,00","16,00",1081001,0.0,215.0,3440.0,16.0
05,Antioquia,05154,Caucasia,Raíces y tubérculos,Raíces y tubérculos,Yuca,Yuca consumo en fresco,2023,2023B,Transitorio,"0,00","205,00","3.280,00","16,00",1081001,0.0,205.0,3280.0,16.0
05,Antioquia,05154,Caucasia,Raíces y tubérculos,Raíces y tubérculos,Yuca,Yuca industrial,2025,2025A,Transitorio,"0,00","15,00","360,00","24,00",1081002,0.0,15.0,360.0,24.0
05,Antioquia,05172,Chigorodó,Cereales,Cereales,Maíz,Maíz blanco tradicional,2022,2022A,Transitorio,"0,00","71,00","113,60","1,60",1010404,0.0,71.0,113.6,1.6
05,Antioquia,05172,Chigorodó,Raíces y tubérculos,Raíces y tubérculos,Yuca,Yuca consumo en fresco,2022,2022B,Transitorio,"0,00","38,00","456,00","12,00",1081001,0.0,38.0,456.0,12.0
05,Antioquia,05172,Chigorodó,Raíces y tubérculos,Raíces y tubérculos,Yuca,Yuca consumo en fresco,2023,2023B,Transitorio,"0,00","52,00","624,00","12,00",1081001,0.0,52.0,624.0,12.0
05,Antioquia,05190,Cisneros,Cereales,Cereales,Maíz,Maíz blanco tradicional,2024,2024A,Transitorio,"0,00","2,00","2,00","1,00",1010404,0.0,2.0,2.0,1.0
05,Antioquia,05190,Cisneros,Raíces y tubérculos,Raíces y tubérculos,Yuca,Yuca consumo en fresco,2022,2022B,Transitorio,"0,00","13,00","104,00","8,00",1081001,0.0,13.0,104.0,8.0
05,Antioquia,05190,Cisneros,Raíces y tubérculos,Raíces y tubérculos,Yuca,Yuca consumo en fresco,2023,2023B,Transitorio,"0,00","15,00","120,00","8,00",1081001,0.0,15.0,120.0,8.0
05,Antioquia,05190,Cisneros,Raíces y tubérculos,Raíces y tubérculos,Yuca,Yuca consumo en fresco,2024,2024B,Transitorio,"0,00","16,00","128,00","8,00",1081001,0.0,16.0,128.0,8.0
05,Antioquia,05197,Cocorná,Cereales,Cereales,Arroz,Arroz secano manual,2022,2022B,Transitorio,"0,00","3,00","5,00","1,67",1010102,0.0,3.0,5.0,1.67
05,Antioquia,05197,Cocorná,Raíces y tubérculos,Raíces y tubérculos,Yuca,Yuca consumo en fresco,2022,2022B,Transitorio,"0,00","51,50","618,00","12,00",1081001,0.0,51.5,618.0,12.0
05,Antioquia,05197,Cocorná,Raíces y tubérculos,Raíces y tubérculos,Yuca,Yuca consumo en fresco,2023,2023B,Transitorio,"0,00","46,50","558,00","12,00",1081001,0.0,46.5,558.0,12.0
05,Antioquia,05197,Cocorná,Raíces y tubérculos,Raíces y tubérculos,Yuca,Yuca consumo en fresco,2024,2024B,Transitorio,"0,00","49,00","588,00","12,00",1081001,0.0,49.0,588.0,12.0
05,Antioquia,05197,Cocorná,Raíces y tubérculos,Raíces y tubérculos,Yuca,Yuca consumo en fresco,2025,2025B,Transitorio,"0,00","47,00","564,00","12,00",1081001,0.0,47.0,564.0,12.0
05,Antioquia,05209,Concordia,Raíces y tubérculos,Raíces y tubérculos,Yuca,Yuca consumo en fresco,2025,2025A,Transitorio,"0,00","15,00","60,00","4,00",1081001,0.0,15.0,60.0,4.0
05,Antioquia,05234,Dabeiba,Hortalizas,Hortalizas de fruto,Ají,Ají,2025,2025B,Transitorio,"0,00","10,00","20,00","2,00",1050300,0.0,10.0,20.0,2.0
05,Antioquia,05234,Dabeiba,Raíces y tubérculos,Raíces y tubérculos,Yuca,Yuca consumo en fresco,2022,2022B,Transitorio,"0,00","260,00","4.420,00","17,00",1081001,0.0,260.0,4420.0,17.0
05,Antioquia,05237,Donmatías,Cereales,Cereales,Maíz,Maíz amarillo tradicional,2022,2022A,Transitorio,"0,00","1,00","2,00","2,00",1010402,0.0,1.0,2.0,2.0
05,Antioquia,05237,Donmatías,Cereales,Cereales,Maíz,Maíz blanco tradicional,2022,2022A,Transitorio,"0,00","2,00","4,00","2,00",1010404,0.0,2.0,4.0,2.0
05,Antioquia,05237,Donmatías,Raíces y tubérculos,Raíces y tubérculos,Papa,Papa criolla,2025,2025B,Transitorio,"0,00","2,68","26,80","10,00",1080702,0.0,2.68,26.8,10.0
05,Antioquia,05237,Donmatías,Hortalizas,Hortalizas de fruto,Tomate,Tomate,2025,2025B,Transitorio,"0,00","0,50","31,15","62,30",1052901,0.0,0.5,31.15,62.3
05,Antioquia,05237,Donmatías,Raíces y tubérculos,Raíces y tubérculos,Yuca,Yuca consumo en fresco,2022,2022B,Transitorio,"0,00","5,40","108,00","20,00",1081001,0.0,5.4,108.0,20.0
05,Antioquia,05240,Ebéjico,Leguminosas,Leguminosas,Frijol,Frijol,2022,2022B,Transitorio,"0,00","5,40","7,78","1,44",1060200,0.0,5.4,7.78,1.44
05,Antioquia,05240,Ebéjico,Leguminosas,Leguminosas,Frijol,Frijol,2023,2023B,Transitorio,"0,00","5,50","8,03","1,46",1060200,0.0,5.5,8.03,1.46
05,Antioquia,05240,Ebéjico,Leguminosas,Leguminosas,Frijol,Frijol,2024,2024B,Transitorio,"0,00","20,00","29,20","1,46",1060200,0.0,20.0,29.2,1.46
05,Antioquia,05240,Ebéjico,Leguminosas,Leguminosas,Frijol,Frijol,2025,2025B,Transitorio,"0,00","25,00","25,52","1,02",1060200,0.0,25.0,25.52,1.02
05,Antioquia,05240,Ebéjico,Cereales,Cereales,Maíz,Maíz amarillo tradicional,2024,2024B,Transitorio,"0,00","97,00","97,00","1,00",1010402,0.0,97.0,97.0,1.0
05,Antioquia,05240,Ebéjico,Cereales,Cereales,Maíz,Maíz amarillo tradicional,2025,2025B,Transitorio,"0,00","85,00","127,50","1,50",1010402,0.0,85.0,127.5,1.5
05,Antioquia,05240,Ebéjico,Hortalizas,Hortalizas de fruto,Tomate,Tomate,2022,2022B,Transitorio,"0,00","0,30","9,00","30,00",1052901,0.0,0.3,9.0,30.0
05,Antioquia,05240,Ebéjico,Hortalizas,Hortalizas de fruto,Tomate,Tomate,2023,2023B,Transitorio,"0,00","0,30","9,00","30,00",1052901,0.0,0.3,9.0,30.0
05,Antioquia,05240,Ebéjico,Raíces y tubérculos,Raíces y tubérculos,Yuca,Yuca consumo en fresco,2022,2022B,Transitorio,"0,00","6,00","120,00","20,00",1081001,0.0,6.0,120.0,20.0
05,Antioquia,05240,Ebéjico,Raíces y tubérculos,Raíces y tubérculos,Yuca,Yuca consumo en fresco,2023,2023B,Transitorio,"0,00","6,00","27,00","4,50",1081001,0.0,6.0,27.0,4.5
05,Antioquia,05240,Ebéjico,Raíces y tubérculos,Raíces y tubérculos,Yuca,Yuca consumo en fresco,2024,2024B,Transitorio,"0,00","8,00","36,00","4,50",1081001,0.0,8.0,36.0,4.5
05,Antioquia,05250,El Bagre,Raíces y tubérculos,Raíces y tubérculos,Yuca,Yuca consumo en fresco,2022,2022B,Transitorio,"0,00","457,00","3.427,50","7,50",1081001,0.0,457.0,3427.5,7.5
05,Antioquia,05250,El Bagre,Raíces y tubérculos,Raíces y tubérculos,Yuca,Yuca consumo en fresco,2023,2023B,Transitorio,"0,00","337,50","2.261,25","6,70",1081001,0.0,337.5,2261.25,6.7
05,Antioquia,05250,El Bagre,Raíces y tubérculos,Raíces y tubérculos,Yuca,Yuca consumo en fresco,2024,2024B,Transitorio,"0,00","420,00","2.814,00","6,70",1081001,0.0,420.0,2814.0,6.7
05,Antioquia,05284,Frontino,Raíces y tubérculos,Raíces y tubérculos,Yuca,Yuca consumo en fresco,2022,2022B,Transitorio,"0,00","12,75","140,25","11,00",1081001,0.0,12.75,140.25,11.0
05,Antioquia,05284,Frontino,Raíces y tubérculos,Raíces y tubérculos,Yuca,Yuca consumo en fresco,2024,2024B,Transitorio,"0,00","15,00","165,00","11,00",1081001,0.0,15.0,165.0,11.0
05,Antioquia,05284,Frontino,Raíces y tubérculos,Raíces y tubérculos,Yuca,Yuca consumo en fresco,2025,2025B,Transitorio,"0,00","14,00","154,00","11,00",1081001,0.0,14.0,154.0,11.0
05,Antioquia,05306,Giraldo,Hortalizas,Hortalizas de tallo,Cebolla de rama,Cebolla de rama,2022,2022B,Transitorio,"0,00","1,00","43,00","43,00",1051200,0.0,1.0,43.0,43.0
05,Antioquia,05306,Giraldo,Hortalizas,Hortalizas de tallo,Cebolla de rama,Cebolla de rama,2023,2023B,Transitorio,"0,00","1,25","37,50","30,00",1051200,0.0,1.25,37.5,30.0
05,Antioquia,05306,Giraldo,Hortalizas,Hortalizas de tallo,Cebolla de rama,Cebolla de rama,2024,2024B,Transitorio,"0,00","2,00","60,00","30,00",1051200,0.0,2.0,60.0,30.0
05,Antioquia,05306,Giraldo,Hortalizas,Hortalizas de tallo,Cebolla de rama,Cebolla de rama,2025,2025B,Transitorio,"0,00","2,20","66,00","30,00",1051200,0.0,2.2,66.0,30.0
05,Antioquia,05306,Giraldo,Hortalizas,Hortalizas de hoja,Cilantro,Cilantro,2024,2024B,Transitorio,"0,00","3,00","39,00","13,00",1051300,0.0,3.0,39.0,13.0
05,Antioquia,05306,Giraldo,Leguminosas,Leguminosas,Frijol,Frijol,2022,2022B,Transitorio,"0,00","2,50","2,75","1,10",1060200,0.0,2.5,2.75,1.1
05,Antioquia,05306,Giraldo,Leguminosas,Leguminosas,Frijol,Frijol,2023,2023B,Transitorio,"0,00","3,00","3,30","1,10",1060200,0.0,3.0,3.3,1.1
05,Antioquia,05306,Giraldo,Leguminosas,Leguminosas,Frijol,Frijol,2024,2024B,Transitorio,"0,00","4,00","4,40","1,10",1060200,0.0,4.0,4.4,1.1
05,Antioquia,05306,Giraldo,Leguminosas,Leguminosas,Frijol,Frijol,2025,2025B,Transitorio,"0,00","4,30","4,73","1,10",1060200,0.0,4.3,4.73,1.1
05,Antioquia,05306,Giraldo,Cereales,Cereales,Maíz,Maíz amarillo tradicional,2022,2022B,Transitorio,"0,00","1,00","0,90","0,90",1010402,0.0,1.0,0.9,0.9
05,Antioquia,05306,Giraldo,Cereales,Cereales,Maíz,Maíz amarillo tradicional,2023,2023B,Transitorio,"0,00","1,50","1,35","0,90",1010402,0.0,1.5,1.35,0.9
05,Antioquia,05306,Giraldo,Cereales,Cereales,Maíz,Maíz amarillo tradicional,2024,2024B,Transitorio,"0,00","2,00","1,80","0,90",1010402,0.0,2.0,1.8,0.9
05,Antioquia,05306,Giraldo,Cereales,Cereales,Maíz,Maíz amarillo tradicional,2025,2025B,Transitorio,"0,00","2,50","2,25","0,90",1010402,0.0,2.5,2.25,0.9
05,Antioquia,05306,Giraldo,Hortalizas,Hortalizas de fruto,Tomate,Tomate,2022,2022B,Transitorio,"0,00","1,00","17,00","17,00",1052901,0.0,1.0,17.0,17.0
05,Antioquia,05310,Gómez Plata,Hortalizas,Hortalizas de fruto,Tomate,Tomate invernadero,2023,2023A,Transitorio,"0,00","1,65","33,00","20,00",1052902,0.0,1.65,33.0,20.0
05,Antioquia,05310,Gómez Plata,Raíces y tubérculos,Raíces y tubérculos,Yuca,Yuca consumo en fresco,2022,2022B,Transitorio,"0,00","28,00","266,00","9,50",1081001,0.0,28.0,266.0,9.5
05,Antioquia,05315,Guadalupe,Leguminosas,Leguminosas,Frijol,Frijol,2025,2025B,Transitorio,"0,00","28,00","42,00","1,50",1060200,0.0,28.0,42.0,1.5
05,Antioquia,05315,Guadalupe,Cereales,Cereales,Maíz,Maíz amarillo tradicional,2025,2025B,Transitorio,"0,00","25,00","87,50","3,50",1010402,0.0,25.0,87.5,3.5
05,Antioquia,05315,Guadalupe,Cereales,Cereales,Maíz,Maíz blanco tradicional,2025,2025A,Transitorio,"0,00","2,50","8,75","3,50",1010404,0.0,2.5,8.75,3.5
05,Antioquia,05347,Heliconia,Leguminosas,Leguminosas,Frijol,Frijol,2024,2024B,Transitorio,"0,00","4,50","5,08","1,13",1060200,0.0,4.5,5.08,1.13
05,Antioquia,05347,Heliconia,Leguminosas,Leguminosas,Frijol,Frijol,2025,2025B,Transitorio,"0,00","4,00","5,20","1,30",1060200,0.0,4.0,5.2,1.3
05,Antioquia,05347,Heliconia,Cereales,Cereales,Maíz,Maíz blanco tradicional,2022,2022B,Transitorio,"0,00","1,00","1,68","1,68",1010404,0.0,1.0,1.68,1.68
05,Antioquia,05347,Heliconia,Cereales,Cereales,Maíz,Maíz blanco tradicional,2025,2025B,Transitorio,"0,00","9,00","10,07","1,12",1010404,0.0,9.0,10.07,1.12
05,Antioquia,05347,Heliconia,Raíces y tubérculos,Raíces y tubérculos,Yuca,Yuca consumo en fresco,2025,2025B,Transitorio,"0,00","0,50","4,50","9,00",1081001,0.0,0.5,4.5,9.0
05,Antioquia,05361,Ituango,Cereales,Cereales,Maíz,Maíz amarillo tradicional,2022,2022B,Transitorio,"0,00","168,00","169,68","1,01",1010402,0.0,168.0,169.68,1.01
05,Antioquia,05361,Ituango,Cereales,Cereales,Maíz,Maíz amarillo tradicional,2023,2023B,Transitorio,"0,00","160,00","192,00","1,20",1010402,0.0,160.0,192.0,1.2
05,Antioquia,05361,Ituango,Cereales,Cereales,Maíz,Maíz amarillo tradicional,2024,2024B,Transitorio,"0,00","180,00","216,00","1,20",1010402,0.0,180.0,216.0,1.2
05,Antioquia,05361,Ituango,Cereales,Cereales,Maíz,Maíz amarillo tradicional,2025,2025B,Transitorio,"0,00","80,00","96,00","1,20",1010402,0.0,80.0,96.0,1.2
05,Antioquia,05361,Ituango,Raíces y tubérculos,Raíces y tubérculos,Yuca,Yuca consumo en fresco,2022,2022B,Transitorio,"0,00","150,00","3.000,00","20,00",1081001,0.0,150.0,3000.0,20.0
05,Antioquia,05361,Ituango,Raíces y tubérculos,Raíces y tubérculos,Yuca,Yuca consumo en fresco,2024,2024B,Transitorio,"0,00","154,00","3.080,00","20,00",1081001,0.0,154.0,3080.0,20.0
05,Antioquia,05361,Ituango,Raíces y tubérculos,Raíces y tubérculos,Yuca,Yuca consumo en fresco,2025,2025B,Transitorio,"0,00","154,00","3.080,00","20,00",1081001,0.0,154.0,3080.0,20.0
05,Antioquia,05364,Jardín,Raíces y tubérculos,Raíces y tubérculos,Yuca,Yuca consumo en fresco,2022,2022B,Transitorio,"0,00","5,00","45,00","9,00",1081001,0.0,5.0,45.0,9.0
05,Antioquia,05364,Jardín,Raíces y tubérculos,Raíces y tubérculos,Yuca,Yuca consumo en fresco,2023,2023B,Transitorio,"0,00","5,00","40,00","8,00",1081001,0.0,5.0,40.0,8.0
05,Antioquia,05368,Jericó,Leguminosas,Leguminosas,Frijol,Frijol,2022,2022B,Transitorio,"0,00","2,80","5,32","1,90",1060200,0.0,2.8,5.32,1.9
05,Antioquia,05368,Jericó,Cereales,Cereales,Maíz,Maíz amarillo tradicional,2022,2022B,Transitorio,"0,00","3,00","2,52","0,84",1010402,0.0,3.0,2.52,0.84
05,Antioquia,05368,Jericó,Hortalizas,Hortalizas de fruto,Tomate,Tomate invernadero,2023,2023A,Transitorio,"0,00","1,35","108,00","80,00",1052902,0.0,1.35,108.0,80.0
05,Antioquia,05368,Jericó,Raíces y tubérculos,Raíces y tubérculos,Yuca,Yuca consumo en fresco,2023,2023B,Transitorio,"0,00","1,00","12,00","12,00",1081001,0.0,1.0,12.0,12.0
05,Antioquia,05368,Jericó,Raíces y tubérculos,Raíces y tubérculos,Yuca,Yuca consumo en fresco,2025,2025B,Transitorio,"0,00","5,00","55,00","11,00",1081001,0.0,5.0,55.0,11.0
05,Antioquia,05380,La Estrella,Hortalizas,Hortalizas de tallo,Cebolla de rama,Cebolla de rama,2023,2023B,Transitorio,"0,00","5,85","58,50","10,00",1051200,0.0,5.85,58.5,10.0
05,Antioquia,05380,La Estrella,Hortalizas,Hortalizas de tallo,Cebolla de rama,Cebolla de rama,2024,2024B,Transitorio,"0,00","3,00","30,00","10,00",1051200,0.0,3.0,30.0,10.0
05,Antioquia,05380,La Estrella,Hortalizas,Hortalizas de tallo,Cebolla de rama,Cebolla de rama,2025,2025B,Transitorio,"0,00","3,60","36,00","10,00",1051200,0.0,3.6,36.0,10.0
05,Antioquia,05380,La Estrella,Leguminosas,Leguminosas,Frijol,Frijol,2023,2023B,Transitorio,"0,00","2,00","1,68","0,84",1060200,0.0,2.0,1.68,0.84
05,Antioquia,05380,La Estrella,Leguminosas,Leguminosas,Frijol,Frijol,2024,2024B,Transitorio,"0,00","2,00","1,68","0,84",1060200,0.0,2.0,1.68,0.84
05,Antioquia,05380,La Estrella,Leguminosas,Leguminosas,Frijol,Frijol,2025,2025B,Transitorio,"0,00","2,00","2,38","1,19",1060200,0.0,2.0,2.38,1.19
05,Antioquia,05380,La Estrella,Cereales,Cereales,Maíz,Maíz amarillo tradicional,2023,2023B,Transitorio,"0,00","4,00","2,80","0,70",1010402,0.0,4.0,2.8,0.7
05,Antioquia,05380,La Estrella,Cereales,Cereales,Maíz,Maíz amarillo tradicional,2024,2024B,Transitorio,"0,00","4,00","2,80","0,70",1010402,0.0,4.0,2.8,0.7
05,Antioquia,05380,La Estrella,Cereales,Cereales,Maíz,Maíz amarillo tradicional,2025,2025B,Transitorio,"0,00","4,00","2,80","0,70",1010402,0.0,4.0,2.8,0.7
05,Antioquia,05380,La Estrella,Hortalizas,Hortalizas,Otras hortalizas,Otras hortalizas,2024,2024B,Transitorio,"0,00","4,00","40,00","10,00",1059900,0.0,4.0,40.0,10.0
05,Antioquia,05380,La Estrella,Hortalizas,Hortalizas,Otras hortalizas,Otras hortalizas,2025,2025B,Transitorio,"0,00","4,30","43,00","10,00",1059900,0.0,4.3,43.0,10.0
05,Antioquia,05380,La Estrella,Hortalizas,Hortalizas de fruto,Tomate,Tomate,2023,2023B,Transitorio,"0,00","1,00","5,00","5,00",1052901,0.0,1.0,5.0,5.0
05,Antioquia,05390,La Pintada,Leguminosas,Leguminosas,Frijol,Frijol,2022,2022B,Transitorio,"0,00","0,10","0,07","0,70",1060200,0.0,0.1,0.07,0.7
05,Antioquia,05390,La Pintada,Cereales,Cereales,Maíz,Maíz amarillo tradicional,2022,2022B,Transitorio,"0,00","0,50","0,20","0,40",1010402,0.0,0.5,0.2,0.4
05,Antioquia,05390,La Pintada,Raíces y tubérculos,Raíces y tubérculos,Yuca,Yuca consumo en fresco,2023,2023B,Transitorio,"0,00","2,00","28,00","14,00",1081001,0.0,2.0,28.0,14.0
05,Antioquia,05411,Liborina,Cereales,Cereales,Maíz,Maíz blanco tradicional,2023,2023A,Transitorio,"0,00","1,50","1,05","0,70",1010404,0.0,1.5,1.05,0.7
05,Antioquia,05475,Murindó,Cereales,Cereales,Arroz,Arroz secano manual,2022,2022B,Transitorio,"0,00","170,00","323,00","1,90",1010102,0.0,170.0,323.0,1.9
05,Antioquia,05475,Murindó,Cereales,Cereales,Arroz,Arroz secano manual,2023,2023B,Transitorio,"0,00","210,00","399,00","1,90",1010102,0.0,210.0,399.0,1.9
05,Antioquia,05475,Murindó,Cereales,Cereales,Arroz,Arroz secano manual,2024,2024B,Transitorio,"0,00","180,00","321,30","1,78",1010102,0.0,180.0,321.3,1.78
05,Antioquia,05475,Murindó,Cereales,Cereales,Arroz,Arroz secano manual,2025,2025B,Transitorio,"0,00","150,00","267,75","1,78",1010102,0.0,150.0,267.75,1.78
05,Antioquia,05475,Murindó,Cereales,Cereales,Maíz,Maíz amarillo tradicional,2022,2022B,Transitorio,"0,00","14,00","14,00","1,00",1010402,0.0,14.0,14.0,1.0
05,Antioquia,05475,Murindó,Cereales,Cereales,Maíz,Maíz amarillo tradicional,2023,2023B,Transitorio,"0,00","58,00","58,00","1,00",1010402,0.0,58.0,58.0,1.0
05,Antioquia,05475,Murindó,Cereales,Cereales,Maíz,Maíz amarillo tradicional,2024,2024B,Transitorio,"0,00","58,00","92,80","1,60",1010402,0.0,58.0,92.8,1.6
05,Antioquia,05475,Murindó,Cereales,Cereales,Maíz,Maíz amarillo tradicional,2025,2025B,Transitorio,"0,00","50,00","80,00","1,60",1010402,0.0,50.0,80.0,1.6
05,Antioquia,05475,Murindó,Cereales,Cereales,Maíz,Maíz blanco tradicional,2022,2022B,Transitorio,"0,00","19,00","19,00","1,00",1010404,0.0,19.0,19.0,1.0
05,Antioquia,05475,Murindó,Cereales,Cereales,Maíz,Maíz blanco tradicional,2023,2023B,Transitorio,"0,00","54,00","54,00","1,00",1010404,0.0,54.0,54.0,1.0
05,Antioquia,05475,Murindó,Cereales,Cereales,Maíz,Maíz blanco tradicional,2024,2024B,Transitorio,"0,00","44,00","70,40","1,60",1010404,0.0,44.0,70.4,1.6
05,Antioquia,05475,Murindó,Cereales,Cereales,Maíz,Maíz blanco tradicional,2025,2025B,Transitorio,"0,00","50,00","80,00","1,60",1010404,0.0,50.0,80.0,1.6
05,Antioquia,05475,Murindó,Raíces y tubérculos,Raíces y tubérculos,Yuca,Yuca consumo en fresco,2023,2023B,Transitorio,"0,00","34,00","272,00","8,00",1081001,0.0,34.0,272.0,8.0
05,Antioquia,05475,Murindó,Raíces y tubérculos,Raíces y tubérculos,Yuca,Yuca consumo en fresco,2024,2024B,Transitorio,"0,00","12,00","96,00","8,00",1081001,0.0,12.0,96.0,8.0
05,Antioquia,05475,Murindó,Raíces y tubérculos,Raíces y tubérculos,Yuca,Yuca consumo en fresco,2025,2025B,Transitorio,"0,00","10,00","80,00","8,00",1081001,0.0,10.0,80.0,8.0
05,Antioquia,05480,Mutatá,Cereales,Cereales,Maíz,Maíz blanco tradicional,2023,2023A,Transitorio,"0,00","5,00","9,00","1,80",1010404,0.0,5.0,9.0,1.8
05,Antioquia,05480,Mutatá,Raíces y tubérculos,Raíces y tubérculos,Yuca,Yuca consumo en fresco,2023,2023B,Transitorio,"0,00","2.100,00","21.000,00","10,00",1081001,0.0,2100.0,21000.0,10.0
05,Antioquia,05483,Nariño,Raíces y tubérculos,Raíces y tubérculos,Yuca,Yuca consumo en fresco,2022,2022B,Transitorio,"0,00","8,00","80,00","10,00",1081001,0.0,8.0,80.0,10.0
05,Antioquia,05483,Nariño,Raíces y tubérculos,Raíces y tubérculos,Yuca,Yuca consumo en fresco,2023,2023B,Transitorio,"0,00","10,00","100,00","10,00",1081001,0.0,10.0,100.0,10.0
05,Antioquia,05483,Nariño,Raíces y tubérculos,Raíces y tubérculos,Yuca,Yuca consumo en fresco,2024,2024B,Transitorio,"0,00","8,80","88,00","10,00",1081001,0.0,8.8,88.0,10.0
05,Antioquia,05483,Nariño,Raíces y tubérculos,Raíces y tubérculos,Yuca,Yuca consumo en fresco,2025,2025B,Transitorio,"0,00","8,00","80,00","10,00",1081001,0.0,8.0,80.0,10.0
05,Antioquia,05495,Nechí,Cereales,Cereales,Maíz,Maíz amarillo tradicional,2022,2022B,Transitorio,"0,00","300,00","1.050,00","3,50",1010402,0.0,300.0,1050.0,3.5
05,Antioquia,05495,Nechí,Cereales,Cereales,Maíz,Maíz amarillo tradicional,2023,2023B,Transitorio,"0,00","290,00","812,00","2,80",1010402,0.0,290.0,812.0,2.8
05,Antioquia,05495,Nechí,Raíces y tubérculos,Raíces y tubérculos,Yuca,Yuca consumo en fresco,2022,2022B,Transitorio,"0,00","180,00","1.800,00","10,00",1081001,0.0,180.0,1800.0,10.0
05,Antioquia,05495,Nechí,Raíces y tubérculos,Raíces y tubérculos,Yuca,Yuca consumo en fresco,2023,2023B,Transitorio,"0,00","254,00","2.540,00","10,00",1081001,0.0,254.0,2540.0,10.0
05,Antioquia,05501,Olaya,Raíces y tubérculos,Raíces y tubérculos,Yuca,Yuca consumo en fresco,2022,2022B,Transitorio,"0,00","5,00","75,00","15,00",1081001,0.0,5.0,75.0,15.0
05,Antioquia,05501,Olaya,Raíces y tubérculos,Raíces y tubérculos,Yuca,Yuca consumo en fresco,2024,2024B,Transitorio,"0,00","7,50","112,50","15,00",1081001,0.0,7.5,112.5,15.0
05,Antioquia,05501,Olaya,Raíces y tubérculos,Raíces y tubérculos,Yuca,Yuca consumo en fresco,2025,2025B,Transitorio,"0,00","8,00","120,00","15,00",1081001,0.0,8.0,120.0,15.0
05,Antioquia,05579,Puerto Berrío,Raíces y tubérculos,Raíces y tubérculos,Yuca,Yuca consumo en fresco,2022,2022B,Transitorio,"0,00","12,00","192,00","16,00",1081001,0.0,12.0,192.0,16.0
05,Antioquia,05579,Puerto Berrío,Raíces y tubérculos,Raíces y tubérculos,Yuca,Yuca consumo en fresco,2023,2023B,Transitorio,"0,00","12,00","192,00","16,00",1081001,0.0,12.0,192.0,16.0
05,Antioquia,05579,Puerto Berrío,Raíces y tubérculos,Raíces y tubérculos,Yuca,Yuca consumo en fresco,2024,2024B,Transitorio,"0,00","5,00","70,00","14,00",1081001,0.0,5.0,70.0,14.0
05,Antioquia,05579,Puerto Berrío,Raíces y tubérculos,Raíces y tubérculos,Yuca,Yuca consumo en fresco,2025,2025B,Transitorio,"0,00","3,00","42,00","14,00",1081001,0.0,3.0,42.0,14.0
05,Antioquia,05591,Puerto Triunfo,Raíces y tubérculos,Raíces y tubérculos,Yuca,Yuca consumo en fresco,2022,2022B,Transitorio,"0,00","12,00","168,00","14,00",1081001,0.0,12.0,168.0,14.0
05,Antioquia,05591,Puerto Triunfo,Raíces y tubérculos,Raíces y tubérculos,Yuca,Yuca consumo en fresco,2023,2023B,Transitorio,"0,00","11,00","165,00","15,00",1081001,0.0,11.0,165.0,15.0
05,Antioquia,05591,Puerto Triunfo,Raíces y tubérculos,Raíces y tubérculos,Yuca,Yuca consumo en fresco,2024,2024B,Transitorio,"0,00","11,00","165,00","15,00",1081001,0.0,11.0,165.0,15.0
05,Antioquia,05604,Remedios,Raíces y tubérculos,Raíces y tubérculos,Yuca,Yuca consumo en fresco,2022,2022B,Transitorio,"0,00","680,00","6.800,00","10,00",1081001,0.0,680.0,6800.0,10.0
05,Antioquia,05604,Remedios,Raíces y tubérculos,Raíces y tubérculos,Yuca,Yuca consumo en fresco,2023,2023B,Transitorio,"0,00","620,00","930,00","1,50",1081001,0.0,620.0,930.0,1.5
05,Antioquia,05604,Remedios,Raíces y tubérculos,Raíces y tubérculos,Yuca,Yuca consumo en fresco,2024,2024B,Transitorio,"0,00","650,00","2.925,00","4,50",1081001,0.0,650.0,2925.0,4.5
05,Antioquia,05604,Remedios,Raíces y tubérculos,Raíces y tubérculos,Yuca,Yuca consumo en fresco,2025,2025B,Transitorio,"0,00","675,00","3.037,50","4,50",1081001,0.0,675.0,3037.5,4.5
05,Antioquia,05607,Retiro,Leguminosas,Leguminosas,Frijol,Frijol,2024,2024B,Transitorio,"0,00","19,00","30,40","1,60",1060200,0.0,19.0,30.4,1.6
05,Antioquia,05607,Retiro,Leguminosas,Leguminosas,Frijol,Frijol,2025,2025B,Transitorio,"0,00","20,00","22,38","1,12",1060200,0.0,20.0,22.38,1.12
05,Antioquia,05607,Retiro,Cereales,Cereales,Maíz,Maíz amarillo tradicional,2024,2024B,Transitorio,"0,00","9,00","13,50","1,50",1010402,0.0,9.0,13.5,1.5
05,Antioquia,05607,Retiro,Cereales,Cereales,Maíz,Maíz amarillo tradicional,2025,2025B,Transitorio,"0,00","10,00","15,00","1,50",1010402,0.0,10.0,15.0,1.5
05,Antioquia,05607,Retiro,Cereales,Cereales,Maíz,Maíz blanco tradicional,2024,2024B,Transitorio,"0,00","9,00","13,50","1,50",1010404,0.0,9.0,13.5,1.5
05,Antioquia,05607,Retiro,Raíces y tubérculos,Raíces y tubérculos,Papa,Papa todas las variedades,2025,2025B,Transitorio,"0,00","10,00","100,00","10,00",1080701,0.0,10.0,100.0,10.0
05,Antioquia,05607,Retiro,Raíces y tubérculos,Raíces y tubérculos,Yuca,Yuca consumo en fresco,2022,2022B,Transitorio,"0,00","37,00","370,00","10,00",1081001,0.0,37.0,370.0,10.0
05,Antioquia,05607,Retiro,Raíces y tubérculos,Raíces y tubérculos,Yuca,Yuca consumo en fresco,2023,2023B,Transitorio,"0,00","36,00","360,00","10,00",1081001,0.0,36.0,360.0,10.0
05,Antioquia,05607,Retiro,Raíces y tubérculos,Raíces y tubérculos,Yuca,Yuca consumo en fresco,2024,2024B,Transitorio,"0,00","39,00","390,00","10,00",1081001,0.0,39.0,390.0,10.0
05,Antioquia,05607,Retiro,Raíces y tubérculos,Raíces y tubérculos,Yuca,Yuca consumo en fresco,2025,2025B,Transitorio,"0,00","39,00","390,00","10,00",1081001,0.0,39.0,390.0,10.0
05,Antioquia,05642,Salgar,Leguminosas,Leguminosas,Frijol,Frijol,2022,2022B,Transitorio,"0,00","70,00","56,00","0,80",1060200,0.0,70.0,56.0,0.8
05,Antioquia,05642,Salgar,Leguminosas,Leguminosas,Frijol,Frijol,2023,2023B,Transitorio,"0,00","85,00","68,00","0,80",1060200,0.0,85.0,68.0,0.8
05,Antioquia,05642,Salgar,Leguminosas,Leguminosas,Frijol,Frijol,2024,2024B,Transitorio,"0,00","90,00","45,00","0,50",1060200,0.0,90.0,45.0,0.5
05,Antioquia,05642,Salgar,Cereales,Cereales,Maíz,Maíz amarillo tradicional,2022,2022B,Transitorio,"0,00","30,00","51,00","1,70",1010402,0.0,30.0,51.0,1.7
05,Antioquia,05642,Salgar,Cereales,Cereales,Maíz,Maíz amarillo tradicional,2023,2023B,Transitorio,"0,00","25,00","40,00","1,60",1010402,0.0,25.0,40.0,1.6
05,Antioquia,05642,Salgar,Cereales,Cereales,Maíz,Maíz amarillo tradicional,2024,2024B,Transitorio,"0,00","20,00","24,00","1,20",1010402,0.0,20.0,24.0,1.2
05,Antioquia,05642,Salgar,Cereales,Cereales,Maíz,Maíz amarillo tradicional,2025,2025B,Transitorio,"0,00","130,00","156,00","1,20",1010402,0.0,130.0,156.0,1.2
05,Antioquia,05642,Salgar,Frutales,Cítricos,Mandarina,Mandarina demás variedades,2020,2020,Permanente,"0,00","8,50","272,00","32,00",2044199,0.0,8.5,272.0,32.0
05,Antioquia,05649,San Carlos,Raíces y tubérculos,Raíces y tubérculos,Yuca,Yuca consumo en fresco,2022,2022B,Transitorio,"0,00","35,00","630,00","18,00",1081001,0.0,35.0,630.0,18.0
05,Antioquia,05659,San Juan de Urabá,Raíces y tubérculos,Raíces y tubérculos,Ñame,Ñame Diamante,2022,2022B,Transitorio,"0,00","15,00","270,00","18,00",1080601,0.0,15.0,270.0,18.0
05,Antioquia,05659,San Juan de Urabá,Raíces y tubérculos,Raíces y tubérculos,Ñame,Ñame Espino,2022,2022B,Transitorio,"0,00","40,00","640,00","16,00",1080602,0.0,40.0,640.0,16.0
05,Antioquia,05659,San Juan de Urabá,Raíces y tubérculos,Raíces y tubérculos,Yuca,Yuca consumo en fresco,2022,2022B,Transitorio,"0,00","30,00","420,00","14,00",1081001,0.0,30.0,420.0,14.0
05,Antioquia,05660,San Luis,Raíces y tubérculos,Raíces y tubérculos,Yuca,Yuca consumo en fresco,2022,2022B,Transitorio,"0,00","15,00","150,00","10,00",1081001,0.0,15.0,150.0,10.0
05,Antioquia,05660,San Luis,Raíces y tubérculos,Raíces y tubérculos,Yuca,Yuca consumo en fresco,2023,2023B,Transitorio,"0,00","20,00","160,00","8,00",1081001,0.0,20.0,160.0,8.0
05,Antioquia,05660,San Luis,Raíces y tubérculos,Raíces y tubérculos,Yuca,Yuca consumo en fresco,2024,2024B,Transitorio,"0,00","30,00","240,00","8,00",1081001,0.0,30.0,240.0,8.0
05,Antioquia,05660,San Luis,Raíces y tubérculos,Raíces y tubérculos,Yuca,Yuca consumo en fresco,2025,2025B,Transitorio,"0,00","28,00","224,00","8,00",1081001,0.0,28.0,224.0,8.0
05,Antioquia,05664,San Pedro de Los Milagros,Cereales,Cereales,Maíz,Maíz blanco tradicional,2022,2022B,Transitorio,"0,00","2,00","4,00","2,00",1010404,0.0,2.0,4.0,2.0
05,Antioquia,05664,San Pedro de Los Milagros,Cereales,Cereales,Maíz,Maíz blanco tradicional,2023,2023B,Transitorio,"0,00","2,00","3,60","1,80",1010404,0.0,2.0,3.6,1.8
05,Antioquia,05664,San Pedro de Los Milagros,Cereales,Cereales,Maíz,Maíz blanco tradicional,2024,2024B,Transitorio,"0,00","2,00","3,60","1,80",1010404,0.0,2.0,3.6,1.8
05,Antioquia,05664,San Pedro de Los Milagros,Cereales,Cereales,Maíz,Maíz blanco tradicional,2025,2025B,Transitorio,"0,00","2,00","3,60","1,80",1010404,0.0,2.0,3.6,1.8
05,Antioquia,05665,San Pedro de Urabá,Raíces y tubérculos,Raíces y tubérculos,Ñame,Ñame demás variedades,2022,2022B,Transitorio,"0,00","5,00","100,00","20,00",1080699,0.0,5.0,100.0,20.0
05,Antioquia,05665,San Pedro de Urabá,Raíces y tubérculos,Raíces y tubérculos,Ñame,Ñame demás variedades,2023,2023B,Transitorio,"0,00","10,00","200,00","20,00",1080699,0.0,10.0,200.0,20.0
05,Antioquia,05665,San Pedro de Urabá,Raíces y tubérculos,Raíces y tubérculos,Ñame,Ñame Diamante,2022,2022B,Transitorio,"0,00","40,00","800,00","20,00",1080601,0.0,40.0,800.0,20.0
05,Antioquia,05665,San Pedro de Urabá,Raíces y tubérculos,Raíces y tubérculos,Ñame,Ñame Diamante,2023,2023B,Transitorio,"0,00","40,00","800,00","20,00",1080601,0.0,40.0,800.0,20.0
05,Antioquia,05665,San Pedro de Urabá,Raíces y tubérculos,Raíces y tubérculos,Yuca,Yuca industrial,2024,2024A,Transitorio,"0,00","10,00","150,00","15,00",1081002,0.0,10.0,150.0,15.0
05,Antioquia,05665,San Pedro de Urabá,Raíces y tubérculos,Raíces y tubérculos,Yuca,Yuca industrial,2025,2025A,Transitorio,"0,00","8,00","120,00","15,00",1081002,0.0,8.0,120.0,15.0
05,Antioquia,05667,San Rafael,Cereales,Cereales,Arroz,Arroz secano manual,2022,2022B,Transitorio,"0,00","4,00","6,00","1,50",1010102,0.0,4.0,6.0,1.5
05,Antioquia,05667,San Rafael,Cereales,Cereales,Arroz,Arroz secano manual,2023,2023B,Transitorio,"0,00","2,00","2,86","1,43",1010102,0.0,2.0,2.86,1.43
05,Antioquia,05667,San Rafael,Cereales,Cereales,Arroz,Arroz secano manual,2024,2024B,Transitorio,"0,00","0,50","0,60","1,20",1010102,0.0,0.5,0.6,1.2
05,Antioquia,05667,San Rafael,Cereales,Cereales,Maíz,Maíz amarillo tradicional,2023,2023A,Transitorio,"0,00","25,00","57,50","2,30",1010402,0.0,25.0,57.5,2.3
05,Antioquia,05667,San Rafael,Cereales,Cereales,Maíz,Maíz amarillo tradicional,2024,2024A,Transitorio,"0,00","12,50","28,75","2,30",1010402,0.0,12.5,28.75,2.3
05,Antioquia,05667,San Rafael,Cereales,Cereales,Maíz,Maíz amarillo tradicional,2025,2025A,Transitorio,"0,00","8,00","18,40","2,30",1010402,0.0,8.0,18.4,2.3
05,Antioquia,05667,San Rafael,Hortalizas,Hortalizas de raíz,Remolacha,Remolacha,2023,2023A,Transitorio,"0,00","1,00","8,00","8,00",1052700,0.0,1.0,8.0,8.0
05,Antioquia,05667,San Rafael,Hortalizas,Hortalizas de hoja,Repollo,Repollo,2023,2023A,Transitorio,"0,00","1,00","9,00","9,00",1052800,0.0,1.0,9.0,9.0
05,Antioquia,05667,San Rafael,Hortalizas,Hortalizas de fruto,Tomate,Tomate,2023,2023A,Transitorio,"0,00","1,00","19,00","19,00",1052901,0.0,1.0,19.0,19.0
05,Antioquia,05667,San Rafael,Hortalizas,Hortalizas de raíz,Zanahoria,Zanahoria,2023,2023A,Transitorio,"0,00","1,00","9,00","9,00",1053000,0.0,1.0,9.0,9.0
05,Antioquia,05686,Santa Rosa de Osos,Cereales,Cereales,Maíz,Maíz blanco tradicional,2022,2022A,Transitorio,"0,00","3,00","6,71","2,24",1010404,0.0,3.0,6.71,2.24
05,Antioquia,05697,El Santuario,Hortalizas,Hortalizas de fruto,Pimentón,Pimentón,2025,2025B,Transitorio,"0,00","4,00","40,00","10,00",1052500,0.0,4.0,40.0,10.0
05,Antioquia,05789,Támesis,Leguminosas,Leguminosas,Frijol,Frijol,2022,2022B,Transitorio,"0,00","25,00","20,00","0,80",1060200,0.0,25.0,20.0,0.8
05,Antioquia,05789,Támesis,Cereales,Cereales,Maíz,Maíz amarillo tradicional,2022,2022B,Transitorio,"0,00","9,00","9,00","1,00",1010402,0.0,9.0,9.0,1.0
05,Antioquia,05789,Támesis,Hortalizas,Hortalizas de fruto,Tomate,Tomate invernadero,2022,2022B,Transitorio,"0,00","2,00","140,00","70,00",1052902,0.0,2.0,140.0,70.0
05,Antioquia,05792,Tarso,Leguminosas,Leguminosas,Frijol,Frijol,2023,2023B,Transitorio,"0,00","3,00","2,70","0,90",1060200,0.0,3.0,2.7,0.9
05,Antioquia,05792,Tarso,Leguminosas,Leguminosas,Frijol,Frijol,2025,2025B,Transitorio,"0,00","5,00","8,00","1,60",1060200,0.0,5.0,8.0,1.6
05,Antioquia,05792,Tarso,Cereales,Cereales,Maíz,Maíz amarillo tradicional,2023,2023B,Transitorio,"0,00","3,00","3,60","1,20",1010402,0.0,3.0,3.6,1.2
05,Antioquia,05792,Tarso,Cereales,Cereales,Maíz,Maíz amarillo tradicional,2025,2025B,Transitorio,"0,00","6,00","10,80","1,80",1010402,0.0,6.0,10.8,1.8
05,Antioquia,05792,Tarso,Raíces y tubérculos,Raíces y tubérculos,Yuca,Yuca consumo en fresco,2022,2022B,Transitorio,"0,00","5,00","50,00","10,00",1081001,0.0,5.0,50.0,10.0
05,Antioquia,05809,Titiribí,Raíces y tubérculos,Raíces y tubérculos,Yuca,Yuca consumo en fresco,2022,2022B,Transitorio,"0,00","7,00","77,00","11,00",1081001,0.0,7.0,77.0,11.0
05,Antioquia,05809,Titiribí,Raíces y tubérculos,Raíces y tubérculos,Yuca,Yuca consumo en fresco,2023,2023B,Transitorio,"0,00","7,00","77,00","11,00",1081001,0.0,7.0,77.0,11.0
05,Antioquia,05809,Titiribí,Raíces y tubérculos,Raíces y tubérculos,Yuca,Yuca consumo en fresco,2024,2024B,Transitorio,"0,00","5,00","55,00","11,00",1081001,0.0,5.0,55.0,11.0
05,Antioquia,05809,Titiribí,Raíces y tubérculos,Raíces y tubérculos,Yuca,Yuca consumo en fresco,2025,2025B,Transitorio,"0,00","0,25","2,75","11,00",1081001,0.0,0.25,2.75,11.0
05,Antioquia,05819,Toledo,Leguminosas,Leguminosas,Frijol,Frijol,2025,2025B,Transitorio,"0,00","20,00","20,00","1,00",1060200,0.0,20.0,20.0,1.0
05,Antioquia,05819,Toledo,Cereales,Cereales,Maíz,Maíz amarillo tecnificado,2022,2022B,Transitorio,"0,00","10,00","20,00","2,00",1010401,0.0,10.0,20.0,2.0
05,Antioquia,05819,Toledo,Cereales,Cereales,Maíz,Maíz amarillo tecnificado,2025,2025B,Transitorio,"0,00","6,00","24,00","4,00",1010401,0.0,6.0,24.0,4.0
05,Antioquia,05819,Toledo,Cereales,Cereales,Maíz,Maíz amarillo tradicional,2022,2022B,Transitorio,"0,00","2,50","2,25","0,90",1010402,0.0,2.5,2.25,0.9
05,Antioquia,05819,Toledo,Hortalizas,Hortalizas de fruto,Tomate,Tomate invernadero,2022,2022B,Transitorio,"0,00","1,26","88,20","70,00",1052902,0.0,1.26,88.2,70.0
05,Antioquia,05837,Turbo,Cereales,Cereales,Maíz,Maíz blanco tradicional,2023,2023A,Transitorio,"0,00","740,00","1.110,00","1,50",1010404,0.0,740.0,1110.0,1.5
05,Antioquia,05837,Turbo,Raíces y tubérculos,Raíces y tubérculos,Ñame,Ñame demás variedades,2022,2022B,Transitorio,"0,00","60,00","480,00","8,00",1080699,0.0,60.0,480.0,8.0
05,Antioquia,05837,Turbo,Raíces y tubérculos,Raíces y tubérculos,Ñame,Ñame demás variedades,2023,2023B,Transitorio,"0,00","45,00","360,00","8,00",1080699,0.0,45.0,360.0,8.0
05,Antioquia,05837,Turbo,Raíces y tubérculos,Raíces y tubérculos,Yuca,Yuca consumo en fresco,2022,2022B,Transitorio,"0,00","250,00","2.500,00","10,00",1081001,0.0,250.0,2500.0,10.0
05,Antioquia,05837,Turbo,Raíces y tubérculos,Raíces y tubérculos,Yuca,Yuca consumo en fresco,2023,2023B,Transitorio,"0,00","260,00","2.600,00","10,00",1081001,0.0,260.0,2600.0,10.0
05,Antioquia,05842,Uramita,Cultivos tropicales tradicionales,Cultivos tropicales tradicionales,Algodón,Algodón,2022,2022A,Transitorio,"0,00","110,00","275,00","2,50",1030100,0.0,110.0,275.0,2.5
05,Antioquia,05842,Uramita,Cultivos tropicales tradicionales,Cultivos tropicales tradicionales,Algodón,Algodón,2023,2023A,Transitorio,"0,00","80,00","200,00","2,50",1030100,0.0,80.0,200.0,2.5
05,Antioquia,05842,Uramita,Cultivos tropicales tradicionales,Cultivos tropicales tradicionales,Algodón,Algodón,2024,2024A,Transitorio,"0,00","2,00","5,00","2,50",1030100,0.0,2.0,5.0,2.5
05,Antioquia,05854,Valdivia,Leguminosas,Leguminosas,Frijol,Frijol,2022,2022A,Transitorio,"0,00","17,50","17,50","1,00",1060200,0.0,17.5,17.5,1.0
05,Antioquia,05854,Valdivia,Leguminosas,Leguminosas,Frijol,Frijol,2023,2023A,Transitorio,"0,00","19,00","19,00","1,00",1060200,0.0,19.0,19.0,1.0
05,Antioquia,05854,Valdivia,Raíces y tubérculos,Raíces y tubérculos,Yuca,Yuca consumo en fresco,2022,2022B,Transitorio,"0,00","94,00","1.128,00","12,00",1081001,0.0,94.0,1128.0,12.0
05,Antioquia,05854,Valdivia,Raíces y tubérculos,Raíces y tubérculos,Yuca,Yuca consumo en fresco,2023,2023B,Transitorio,"0,00","96,00","960,00","10,00",1081001,0.0,96.0,960.0,10.0
05,Antioquia,05861,Venecia,Cereales,Cereales,Maíz,Maíz amarillo tradicional,2022,2022B,Transitorio,"0,00","5,60","5,04","0,90",1010402,0.0,5.6,5.04,0.9
05,Antioquia,05861,Venecia,Raíces y tubérculos,Raíces y tubérculos,Yuca,Yuca consumo en fresco,2022,2022B,Transitorio,"0,00","5,00","22,50","4,50",1081001,0.0,5.0,22.5,4.5
05,Antioquia,05861,Venecia,Raíces y tubérculos,Raíces y tubérculos,Yuca,Yuca consumo en fresco,2023,2023B,Transitorio,"0,00","6,00","27,00","4,50",1081001,0.0,6.0,27.0,4.5
05,Antioquia,05861,Venecia,Raíces y tubérculos,Raíces y tubérculos,Yuca,Yuca consumo en fresco,2024,2024B,Transitorio,"0,00","7,50","33,75","4,50",1081001,0.0,7.5,33.75,4.5
05,Antioquia,05861,Venecia,Raíces y tubérculos,Raíces y tubérculos,Yuca,Yuca consumo en fresco,2025,2025B,Transitorio,"0,00","8,00","36,00","4,50",1081001,0.0,8.0,36.0,4.5
05,Antioquia,05873,Vigía del Fuerte,Cereales,Cereales,Arroz,Arroz secano manual,2025,2025B,Transitorio,"0,00","650,00","975,00","1,50",1010102,0.0,650.0,975.0,1.5
05,Antioquia,05873,Vigía del Fuerte,Cereales,Cereales,Maíz,Maíz amarillo tradicional,2025,2025B,Transitorio,"0,00","60,00","60,00","1,00",1010402,0.0,60.0,60.0,1.0
05,Antioquia,05873,Vigía del Fuerte,Cereales,Cereales,Maíz,Maíz blanco tradicional,2024,2024A,Transitorio,"0,00","4,00","5,60","1,40",1010404,0.0,4.0,5.6,1.4
05,Antioquia,05873,Vigía del Fuerte,Raíces y tubérculos,Raíces y tubérculos,"Malanga, achín, yota, papa china, bore","Malanga, achín, yota, papa china, bore",2022,2022B,Transitorio,"0,00","58,00","290,00","5,00",1080400,0.0,58.0,290.0,5.0
05,Antioquia,05873,Vigía del Fuerte,Raíces y tubérculos,Raíces y tubérculos,"Malanga, achín, yota, papa china, bore","Malanga, achín, yota, papa china, bore",2023,2023B,Transitorio,"0,00","64,00","320,00","5,00",1080400,0.0,64.0,320.0,5.0
05,Antioquia,05873,Vigía del Fuerte,Raíces y tubérculos,Raíces y tubérculos,"Malanga, achín, yota, papa china, bore","Malanga, achín, yota, papa china, bore",2024,2024B,Transitorio,"0,00","1,50","7,50","5,00",1080400,0.0,1.5,7.5,5.0
05,Antioquia,05873,Vigía del Fuerte,Raíces y tubérculos,Raíces y tubérculos,Ñame,Ñame demás variedades,2022,2022B,Transitorio,"0,00","50,00","250,00","5,00",1080699,0.0,50.0,250.0,5.0
05,Antioquia,05873,Vigía del Fuerte,Raíces y tubérculos,Raíces y tubérculos,Ñame,Ñame demás variedades,2023,2023B,Transitorio,"0,00","51,00","255,00","5,00",1080699,0.0,51.0,255.0,5.0
05,Antioquia,05873,Vigía del Fuerte,Raíces y tubérculos,Raíces y tubérculos,Ñame,Ñame demás variedades,2024,2024B,Transitorio,"0,00","1,50","7,50","5,00",1080699,0.0,1.5,7.5,5.0
05,Antioquia,05873,Vigía del Fuerte,Raíces y tubérculos,Raíces y tubérculos,Yuca,Yuca consumo en fresco,2022,2022B,Transitorio,"0,00","72,00","576,00","8,00",1081001,0.0,72.0,576.0,8.0
05,Antioquia,05873,Vigía del Fuerte,Raíces y tubérculos,Raíces y tubérculos,Yuca,Yuca consumo en fresco,2023,2023B,Transitorio,"0,00","79,00","632,00","8,00",1081001,0.0,79.0,632.0,8.0
05,Antioquia,05873,Vigía del Fuerte,Raíces y tubérculos,Raíces y tubérculos,Yuca,Yuca consumo en fresco,2024,2024B,Transitorio,"0,00","55,00","330,00","6,00",1081001,0.0,55.0,330.0,6.0
05,Antioquia,05873,Vigía del Fuerte,Raíces y tubérculos,Raíces y tubérculos,Yuca,Yuca consumo en fresco,2025,2025B,Transitorio,"0,00","35,00","70,00","2,00",1081001,0.0,35.0,70.0,2.0
05,Antioquia,05890,Yolombó,Hortalizas,Hortalizas de tallo,Cebolla de rama,Cebolla de rama,2025,2025A,Transitorio,"0,00","1,00","14,00","14,00",1051200,0.0,1.0,14.0,14.0
05,Antioquia,05890,Yolombó,Hortalizas,Hortalizas de fruto,Pepino Cohombro,Pepino cohombro,2022,2022B,Transitorio,"0,00","3,00","60,00","20,00",1052300,0.0,3.0,60.0,20.0
05,Antioquia,05893,Yondó,Raíces y tubérculos,Raíces y tubérculos,Ñame,Ñame demás variedades,2023,2023B,Transitorio,"0,00","1,00","10,00","10,00",1080699,0.0,1.0,10.0,10.0
05,Antioquia,05893,Yondó,Raíces y tubérculos,Raíces y tubérculos,Ñame,Ñame demás variedades,2025,2025A,Transitorio,"0,00","1,00","10,00","10,00",1080699,0.0,1.0,10.0,10.0
08,Atlántico,08141,Candelaria,Hortalizas,Hortalizas de fruto,Ahuyama,Ahuyama,2023,2023B,Transitorio,"0,00","10,00","110,00","11,00",1050200,0.0,10.0,110.0,11.0
08,Atlántico,08141,Candelaria,Hortalizas,Hortalizas de raíz,Batata,Batata,2023,2023B,Transitorio,"0,00","3,00","6,00","2,00",1050700,0.0,3.0,6.0,2.0
08,Atlántico,08141,Candelaria,Leguminosas,Leguminosas,Frijol,Frijol,2023,2023B,Transitorio,"0,00","1,00","1,50","1,50",1060200,0.0,1.0,1.5,1.5
08,Atlántico,08141,Candelaria,Hortalizas,Hortalizas de fruto,Melón,Melón,2024,2024A,Transitorio,"0,00","15,00","60,00","4,00",1052000,0.0,15.0,60.0,4.0
08,Atlántico,08141,Candelaria,Hortalizas,Hortalizas de fruto,Melón,Melón,2025,2025A,Transitorio,"0,00","6,00","24,00","4,00",1052000,0.0,6.0,24.0,4.0
08,Atlántico,08141,Candelaria,Raíces y tubérculos,Raíces y tubérculos,Ñame,Ñame demás variedades,2022,2022B,Transitorio,"0,00","0,30","1,50","5,00",1080699,0.0,0.3,1.5,5.0
08,Atlántico,08141,Candelaria,Raíces y tubérculos,Raíces y tubérculos,Yuca,Yuca consumo en fresco,2022,2022B,Transitorio,"0,00","50,00","250,00","5,00",1081001,0.0,50.0,250.0,5.0
08,Atlántico,08141,Candelaria,Raíces y tubérculos,Raíces y tubérculos,Yuca,Yuca consumo en fresco,2023,2023B,Transitorio,"0,00","20,00","80,00","4,00",1081001,0.0,20.0,80.0,4.0
08,Atlántico,08141,Candelaria,Raíces y tubérculos,Raíces y tubérculos,Yuca,Yuca consumo en fresco,2024,2024B,Transitorio,"0,00","80,00","320,00","4,00",1081001,0.0,80.0,320.0,4.0
08,Atlántico,08141,Candelaria,Raíces y tubérculos,Raíces y tubérculos,Yuca,Yuca consumo en fresco,2025,2025B,Transitorio,"0,00","100,00","400,00","4,00",1081001,0.0,100.0,400.0,4.0
08,Atlántico,08141,Candelaria,Raíces y tubérculos,Raíces y tubérculos,Yuca,Yuca industrial,2022,2022B,Transitorio,"0,00","7,50","90,00","12,00",1081002,0.0,7.5,90.0,12.0
08,Atlántico,08296,Galapa,Hortalizas,Hortalizas de fruto,Ají,Ají,2022,2022B,Transitorio,"0,00","5,00","40,00","8,00",1050300,0.0,5.0,40.0,8.0
08,Atlántico,08296,Galapa,Hortalizas,Hortalizas de fruto,Ají,Ají,2023,2023B,Transitorio,"0,00","4,50","36,00","8,00",1050300,0.0,4.5,36.0,8.0
08,Atlántico,08296,Galapa,Hortalizas,Hortalizas de fruto,Ají,Ají,2024,2024B,Transitorio,"0,00","5,90","47,20","8,00",1050300,0.0,5.9,47.2,8.0
08,Atlántico,08296,Galapa,Hortalizas,Hortalizas de fruto,Ají,Ají,2025,2025B,Transitorio,"0,00","7,00","49,00","7,00",1050300,0.0,7.0,49.0,7.0
08,Atlántico,08296,Galapa,Cereales,Cereales,Sorgo,Sorgo,2022,2022A,Transitorio,"0,00","82,00","164,00","2,00",1010700,0.0,82.0,164.0,2.0
08,Atlántico,08296,Galapa,Cereales,Cereales,Sorgo,Sorgo,2023,2023A,Transitorio,"0,00","36,00","72,00","2,00",1010700,0.0,36.0,72.0,2.0
08,Atlántico,08296,Galapa,Raíces y tubérculos,Raíces y tubérculos,Yuca,Yuca consumo en fresco,2022,2022A,Transitorio,"0,00","83,00","996,00","12,00",1081001,0.0,83.0,996.0,12.0
08,Atlántico,08296,Galapa,Raíces y tubérculos,Raíces y tubérculos,Yuca,Yuca consumo en fresco,2023,2023A,Transitorio,"0,00","40,50","486,00","12,00",1081001,0.0,40.5,486.0,12.0
08,Atlántico,08296,Galapa,Raíces y tubérculos,Raíces y tubérculos,Yuca,Yuca consumo en fresco,2024,2024A,Transitorio,"0,00","41,00","492,00","12,00",1081001,0.0,41.0,492.0,12.0
08,Atlántico,08421,Luruaco,Hortalizas,Hortalizas de fruto,Ají,Ají,2022,2022B,Transitorio,"0,00","22,00","330,00","15,00",1050300,0.0,22.0,330.0,15.0
08,Atlántico,08421,Luruaco,Hortalizas,Hortalizas de fruto,Ají,Ají,2023,2023B,Transitorio,"0,00","27,00","405,00","15,00",1050300,0.0,27.0,405.0,15.0
08,Atlántico,08421,Luruaco,Hortalizas,Hortalizas de fruto,Ají,Ají,2024,2024B,Transitorio,"0,00","24,00","288,00","12,00",1050300,0.0,24.0,288.0,12.0
08,Atlántico,08421,Luruaco,Hortalizas,Hortalizas de fruto,Ají,Ají,2025,2025B,Transitorio,"0,00","8,00","108,00","13,50",1050300,0.0,8.0,108.0,13.5
08,Atlántico,08421,Luruaco,Raíces y tubérculos,Raíces y tubérculos,Otras raíces y tubérculos,Otras raíces y tubérculos,2024,2024A,Transitorio,"0,00","4,50","54,00","12,00",1089900,0.0,4.5,54.0,12.0
08,Atlántico,08436,Manatí,Hortalizas,Hortalizas de fruto,Ají,Ají,2023,2023B,Transitorio,"0,00","2,00","10,00","5,00",1050300,0.0,2.0,10.0,5.0
08,Atlántico,08436,Manatí,Hortalizas,Hortalizas de fruto,Ají,Ají,2024,2024B,Transitorio,"0,00","2,00","10,00","5,00",1050300,0.0,2.0,10.0,5.0
08,Atlántico,08436,Manatí,Hortalizas,Hortalizas de fruto,Ají,Ají,2025,2025B,Transitorio,"0,00","2,00","10,00","5,00",1050300,0.0,2.0,10.0,5.0
08,Atlántico,08520,Palmar de Varela,Leguminosas,Leguminosas,Guandul,Guandul,2023,2023B,Transitorio,"0,00","60,00","108,00","1,80",1060900,0.0,60.0,108.0,1.8
08,Atlántico,08520,Palmar de Varela,Leguminosas,Leguminosas,Guandul,Guandul,2024,2024B,Transitorio,"0,00","35,00","44,06","1,26",1060900,0.0,35.0,44.06,1.26
08,Atlántico,08520,Palmar de Varela,Raíces y tubérculos,Raíces y tubérculos,Yuca,Yuca industrial,2022,2022B,Transitorio,"0,00","35,00","525,00","15,00",1081002,0.0,35.0,525.0,15.0
08,Atlántico,08520,Palmar de Varela,Raíces y tubérculos,Raíces y tubérculos,Yuca,Yuca industrial,2023,2023A,Transitorio,"0,00","15,00","225,00","15,00",1081002,0.0,15.0,225.0,15.0
08,Atlántico,08549,Piojó,Cereales,Cereales,Maíz,Maíz blanco tradicional,2023,2023A,Transitorio,"0,00","20,00","24,00","1,20",1010404,0.0,20.0,24.0,1.2
08,Atlántico,08549,Piojó,Cereales,Cereales,Millo,Millo,2022,2022A,Transitorio,"0,00","115,00","345,00","3,00",1010500,0.0,115.0,345.0,3.0
08,Atlántico,08549,Piojó,Raíces y tubérculos,Raíces y tubérculos,Ñame,Ñame Espino,2022,2022B,Transitorio,"0,00","10,00","40,00","4,00",1080602,0.0,10.0,40.0,4.0
08,Atlántico,08549,Piojó,Raíces y tubérculos,Raíces y tubérculos,Ñame,Ñame Espino,2023,2023B,Transitorio,"0,00","9,00","36,00","4,00",1080602,0.0,9.0,36.0,4.0
08,Atlántico,08549,Piojó,Raíces y tubérculos,Raíces y tubérculos,Yuca,Yuca consumo en fresco,2022,2022B,Transitorio,"0,00","60,00","540,00","9,00",1081001,0.0,60.0,540.0,9.0
08,Atlántico,08549,Piojó,Raíces y tubérculos,Raíces y tubérculos,Yuca,Yuca consumo en fresco,2023,2023B,Transitorio,"0,00","79,00","711,00","9,00",1081001,0.0,79.0,711.0,9.0
08,Atlántico,08558,Polonuevo,Hortalizas,Hortalizas de fruto,Ají,Ají,2024,2024B,Transitorio,"0,00","41,00","820,00","20,00",1050300,0.0,41.0,820.0,20.0
08,Atlántico,08558,Polonuevo,Hortalizas,Hortalizas de fruto,Ají,Ají,2025,2025B,Transitorio,"0,00","34,00","680,00","20,00",1050300,0.0,34.0,680.0,20.0
08,Atlántico,08558,Polonuevo,Raíces y tubérculos,Raíces y tubérculos,Yuca,Yuca consumo en fresco,2025,2025B,Transitorio,"0,00","145,00","1.160,00","8,00",1081001,0.0,145.0,1160.0,8.0
08,Atlántico,08560,Ponedera,Raíces y tubérculos,Raíces y tubérculos,Yuca,Yuca consumo en fresco,2024,2024B,Transitorio,"0,00","350,00","2.975,00","8,50",1081001,0.0,350.0,2975.0,8.5
08,Atlántico,08560,Ponedera,Raíces y tubérculos,Raíces y tubérculos,Yuca,Yuca consumo en fresco,2025,2025B,Transitorio,"0,00","370,00","3.330,00","9,00",1081001,0.0,370.0,3330.0,9.0
08,Atlántico,08606,Repelón,Hortalizas,Hortalizas de fruto,Ají,Ají,2022,2022B,Transitorio,"0,00","8,00","16,00","2,00",1050300,0.0,8.0,16.0,2.0
08,Atlántico,08606,Repelón,Leguminosas,Leguminosas,Guandul,Guandul,2022,2022A,Transitorio,"0,00","16,00","12,80","0,80",1060900,0.0,16.0,12.8,0.8
08,Atlántico,08606,Repelón,Cereales,Cereales,Maíz,Maíz blanco tecnificado,2022,2022A,Transitorio,"0,00","48,00","96,00","2,00",1010403,0.0,48.0,96.0,2.0
08,Atlántico,08606,Repelón,Cereales,Cereales,Maíz,Maíz blanco tecnificado,2023,2023A,Transitorio,"0,00","48,00","96,00","2,00",1010403,0.0,48.0,96.0,2.0
08,Atlántico,08606,Repelón,Cereales,Cereales,Maíz,Maíz blanco tradicional,2022,2022A,Transitorio,"0,00","120,00","108,00","0,90",1010404,0.0,120.0,108.0,0.9
08,Atlántico,08606,Repelón,Cereales,Cereales,Maíz,Maíz blanco tradicional,2023,2023A,Transitorio,"0,00","120,00","120,00","1,00",1010404,0.0,120.0,120.0,1.0
08,Atlántico,08606,Repelón,Raíces y tubérculos,Raíces y tubérculos,Ñame,Ñame demás variedades,2023,2023B,Transitorio,"0,00","415,00","4.980,00","12,00",1080699,0.0,415.0,4980.0,12.0
08,Atlántico,08606,Repelón,Raíces y tubérculos,Raíces y tubérculos,Ñame,Ñame Diamante,2024,2024B,Transitorio,"0,00","300,00","4.500,00","15,00",1080601,0.0,300.0,4500.0,15.0
08,Atlántico,08606,Repelón,Raíces y tubérculos,Raíces y tubérculos,Ñame,Ñame Diamante,2025,2025B,Transitorio,"0,00","120,00","1.800,00","15,00",1080601,0.0,120.0,1800.0,15.0
08,Atlántico,08606,Repelón,Raíces y tubérculos,Raíces y tubérculos,Ñame,Ñame Espino,2024,2024B,Transitorio,"0,00","68,00","1.156,00","17,00",1080602,0.0,68.0,1156.0,17.0
08,Atlántico,08606,Repelón,Raíces y tubérculos,Raíces y tubérculos,Ñame,Ñame Espino,2025,2025B,Transitorio,"0,00","45,00","765,00","17,00",1080602,0.0,45.0,765.0,17.0
08,Atlántico,08606,Repelón,Cereales,Cereales,Sorgo,Sorgo,2022,2022A,Transitorio,"0,00","58,00","58,00","1,00",1010700,0.0,58.0,58.0,1.0
08,Atlántico,08606,Repelón,Cereales,Cereales,Sorgo,Sorgo,2023,2023A,Transitorio,"0,00","58,00","58,00","1,00",1010700,0.0,58.0,58.0,1.0
08,Atlántico,08606,Repelón,Hortalizas,Hortalizas de fruto,Tomate,Tomate,2022,2022A,Transitorio,"0,00","31,00","713,00","23,00",1052901,0.0,31.0,713.0,23.0
08,Atlántico,08606,Repelón,Hortalizas,Hortalizas de fruto,Tomate,Tomate,2023,2023A,Transitorio,"0,00","31,00","713,00","23,00",1052901,0.0,31.0,713.0,23.0
08,Atlántico,08606,Repelón,Raíces y tubérculos,Raíces y tubérculos,Yuca,Yuca consumo en fresco,2022,2022B,Transitorio,"0,00","200,00","2.000,00","10,00",1081001,0.0,200.0,2000.0,10.0
08,Atlántico,08606,Repelón,Raíces y tubérculos,Raíces y tubérculos,Yuca,Yuca consumo en fresco,2023,2023B,Transitorio,"0,00","780,00","9.360,00","12,00",1081001,0.0,780.0,9360.0,12.0
08,Atlántico,08606,Repelón,Raíces y tubérculos,Raíces y tubérculos,Yuca,Yuca consumo en fresco,2024,2024B,Transitorio,"0,00","1.200,00","14.400,00","12,00",1081001,0.0,1200.0,14400.0,12.0
08,Atlántico,08638,Sabanalarga,Hortalizas,Hortalizas de fruto,Ají,Ají,2022,2022B,Transitorio,"0,00","3,00","30,00","10,00",1050300,0.0,3.0,30.0,10.0
08,Atlántico,08638,Sabanalarga,Hortalizas,Hortalizas de fruto,Ají,Ají,2023,2023B,Transitorio,"0,00","6,00","60,00","10,00",1050300,0.0,6.0,60.0,10.0
08,Atlántico,08638,Sabanalarga,Cereales,Cereales,Sorgo,Sorgo,2022,2022B,Transitorio,"0,00","20,00","60,00","3,00",1010700,0.0,20.0,60.0,3.0
08,Atlántico,08758,Soledad,Leguminosas,Leguminosas,Guandul,Guandul,2022,2022B,Transitorio,"0,00","12,00","12,00","1,00",1060900,0.0,12.0,12.0,1.0
08,Atlántico,08758,Soledad,Raíces y tubérculos,Raíces y tubérculos,Yuca,Yuca consumo en fresco,2023,2023B,Transitorio,"0,00","25,00","200,00","8,00",1081001,0.0,25.0,200.0,8.0
08,Atlántico,08770,Suan,Hortalizas,Hortalizas de fruto,Ahuyama,Ahuyama,2025,2025B,Transitorio,"0,00","25,00","150,00","6,00",1050200,0.0,25.0,150.0,6.0
08,Atlántico,08770,Suan,Cereales,Cereales,Arroz,Arroz riego,2022,2022A,Transitorio,"0,00","8,00","48,00","6,00",1010101,0.0,8.0,48.0,6.0
08,Atlántico,08832,Tubará,Cereales,Cereales,Sorgo,Sorgo,2022,2022B,Transitorio,"0,00","40,00","60,00","1,50",1010700,0.0,40.0,60.0,1.5
08,Atlántico,08832,Tubará,Raíces y tubérculos,Raíces y tubérculos,Yuca,Yuca consumo en fresco,2023,2023B,Transitorio,"0,00","302,00","1.751,60","5,80",1081001,0.0,302.0,1751.6,5.8
08,Atlántico,08849,Usiacurí,Oleaginosas,Oleaginosas,Ajonjolí,Ajonjolí,2024,2024B,Transitorio,"0,00","40,00","40,00","1,00",1070100,0.0,40.0,40.0,1.0
08,Atlántico,08849,Usiacurí,Oleaginosas,Oleaginosas,Ajonjolí,Ajonjolí,2025,2025B,Transitorio,"0,00","50,00","50,00","1,00",1070100,0.0,50.0,50.0,1.0
08,Atlántico,08849,Usiacurí,Leguminosas,Leguminosas,Frijol,Frijol,2025,2025B,Transitorio,"0,00","150,00","314,69","2,10",1060200,0.0,150.0,314.69,2.1
08,Atlántico,08849,Usiacurí,Leguminosas,Leguminosas,Guandul,Guandul,2022,2022B,Transitorio,"0,00","200,00","629,37","3,15",1060900,0.0,200.0,629.37,3.15
08,Atlántico,08849,Usiacurí,Leguminosas,Leguminosas,Guandul,Guandul,2025,2025B,Transitorio,"0,00","200,00","360,00","1,80",1060900,0.0,200.0,360.0,1.8
08,Atlántico,08849,Usiacurí,Cereales,Cereales,Maíz,Maíz amarillo tradicional,2023,2023B,Transitorio,"0,00","100,00","180,00","1,80",1010402,0.0,100.0,180.0,1.8
08,Atlántico,08849,Usiacurí,Cereales,Cereales,Millo,Millo,2024,2024B,Transitorio,"0,00","200,00","300,00","1,50",1010500,0.0,200.0,300.0,1.5
08,Atlántico,08849,Usiacurí,Cereales,Cereales,Millo,Millo,2025,2025B,Transitorio,"0,00","100,00","50,00","0,50",1010500,0.0,100.0,50.0,0.5
08,Atlántico,08849,Usiacurí,Raíces y tubérculos,Raíces y tubérculos,Yuca,Yuca consumo en fresco,2025,2025B,Transitorio,"0,00","200,00","2.400,00","12,00",1081001,0.0,200.0,2400.0,12.0
13,Bolívar,13001,Cartagena de Indias,Hortalizas,Hortalizas de fruto,Ají,Ají,2024,2024A,Transitorio,"0,00","1,00","2,00","2,00",1050300,0.0,1.0,2.0,2.0
13,Bolívar,13001,Cartagena de Indias,Cereales,Cereales,Arroz,Arroz secano manual,2025,2025A,Transitorio,"0,00","50,00","125,00","2,50",1010102,0.0,50.0,125.0,2.5
13,Bolívar,13001,Cartagena de Indias,Cereales,Cereales,Arroz,Arroz secano mecanizado,2023,2023A,Transitorio,"0,00","140,00","560,00","4,00",1010103,0.0,140.0,560.0,4.0
13,Bolívar,13001,Cartagena de Indias,Cereales,Cereales,Arroz,Arroz secano mecanizado,2024,2024A,Transitorio,"0,00","200,00","700,00","3,50",1010103,0.0,200.0,700.0,3.5
13,Bolívar,13001,Cartagena de Indias,Cereales,Cereales,Arroz,Arroz secano mecanizado,2025,2025A,Transitorio,"0,00","300,00","1.125,00","3,75",1010103,0.0,300.0,1125.0,3.75
13,Bolívar,13001,Cartagena de Indias,Hortalizas,Hortalizas de raíz,Batata,Batata,2025,2025B,Transitorio,"0,00","2,00","12,00","6,00",1050700,0.0,2.0,12.0,6.0
13,Bolívar,13001,Cartagena de Indias,Raíces y tubérculos,Raíces y tubérculos,Ñame,Ñame demás variedades,2025,2025B,Transitorio,"0,00","25,00","375,00","15,00",1080699,0.0,25.0,375.0,15.0
13,Bolívar,13001,Cartagena de Indias,Hortalizas,Hortalizas de fruto,Pimentón,Pimentón,2024,2024B,Transitorio,"0,00","1,00","15,00","15,00",1052500,0.0,1.0,15.0,15.0
13,Bolívar,13001,Cartagena de Indias,Cereales,Cereales,Sorgo,Sorgo,2022,2022B,Transitorio,"0,00","15,00","22,50","1,50",1010700,0.0,15.0,22.5,1.5
13,Bolívar,13001,Cartagena de Indias,Cereales,Cereales,Sorgo,Sorgo,2023,2023B,Transitorio,"0,00","10,00","10,00","1,00",1010700,0.0,10.0,10.0,1.0
13,Bolívar,13001,Cartagena de Indias,Cereales,Cereales,Sorgo,Sorgo,2024,2024B,Transitorio,"0,00","8,00","8,00","1,00",1010700,0.0,8.0,8.0,1.0
13,Bolívar,13001,Cartagena de Indias,Cereales,Cereales,Sorgo,Sorgo,2025,2025B,Transitorio,"0,00","12,00","12,00","1,00",1010700,0.0,12.0,12.0,1.0
13,Bolívar,13001,Cartagena de Indias,Raíces y tubérculos,Raíces y tubérculos,Yuca,Yuca consumo en fresco,2022,2022B,Transitorio,"0,00","600,00","5.400,00","9,00",1081001,0.0,600.0,5400.0,9.0
13,Bolívar,13001,Cartagena de Indias,Raíces y tubérculos,Raíces y tubérculos,Yuca,Yuca consumo en fresco,2023,2023B,Transitorio,"0,00","450,00","9.000,00","20,00",1081001,0.0,450.0,9000.0,20.0
13,Bolívar,13001,Cartagena de Indias,Raíces y tubérculos,Raíces y tubérculos,Yuca,Yuca consumo en fresco,2024,2024B,Transitorio,"0,00","350,00","7.000,00","20,00",1081001,0.0,350.0,7000.0,20.0
13,Bolívar,13001,Cartagena de Indias,Raíces y tubérculos,Raíces y tubérculos,Yuca,Yuca consumo en fresco,2025,2025B,Transitorio,"0,00","550,00","3.850,00","7,00",1081001,0.0,550.0,3850.0,7.0
13,Bolívar,13042,Arenal,Raíces y tubérculos,Raíces y tubérculos,Yuca,Yuca consumo en fresco,2022,2022B,Transitorio,"0,00","180,00","1.080,00","6,00",1081001,0.0,180.0,1080.0,6.0
13,Bolívar,13062,Arroyohondo,Raíces y tubérculos,Raíces y tubérculos,Ñame,Ñame demás variedades,2022,2022B,Transitorio,"0,00","68,00","340,00","5,00",1080699,0.0,68.0,340.0,5.0
13,Bolívar,13062,Arroyohondo,Raíces y tubérculos,Raíces y tubérculos,Ñame,Ñame demás variedades,2023,2023B,Transitorio,"0,00","70,00","350,00","5,00",1080699,0.0,70.0,350.0,5.0
13,Bolívar,13062,Arroyohondo,Raíces y tubérculos,Raíces y tubérculos,Ñame,Ñame demás variedades,2025,2025B,Transitorio,"0,00","60,00","240,00","4,00",1080699,0.0,60.0,240.0,4.0
13,Bolívar,13062,Arroyohondo,Raíces y tubérculos,Raíces y tubérculos,Yuca,Yuca consumo en fresco,2022,2022B,Transitorio,"0,00","275,00","2.200,00","8,00",1081001,0.0,275.0,2200.0,8.0
13,Bolívar,13062,Arroyohondo,Raíces y tubérculos,Raíces y tubérculos,Yuca,Yuca consumo en fresco,2023,2023B,Transitorio,"0,00","230,00","1.840,00","8,00",1081001,0.0,230.0,1840.0,8.0
13,Bolívar,13074,Barranco de Loba,Raíces y tubérculos,Raíces y tubérculos,Yuca,Yuca consumo en fresco,2022,2022B,Transitorio,"0,00","305,00","6.100,00","20,00",1081001,0.0,305.0,6100.0,20.0
13,Bolívar,13074,Barranco de Loba,Raíces y tubérculos,Raíces y tubérculos,Yuca,Yuca consumo en fresco,2023,2023B,Transitorio,"0,00","315,00","5.670,00","18,00",1081001,0.0,315.0,5670.0,18.0
13,Bolívar,13188,Cicuco,Hortalizas,Hortalizas de fruto,Ahuyama,Ahuyama,2024,2024A,Transitorio,"0,00","5,00","14,00","2,80",1050200,0.0,5.0,14.0,2.8
13,Bolívar,13188,Cicuco,Hortalizas,Hortalizas,Otras hortalizas,Otras hortalizas,2023,2023B,Transitorio,"0,00","5,00","8,00","1,60",1059900,0.0,5.0,8.0,1.6
13,Bolívar,13212,Córdoba,Hortalizas,Hortalizas de fruto,Ahuyama,Ahuyama,2022,2022B,Transitorio,"0,00","40,00","400,00","10,00",1050200,0.0,40.0,400.0,10.0
13,Bolívar,13212,Córdoba,Raíces y tubérculos,Raíces y tubérculos,Yuca,Yuca consumo en fresco,2022,2022B,Transitorio,"0,00","550,00","5.500,00","10,00",1081001,0.0,550.0,5500.0,10.0
13,Bolívar,13212,Córdoba,Raíces y tubérculos,Raíces y tubérculos,Yuca,Yuca consumo en fresco,2023,2023B,Transitorio,"0,00","400,00","2.000,00","5,00",1081001,0.0,400.0,2000.0,5.0
13,Bolívar,13222,Clemencia,Hortalizas,Hortalizas de fruto,Ají,Ají,2022,2022A,Transitorio,"0,00","2,50","10,00","4,00",1050300,0.0,2.5,10.0,4.0
13,Bolívar,13222,Clemencia,Cereales,Cereales,Millo,Millo,2022,2022A,Transitorio,"0,00","100,00","150,00","1,50",1010500,0.0,100.0,150.0,1.5
13,Bolívar,13222,Clemencia,Raíces y tubérculos,Raíces y tubérculos,Ñame,Ñame demás variedades,2022,2022B,Transitorio,"0,00","40,00","400,00","10,00",1080699,0.0,40.0,400.0,10.0
13,Bolívar,13222,Clemencia,Raíces y tubérculos,Raíces y tubérculos,Ñame,Ñame Espino,2022,2022B,Transitorio,"0,00","50,00","500,00","10,00",1080602,0.0,50.0,500.0,10.0
13,Bolívar,13244,El Carmen de Bolívar,Hortalizas,Hortalizas de fruto,Ají,Ají,2022,2022B,Transitorio,"0,00","58,00","87,00","1,50",1050300,0.0,58.0,87.0,1.5
13,Bolívar,13244,El Carmen de Bolívar,Oleaginosas,Oleaginosas,Ajonjolí,Ajonjolí,2022,2022A,Transitorio,"0,00","20,00","20,00","1,00",1070100,0.0,20.0,20.0,1.0
13,Bolívar,13244,El Carmen de Bolívar,Oleaginosas,Oleaginosas,Ajonjolí,Ajonjolí,2023,2023A,Transitorio,"0,00","20,00","20,00","1,00",1070100,0.0,20.0,20.0,1.0
13,Bolívar,13244,El Carmen de Bolívar,Oleaginosas,Oleaginosas,Ajonjolí,Ajonjolí,2024,2024A,Transitorio,"0,00","120,00","120,00","1,00",1070100,0.0,120.0,120.0,1.0
13,Bolívar,13244,El Carmen de Bolívar,Hortalizas,Hortalizas de fruto,Berenjena,Berenjena,2022,2022B,Transitorio,"0,00","7,00","84,00","12,00",1050800,0.0,7.0,84.0,12.0
13,Bolívar,13244,El Carmen de Bolívar,Raíces y tubérculos,Raíces y tubérculos,Ñame,Ñame Diamante,2022,2022B,Transitorio,"0,00","1.140,00","10.260,00","9,00",1080601,0.0,1140.0,10260.0,9.0
13,Bolívar,13244,El Carmen de Bolívar,Raíces y tubérculos,Raíces y tubérculos,Ñame,Ñame Diamante,2025,2025B,Transitorio,"0,00","2.850,00","25.650,00","9,00",1080601,0.0,2850.0,25650.0,9.0
13,Bolívar,13244,El Carmen de Bolívar,Raíces y tubérculos,Raíces y tubérculos,Ñame,Ñame Espino,2022,2022B,Transitorio,"0,00","600,00","6.600,00","11,00",1080602,0.0,600.0,6600.0,11.0
13,Bolívar,13244,El Carmen de Bolívar,Raíces y tubérculos,Raíces y tubérculos,Ñame,Ñame Espino,2023,2023B,Transitorio,"0,00","760,00","8.360,00","11,00",1080602,0.0,760.0,8360.0,11.0
13,Bolívar,13244,El Carmen de Bolívar,Raíces y tubérculos,Raíces y tubérculos,Ñame,Ñame Espino,2025,2025B,Transitorio,"0,00","2.000,00","22.000,00","11,00",1080602,0.0,2000.0,22000.0,11.0
13,Bolívar,13244,El Carmen de Bolívar,Cultivos tropicales tradicionales,Cultivos tropicales tradicionales,Tabaco,Tabaco,2022,2022B,Transitorio,"0,00","130,00","130,00","1,00",1030700,0.0,130.0,130.0,1.0
13,Bolívar,13244,El Carmen de Bolívar,Cultivos tropicales tradicionales,Cultivos tropicales tradicionales,Tabaco,Tabaco,2023,2023B,Transitorio,"0,00","150,00","150,00","1,00",1030700,0.0,150.0,150.0,1.0
13,Bolívar,13248,El Guamo,Leguminosas,Leguminosas,Frijol,Frijol,2022,2022B,Transitorio,"0,00","1,50","1,50","1,00",1060200,0.0,1.5,1.5,1.0
13,Bolívar,13268,El Peñón,Hortalizas,Hortalizas de fruto,Ahuyama,Ahuyama,2023,2023B,Transitorio,"0,00","13,00","130,00","10,00",1050200,0.0,13.0,130.0,10.0
13,Bolívar,13268,El Peñón,Hortalizas,Hortalizas de fruto,Ahuyama,Ahuyama,2024,2024B,Transitorio,"0,00","9,00","90,00","10,00",1050200,0.0,9.0,90.0,10.0
13,Bolívar,13268,El Peñón,Hortalizas,Hortalizas de fruto,Ahuyama,Ahuyama,2025,2025B,Transitorio,"0,00","6,00","60,00","10,00",1050200,0.0,6.0,60.0,10.0
13,Bolívar,13268,El Peñón,Cereales,Cereales,Arroz,Arroz secano manual,2023,2023B,Transitorio,"0,00","6,00","18,00","3,00",1010102,0.0,6.0,18.0,3.0
13,Bolívar,13430,Magangué,Hortalizas,Hortalizas de fruto,Ahuyama,Ahuyama,2025,2025B,Transitorio,"0,00","620,00","7.440,00","12,00",1050200,0.0,620.0,7440.0,12.0
13,Bolívar,13430,Magangué,Raíces y tubérculos,Raíces y tubérculos,Yuca,Yuca industrial,2023,2023B,Transitorio,"0,00","8,00","88,00","11,00",1081002,0.0,8.0,88.0,11.0
13,Bolívar,13433,Mahates,Leguminosas,Leguminosas,Frijol,Frijol,2025,2025A,Transitorio,"0,00","20,00","34,97","1,75",1060200,0.0,20.0,34.97,1.75
13,Bolívar,13433,Mahates,Raíces y tubérculos,Raíces y tubérculos,Ñame,Ñame demás variedades,2022,2022B,Transitorio,"0,00","350,00","3.500,00","10,00",1080699,0.0,350.0,3500.0,10.0
13,Bolívar,13433,Mahates,Raíces y tubérculos,Raíces y tubérculos,Ñame,Ñame demás variedades,2023,2023B,Transitorio,"0,00","400,00","4.000,00","10,00",1080699,0.0,400.0,4000.0,10.0
13,Bolívar,13433,Mahates,Raíces y tubérculos,Raíces y tubérculos,Ñame,Ñame demás variedades,2024,2024B,Transitorio,"0,00","400,00","4.000,00","10,00",1080699,0.0,400.0,4000.0,10.0
13,Bolívar,13433,Mahates,Raíces y tubérculos,Raíces y tubérculos,Ñame,Ñame demás variedades,2025,2025B,Transitorio,"0,00","400,00","4.000,00","10,00",1080699,0.0,400.0,4000.0,10.0
13,Bolívar,13440,Margarita,Raíces y tubérculos,Raíces y tubérculos,Yuca,Yuca consumo en fresco,2023,2023B,Transitorio,"0,00","253,00","6.325,00","25,00",1081001,0.0,253.0,6325.0,25.0
13,Bolívar,13442,María La Baja,Hortalizas,Hortalizas de fruto,Ahuyama,Ahuyama,2025,2025A,Transitorio,"0,00","35,00","770,00","22,00",1050200,0.0,35.0,770.0,22.0
13,Bolívar,13442,María La Baja,Hortalizas,Hortalizas de fruto,Ají,Ají,2025,2025A,Transitorio,"0,00","40,00","400,00","10,00",1050300,0.0,40.0,400.0,10.0
13,Bolívar,13442,María La Baja,Leguminosas,Leguminosas,Frijol,Frijol,2025,2025A,Transitorio,"0,00","80,00","83,92","1,05",1060200,0.0,80.0,83.92,1.05
13,Bolívar,13442,María La Baja,Raíces y tubérculos,Raíces y tubérculos,Ñame,Ñame demás variedades,2023,2023A,Transitorio,"0,00","500,00","4.500,00","9,00",1080699,0.0,500.0,4500.0,9.0
13,Bolívar,13458,Montecristo,Raíces y tubérculos,Raíces y tubérculos,Ñame,Ñame Diamante,2024,2024B,Transitorio,"0,00","35,00","297,50","8,50",1080601,0.0,35.0,297.5,8.5
13,Bolívar,13458,Montecristo,Hortalizas,Hortalizas de fruto,Patilla,Patilla,2022,2022A,Transitorio,"0,00","25,00","75,00","3,00",1052200,0.0,25.0,75.0,3.0
13,Bolívar,13458,Montecristo,Hortalizas,Hortalizas de fruto,Patilla,Patilla,2023,2023A,Transitorio,"0,00","25,00","500,00","20,00",1052200,0.0,25.0,500.0,20.0
13,Bolívar,13473,Morales,Cereales,Cereales,Maíz,Maíz blanco tradicional,2023,2023B,Transitorio,"0,00","285,00","855,00","3,00",1010404,0.0,285.0,855.0,3.0
13,Bolívar,13549,Pinillos,Cereales,Cereales,Arroz,Arroz secano mecanizado,2024,2024A,Transitorio,"0,00","50,00","175,00","3,50",1010103,0.0,50.0,175.0,3.5
13,Bolívar,13549,Pinillos,Raíces y tubérculos,Raíces y tubérculos,Yuca,Yuca consumo en fresco,2025,2025B,Transitorio,"0,00","380,00","2.090,00","5,50",1081001,0.0,380.0,2090.0,5.5
13,Bolívar,13647,San Estanislao,Raíces y tubérculos,Raíces y tubérculos,Yuca,Yuca industrial,2024,2024B,Transitorio,"0,00","59,00","708,00","12,00",1081002,0.0,59.0,708.0,12.0
13,Bolívar,13650,San Fernando,Raíces y tubérculos,Raíces y tubérculos,Yuca,Yuca consumo en fresco,2022,2022B,Transitorio,"0,00","35,00","140,00","4,00",1081001,0.0,35.0,140.0,4.0
13,Bolívar,13654,San Jacinto,Hortalizas,Hortalizas de fruto,Ahuyama,Ahuyama,2022,2022B,Transitorio,"0,00","25,00","175,00","7,00",1050200,0.0,25.0,175.0,7.0
13,Bolívar,13654,San Jacinto,Hortalizas,Hortalizas de fruto,Ahuyama,Ahuyama,2023,2023B,Transitorio,"0,00","40,00","280,00","7,00",1050200,0.0,40.0,280.0,7.0
13,Bolívar,13654,San Jacinto,Hortalizas,Hortalizas de fruto,Ahuyama,Ahuyama,2024,2024B,Transitorio,"0,00","20,00","140,00","7,00",1050200,0.0,20.0,140.0,7.0
13,Bolívar,13654,San Jacinto,Hortalizas,Hortalizas de fruto,Ahuyama,Ahuyama,2025,2025B,Transitorio,"0,00","30,00","210,00","7,00",1050200,0.0,30.0,210.0,7.0
13,Bolívar,13654,San Jacinto,Hortalizas,Hortalizas de raíz,Batata,Batata,2022,2022B,Transitorio,"0,00","12,00","60,00","5,00",1050700,0.0,12.0,60.0,5.0
13,Bolívar,13654,San Jacinto,Hortalizas,Hortalizas de raíz,Batata,Batata,2023,2023B,Transitorio,"0,00","12,00","60,00","5,00",1050700,0.0,12.0,60.0,5.0
13,Bolívar,13654,San Jacinto,Hortalizas,Hortalizas de raíz,Batata,Batata,2024,2024B,Transitorio,"0,00","12,00","60,00","5,00",1050700,0.0,12.0,60.0,5.0
13,Bolívar,13654,San Jacinto,Hortalizas,Hortalizas de raíz,Batata,Batata,2025,2025B,Transitorio,"0,00","20,00","100,00","5,00",1050700,0.0,20.0,100.0,5.0
13,Bolívar,13654,San Jacinto,Hortalizas,Hortalizas de fruto,Berenjena,Berenjena,2022,2022B,Transitorio,"0,00","6,00","72,00","12,00",1050800,0.0,6.0,72.0,12.0
13,Bolívar,13654,San Jacinto,Hortalizas,Hortalizas de fruto,Berenjena,Berenjena,2023,2023B,Transitorio,"0,00","6,00","72,00","12,00",1050800,0.0,6.0,72.0,12.0
13,Bolívar,13654,San Jacinto,Hortalizas,Hortalizas de fruto,Berenjena,Berenjena,2024,2024B,Transitorio,"0,00","6,00","72,00","12,00",1050800,0.0,6.0,72.0,12.0
13,Bolívar,13654,San Jacinto,Hortalizas,Hortalizas de fruto,Berenjena,Berenjena,2025,2025B,Transitorio,"0,00","8,00","96,00","12,00",1050800,0.0,8.0,96.0,12.0
13,Bolívar,13654,San Jacinto,Hortalizas,Hortalizas de fruto,Patilla,Patilla,2022,2022B,Transitorio,"0,00","14,00","70,00","5,00",1052200,0.0,14.0,70.0,5.0
13,Bolívar,13654,San Jacinto,Hortalizas,Hortalizas de fruto,Patilla,Patilla,2023,2023B,Transitorio,"0,00","15,00","75,00","5,00",1052200,0.0,15.0,75.0,5.0
13,Bolívar,13654,San Jacinto,Hortalizas,Hortalizas de fruto,Patilla,Patilla,2024,2024B,Transitorio,"0,00","12,00","60,00","5,00",1052200,0.0,12.0,60.0,5.0
13,Bolívar,13654,San Jacinto,Hortalizas,Hortalizas de fruto,Patilla,Patilla,2025,2025B,Transitorio,"0,00","15,00","75,00","5,00",1052200,0.0,15.0,75.0,5.0
13,Bolívar,13654,San Jacinto,Cultivos tropicales tradicionales,Cultivos tropicales tradicionales,Tabaco,Tabaco,2022,2022B,Transitorio,"0,00","75,00","150,00","2,00",1030700,0.0,75.0,150.0,2.0
13,Bolívar,13654,San Jacinto,Cultivos tropicales tradicionales,Cultivos tropicales tradicionales,Tabaco,Tabaco,2023,2023B,Transitorio,"0,00","60,00","120,00","2,00",1030700,0.0,60.0,120.0,2.0
13,Bolívar,13654,San Jacinto,Cultivos tropicales tradicionales,Cultivos tropicales tradicionales,Tabaco,Tabaco,2024,2024B,Transitorio,"0,00","30,00","60,00","2,00",1030700,0.0,30.0,60.0,2.0
13,Bolívar,13654,San Jacinto,Cultivos tropicales tradicionales,Cultivos tropicales tradicionales,Tabaco,Tabaco,2025,2025B,Transitorio,"0,00","20,00","40,00","2,00",1030700,0.0,20.0,40.0,2.0
13,Bolívar,13654,San Jacinto,Hortalizas,Hortalizas de fruto,Tomate,Tomate,2022,2022B,Transitorio,"0,00","8,00","72,00","9,00",1052901,0.0,8.0,72.0,9.0
13,Bolívar,13654,San Jacinto,Hortalizas,Hortalizas de fruto,Tomate,Tomate,2023,2023B,Transitorio,"0,00","8,00","72,00","9,00",1052901,0.0,8.0,72.0,9.0
13,Bolívar,13654,San Jacinto,Hortalizas,Hortalizas de fruto,Tomate,Tomate,2024,2024B,Transitorio,"0,00","6,00","54,00","9,00",1052901,0.0,6.0,54.0,9.0
13,Bolívar,13654,San Jacinto,Hortalizas,Hortalizas de fruto,Tomate,Tomate,2025,2025B,Transitorio,"0,00","10,00","90,00","9,00",1052901,0.0,10.0,90.0,9.0
13,Bolívar,13657,San Juan Nepomuceno,Hortalizas,Hortalizas de fruto,Ají,Ají,2024,2024B,Transitorio,"0,00","500,00","7.500,00","15,00",1050300,0.0,500.0,7500.0,15.0
13,Bolívar,13657,San Juan Nepomuceno,Leguminosas,Leguminosas,Frijol,Frijol,2024,2024A,Transitorio,"0,00","87,50","131,25","1,50",1060200,0.0,87.5,131.25,1.5
13,Bolívar,13657,San Juan Nepomuceno,Cereales,Cereales,Maíz,Maíz amarillo tecnificado,2022,2022B,Transitorio,"0,00","350,00","1.050,00","3,00",1010401,0.0,350.0,1050.0,3.0
13,Bolívar,13657,San Juan Nepomuceno,Cereales,Cereales,Maíz,Maíz amarillo tecnificado,2024,2024B,Transitorio,"0,00","20,00","70,00","3,50",1010401,0.0,20.0,70.0,3.5
13,Bolívar,13657,San Juan Nepomuceno,Cereales,Cereales,Maíz,Maíz blanco tecnificado,2022,2022B,Transitorio,"0,00","45,00","135,00","3,00",1010403,0.0,45.0,135.0,3.0
13,Bolívar,13657,San Juan Nepomuceno,Cereales,Cereales,Maíz,Maíz blanco tecnificado,2024,2024B,Transitorio,"0,00","20,00","70,00","3,50",1010403,0.0,20.0,70.0,3.5
13,Bolívar,13657,San Juan Nepomuceno,Raíces y tubérculos,Raíces y tubérculos,Ñame,Ñame demás variedades,2024,2024A,Transitorio,"0,00","180,00","1.800,00","10,00",1080699,0.0,180.0,1800.0,10.0
13,Bolívar,13657,San Juan Nepomuceno,Raíces y tubérculos,Raíces y tubérculos,Ñame,Ñame Espino,2022,2022B,Transitorio,"0,00","2.000,00","30.000,00","15,00",1080602,0.0,2000.0,30000.0,15.0
13,Bolívar,13657,San Juan Nepomuceno,Raíces y tubérculos,Raíces y tubérculos,Ñame,Ñame Espino,2023,2023B,Transitorio,"0,00","2.100,00","31.500,00","15,00",1080602,0.0,2100.0,31500.0,15.0
13,Bolívar,13667,San Martín de Loba,Hortalizas,Hortalizas de fruto,Ahuyama,Ahuyama,2025,2025A,Transitorio,"0,00","25,00","150,00","6,00",1050200,0.0,25.0,150.0,6.0
13,Bolívar,13667,San Martín de Loba,Hortalizas,Hortalizas de fruto,Patilla,Patilla,2025,2025A,Transitorio,"0,00","20,00","160,00","8,00",1052200,0.0,20.0,160.0,8.0
13,Bolívar,13667,San Martín de Loba,Raíces y tubérculos,Raíces y tubérculos,Yuca,Yuca consumo en fresco,2025,2025B,Transitorio,"0,00","20,00","80,00","4,00",1081001,0.0,20.0,80.0,4.0
13,Bolívar,13673,Santa Catalina,Hortalizas,Hortalizas de fruto,Ají,Ají,2023,2023B,Transitorio,"0,00","4,00","4,00","1,00",1050300,0.0,4.0,4.0,1.0
13,Bolívar,13673,Santa Catalina,Leguminosas,Leguminosas,Frijol,Frijol,2024,2024B,Transitorio,"0,00","7,00","14,00","2,00",1060200,0.0,7.0,14.0,2.0
13,Bolívar,13673,Santa Catalina,Raíces y tubérculos,Raíces y tubérculos,Ñame,Ñame demás variedades,2023,2023B,Transitorio,"0,00","8,00","32,00","4,00",1080699,0.0,8.0,32.0,4.0
13,Bolívar,13673,Santa Catalina,Raíces y tubérculos,Raíces y tubérculos,Ñame,Ñame demás variedades,2024,2024B,Transitorio,"0,00","50,00","200,00","4,00",1080699,0.0,50.0,200.0,4.0
13,Bolívar,13683,Santa Rosa,Hortalizas,Hortalizas de fruto,Melón,Melón,2022,2022A,Transitorio,"0,00","13,00","117,00","9,00",1052000,0.0,13.0,117.0,9.0
13,Bolívar,13683,Santa Rosa,Hortalizas,Hortalizas de fruto,Tomate,Tomate,2025,2025A,Transitorio,"0,00","1,00","8,00","8,00",1052901,0.0,1.0,8.0,8.0
13,Bolívar,13688,Santa Rosa del Sur,Hortalizas,Hortalizas de fruto,Tomate,Tomate,2025,2025A,Transitorio,"0,00","10,00","40,00","4,00",1052901,0.0,10.0,40.0,4.0
13,Bolívar,13780,Talaigua Nuevo,Cereales,Cereales,Maíz,Maíz amarillo tradicional,2024,2024B,Transitorio,"0,00","20,00","8,39","0,42",1010402,0.0,20.0,8.39,0.42
13,Bolívar,13780,Talaigua Nuevo,Cereales,Cereales,Maíz,Maíz blanco tradicional,2023,2023A,Transitorio,"0,00","10,00","15,00","1,50",1010404,0.0,10.0,15.0,1.5
13,Bolívar,13780,Talaigua Nuevo,Raíces y tubérculos,Raíces y tubérculos,Yuca,Yuca consumo en fresco,2022,2022B,Transitorio,"0,00","150,00","1.200,00","8,00",1081001,0.0,150.0,1200.0,8.0
13,Bolívar,13780,Talaigua Nuevo,Raíces y tubérculos,Raíces y tubérculos,Yuca,Yuca consumo en fresco,2023,2023B,Transitorio,"0,00","150,00","675,00","4,50",1081001,0.0,150.0,675.0,4.5
13,Bolívar,13780,Talaigua Nuevo,Raíces y tubérculos,Raíces y tubérculos,Yuca,Yuca consumo en fresco,2024,2024B,Transitorio,"0,00","190,00","855,00","4,50",1081001,0.0,190.0,855.0,4.5
13,Bolívar,13780,Talaigua Nuevo,Raíces y tubérculos,Raíces y tubérculos,Yuca,Yuca consumo en fresco,2025,2025B,Transitorio,"0,00","170,00","765,00","4,50",1081001,0.0,170.0,765.0,4.5
13,Bolívar,13810,Tiquisio,Raíces y tubérculos,Raíces y tubérculos,Ñame,Ñame demás variedades,2025,2025B,Transitorio,"0,00","80,00","880,00","11,00",1080699,0.0,80.0,880.0,11.0
13,Bolívar,13810,Tiquisio,Raíces y tubérculos,Raíces y tubérculos,Yuca,Yuca consumo en fresco,2022,2022B,Transitorio,"0,00","125,00","1.500,00","12,00",1081001,0.0,125.0,1500.0,12.0
13,Bolívar,13810,Tiquisio,Raíces y tubérculos,Raíces y tubérculos,Yuca,Yuca consumo en fresco,2023,2023B,Transitorio,"0,00","140,00","1.680,00","12,00",1081001,0.0,140.0,1680.0,12.0
13,Bolívar,13810,Tiquisio,Raíces y tubérculos,Raíces y tubérculos,Yuca,Yuca consumo en fresco,2024,2024B,Transitorio,"0,00","183,00","2.196,00","12,00",1081001,0.0,183.0,2196.0,12.0
13,Bolívar,13810,Tiquisio,Raíces y tubérculos,Raíces y tubérculos,Yuca,Yuca consumo en fresco,2025,2025B,Transitorio,"0,00","195,00","2.340,00","12,00",1081001,0.0,195.0,2340.0,12.0
13,Bolívar,13836,Turbaco,Raíces y tubérculos,Raíces y tubérculos,Ñame,Ñame demás variedades,2022,2022B,Transitorio,"0,00","369,00","1.291,50","3,50",1080699,0.0,369.0,1291.5,3.5
13,Bolívar,13836,Turbaco,Raíces y tubérculos,Raíces y tubérculos,Ñame,Ñame demás variedades,2023,2023B,Transitorio,"0,00","234,00","819,00","3,50",1080699,0.0,234.0,819.0,3.5
13,Bolívar,13836,Turbaco,Raíces y tubérculos,Raíces y tubérculos,Ñame,Ñame demás variedades,2024,2024B,Transitorio,"0,00","390,00","1.365,00","3,50",1080699,0.0,390.0,1365.0,3.5
13,Bolívar,13836,Turbaco,Raíces y tubérculos,Raíces y tubérculos,Ñame,Ñame demás variedades,2025,2025B,Transitorio,"0,00","404,00","1.414,00","3,50",1080699,0.0,404.0,1414.0,3.5
13,Bolívar,13836,Turbaco,Raíces y tubérculos,Raíces y tubérculos,Yuca,Yuca consumo en fresco,2023,2023B,Transitorio,"0,00","756,00","3.024,00","4,00",1081001,0.0,756.0,3024.0,4.0
13,Bolívar,13836,Turbaco,Raíces y tubérculos,Raíces y tubérculos,Yuca,Yuca consumo en fresco,2024,2024B,Transitorio,"0,00","860,00","3.440,00","4,00",1081001,0.0,860.0,3440.0,4.0
13,Bolívar,13836,Turbaco,Raíces y tubérculos,Raíces y tubérculos,Yuca,Yuca consumo en fresco,2025,2025B,Transitorio,"0,00","945,00","3.780,00","4,00",1081001,0.0,945.0,3780.0,4.0
13,Bolívar,13894,Zambrano,Oleaginosas,Oleaginosas,Ajonjolí,Ajonjolí,2022,2022B,Transitorio,"0,00","45,00","45,00","1,00",1070100,0.0,45.0,45.0,1.0
13,Bolívar,13894,Zambrano,Cultivos tropicales tradicionales,Cultivos tropicales tradicionales,Tabaco,Tabaco,2022,2022B,Transitorio,"0,00","20,00","40,00","2,00",1030700,0.0,20.0,40.0,2.0
15,Boyacá,15001,Tunja,Leguminosas,Leguminosas,Frijol,Frijol,2023,2023B,Transitorio,"0,00","5,00","5,24","1,05",1060200,0.0,5.0,5.24,1.05
15,Boyacá,15001,Tunja,Leguminosas,Leguminosas,Frijol,Frijol,2024,2024B,Transitorio,"0,00","8,00","8,39","1,05",1060200,0.0,8.0,8.39,1.05
15,Boyacá,15022,Almeida,Raíces y tubérculos,Raíces y tubérculos,Arracacha,Arracacha,2024,2024B,Transitorio,"0,00","3,00","9,00","3,00",1080200,0.0,3.0,9.0,3.0
15,Boyacá,15022,Almeida,Cereales,Cereales,Maíz,Maíz amarillo tradicional,2022,2022B,Transitorio,"0,00","49,00","88,20","1,80",1010402,0.0,49.0,88.2,1.8
15,Boyacá,15022,Almeida,Cereales,Cereales,Maíz,Maíz amarillo tradicional,2023,2023B,Transitorio,"0,00","50,00","90,00","1,80",1010402,0.0,50.0,90.0,1.8
15,Boyacá,15022,Almeida,Cereales,Cereales,Maíz,Maíz amarillo tradicional,2025,2025B,Transitorio,"0,00","55,00","99,00","1,80",1010402,0.0,55.0,99.0,1.8
15,Boyacá,15022,Almeida,Raíces y tubérculos,Raíces y tubérculos,Papa,Papa todas las variedades,2022,2022B,Transitorio,"0,00","4,50","40,50","9,00",1080701,0.0,4.5,40.5,9.0
15,Boyacá,15047,Aquitania,Leguminosas,Leguminosas,Arveja,Arveja,2024,2024A,Transitorio,"0,00","17,50","27,80","1,59",1060100,0.0,17.5,27.8,1.59
15,Boyacá,15047,Aquitania,Leguminosas,Leguminosas,Frijol,Frijol,2024,2024A,Transitorio,"0,00","23,00","34,50","1,50",1060200,0.0,23.0,34.5,1.5
15,Boyacá,15047,Aquitania,Leguminosas,Leguminosas,Frijol,Frijol,2025,2025A,Transitorio,"0,00","19,00","13,29","0,70",1060200,0.0,19.0,13.29,0.7
15,Boyacá,15087,Belén,Cereales,Cereales,Maíz,Maíz amarillo tradicional,2022,2022B,Transitorio,"0,00","20,00","24,05","1,20",1010402,0.0,20.0,24.05,1.2
15,Boyacá,15087,Belén,Cereales,Cereales,Maíz,Maíz amarillo tradicional,2023,2023B,Transitorio,"0,00","20,00","24,05","1,20",1010402,0.0,20.0,24.05,1.2
15,Boyacá,15092,Betéitiva,Cereales,Cereales,Cebada,Cebada,2024,2024B,Transitorio,"0,00","4,00","6,00","1,50",1010300,0.0,4.0,6.0,1.5
15,Boyacá,15092,Betéitiva,Leguminosas,Leguminosas,Haba,Haba,2022,2022B,Transitorio,"0,00","3,00","2,65","0,88",1060500,0.0,3.0,2.65,0.88
15,Boyacá,15092,Betéitiva,Leguminosas,Leguminosas,Haba,Haba,2023,2023B,Transitorio,"0,00","3,00","2,64","0,88",1060500,0.0,3.0,2.64,0.88
15,Boyacá,15092,Betéitiva,Leguminosas,Leguminosas,Haba,Haba,2024,2024B,Transitorio,"0,00","3,00","2,64","0,88",1060500,0.0,3.0,2.64,0.88
15,Boyacá,15092,Betéitiva,Leguminosas,Leguminosas,Haba,Haba,2025,2025B,Transitorio,"0,00","1,00","0,90","0,90",1060500,0.0,1.0,0.9,0.9
15,Boyacá,15092,Betéitiva,Cereales,Cereales,Maíz,Maíz amarillo tradicional,2022,2022B,Transitorio,"0,00","17,00","28,53","1,68",1010402,0.0,17.0,28.53,1.68
15,Boyacá,15092,Betéitiva,Cereales,Cereales,Maíz,Maíz amarillo tradicional,2023,2023B,Transitorio,"0,00","18,00","30,20","1,68",1010402,0.0,18.0,30.2,1.68
15,Boyacá,15092,Betéitiva,Cereales,Cereales,Maíz,Maíz amarillo tradicional,2024,2024B,Transitorio,"0,00","9,00","12,58","1,40",1010402,0.0,9.0,12.58,1.4
15,Boyacá,15092,Betéitiva,Cereales,Cereales,Maíz,Maíz amarillo tradicional,2025,2025B,Transitorio,"0,00","10,00","13,98","1,40",1010402,0.0,10.0,13.98,1.4
15,Boyacá,15092,Betéitiva,Cereales,Cereales,Trigo,Trigo,2024,2024B,Transitorio,"0,00","9,00","18,00","2,00",1010800,0.0,9.0,18.0,2.0
15,Boyacá,15092,Betéitiva,Cereales,Cereales,Trigo,Trigo,2025,2025B,Transitorio,"0,00","9,00","18,00","2,00",1010800,0.0,9.0,18.0,2.0
15,Boyacá,15104,Boyacá,Raíces y tubérculos,Raíces y tubérculos,Arracacha,Arracacha,2022,2022B,Transitorio,"0,00","140,00","2.800,00","20,00",1080200,0.0,140.0,2800.0,20.0
15,Boyacá,15131,Caldas,Cereales,Cereales,Trigo,Trigo,2023,2023B,Transitorio,"0,00","10,00","30,00","3,00",1010800,0.0,10.0,30.0,3.0
15,Boyacá,15135,Campohermoso,Leguminosas,Leguminosas,Frijol,Frijol,2024,2024A,Transitorio,"0,00","80,00","93,60","1,17",1060200,0.0,80.0,93.6,1.17
15,Boyacá,15135,Campohermoso,Leguminosas,Leguminosas,Frijol,Frijol,2025,2025A,Transitorio,"0,00","70,00","70,00","1,00",1060200,0.0,70.0,70.0,1.0
15,Boyacá,15162,Cerinza,Cereales,Cereales,Maíz,Maíz amarillo tradicional,2022,2022B,Transitorio,"0,00","12,00","11,98","1,00",1010402,0.0,12.0,11.98,1.0
15,Boyacá,15162,Cerinza,Cereales,Cereales,Maíz,Maíz amarillo tradicional,2023,2023B,Transitorio,"0,00","12,00","11,98","1,00",1010402,0.0,12.0,11.98,1.0
15,Boyacá,15162,Cerinza,Cereales,Cereales,Maíz,Maíz amarillo tradicional,2024,2024B,Transitorio,"0,00","8,00","7,99","1,00",1010402,0.0,8.0,7.99,1.0
15,Boyacá,15162,Cerinza,Cereales,Cereales,Maíz,Maíz amarillo tradicional,2025,2025B,Transitorio,"0,00","8,00","7,83","0,98",1010402,0.0,8.0,7.83,0.98
15,Boyacá,15162,Cerinza,Raíces y tubérculos,Raíces y tubérculos,Papa,Papa criolla,2025,2025B,Transitorio,"0,00","5,00","50,00","10,00",1080702,0.0,5.0,50.0,10.0
15,Boyacá,15176,Chiquinquirá,Leguminosas,Leguminosas,Haba,Haba,2022,2022B,Transitorio,"0,00","5,00","7,08","1,42",1060500,0.0,5.0,7.08,1.42
15,Boyacá,15176,Chiquinquirá,Leguminosas,Leguminosas,Haba,Haba,2023,2023B,Transitorio,"0,00","5,00","7,08","1,42",1060500,0.0,5.0,7.08,1.42
15,Boyacá,15176,Chiquinquirá,Leguminosas,Leguminosas,Haba,Haba,2024,2024B,Transitorio,"0,00","4,00","5,66","1,42",1060500,0.0,4.0,5.66,1.42
15,Boyacá,15176,Chiquinquirá,Leguminosas,Leguminosas,Haba,Haba,2025,2025B,Transitorio,"0,00","1,40","4,48","3,20",1060500,0.0,1.4,4.48,3.2
15,Boyacá,15176,Chiquinquirá,Cereales,Cereales,Maíz,Maíz amarillo tradicional,2022,2022B,Transitorio,"0,00","85,00","142,63","1,68",1010402,0.0,85.0,142.63,1.68
15,Boyacá,15176,Chiquinquirá,Cereales,Cereales,Maíz,Maíz amarillo tradicional,2023,2023B,Transitorio,"0,00","80,00","134,24","1,68",1010402,0.0,80.0,134.24,1.68
15,Boyacá,15180,Chiscas,Leguminosas,Leguminosas,Haba,Haba,2022,2022B,Transitorio,"0,00","3,00","5,31","1,77",1060500,0.0,3.0,5.31,1.77
15,Boyacá,15180,Chiscas,Leguminosas,Leguminosas,Haba,Haba,2023,2023B,Transitorio,"0,00","2,00","3,54","1,77",1060500,0.0,2.0,3.54,1.77
15,Boyacá,15180,Chiscas,Leguminosas,Leguminosas,Haba,Haba,2024,2024B,Transitorio,"0,00","1,00","1,77","1,77",1060500,0.0,1.0,1.77,1.77
15,Boyacá,15180,Chiscas,Leguminosas,Leguminosas,Haba,Haba,2025,2025B,Transitorio,"0,00","3,00","5,31","1,77",1060500,0.0,3.0,5.31,1.77
15,Boyacá,15180,Chiscas,Cereales,Cereales,Trigo,Trigo,2022,2022A,Transitorio,"0,00","18,00","54,00","3,00",1010800,0.0,18.0,54.0,3.0
15,Boyacá,15180,Chiscas,Cereales,Cereales,Trigo,Trigo,2023,2023A,Transitorio,"0,00","15,00","12,00","0,80",1010800,0.0,15.0,12.0,0.8
15,Boyacá,15183,Chita,Leguminosas,Leguminosas,Haba,Haba,2022,2022B,Transitorio,"0,00","4,00","8,00","2,00",1060500,0.0,4.0,8.0,2.0
15,Boyacá,15187,Chivatá,Leguminosas,Leguminosas,Haba,Haba,2022,2022B,Transitorio,"0,00","2,00","0,88","0,44",1060500,0.0,2.0,0.88,0.44
15,Boyacá,15187,Chivatá,Leguminosas,Leguminosas,Haba,Haba,2023,2023B,Transitorio,"0,00","4,00","3,96","0,99",1060500,0.0,4.0,3.96,0.99
15,Boyacá,15187,Chivatá,Leguminosas,Leguminosas,Haba,Haba,2024,2024B,Transitorio,"0,00","4,00","3,96","0,99",1060500,0.0,4.0,3.96,0.99
15,Boyacá,15187,Chivatá,Leguminosas,Leguminosas,Haba,Haba,2025,2025B,Transitorio,"0,00","6,00","5,40","0,90",1060500,0.0,6.0,5.4,0.9
15,Boyacá,15187,Chivatá,Cereales,Cereales,Maíz,Maíz amarillo tradicional,2022,2022B,Transitorio,"0,00","10,00","20,97","2,10",1010402,0.0,10.0,20.97,2.1
15,Boyacá,15187,Chivatá,Cereales,Cereales,Maíz,Maíz amarillo tradicional,2023,2023B,Transitorio,"0,00","9,00","18,88","2,10",1010402,0.0,9.0,18.88,2.1
15,Boyacá,15187,Chivatá,Cereales,Cereales,Maíz,Maíz amarillo tradicional,2024,2024B,Transitorio,"0,00","10,00","11,19","1,12",1010402,0.0,10.0,11.19,1.12
15,Boyacá,15187,Chivatá,Cereales,Cereales,Maíz,Maíz amarillo tradicional,2025,2025B,Transitorio,"0,00","12,00","13,42","1,12",1010402,0.0,12.0,13.42,1.12
15,Boyacá,15187,Chivatá,Cereales,Cereales,Trigo,Trigo,2022,2022B,Transitorio,"0,00","43,00","86,00","2,00",1010800,0.0,43.0,86.0,2.0
15,Boyacá,15187,Chivatá,Cereales,Cereales,Trigo,Trigo,2024,2024B,Transitorio,"0,00","28,50","85,50","3,00",1010800,0.0,28.5,85.5,3.0
15,Boyacá,15189,Ciénega,Leguminosas,Leguminosas,Haba,Haba,2024,2024B,Transitorio,"0,00","4,00","20,00","5,00",1060500,0.0,4.0,20.0,5.0
15,Boyacá,15189,Ciénega,Leguminosas,Leguminosas,Haba,Haba,2025,2025B,Transitorio,"0,00","5,00","11,06","2,21",1060500,0.0,5.0,11.06,2.21
15,Boyacá,15189,Ciénega,Raíces y tubérculos,Raíces y tubérculos,"Hibias, ocas","Hibias, ocas",2024,2024B,Transitorio,"0,00","0,20","1,00","5,00",1080800,0.0,0.2,1.0,5.0
15,Boyacá,15189,Ciénega,Raíces y tubérculos,Raíces y tubérculos,"Hibias, ocas","Hibias, ocas",2025,2025B,Transitorio,"0,00","0,20","1,00","5,00",1080800,0.0,0.2,1.0,5.0
15,Boyacá,15189,Ciénega,Cereales,Cereales,Maíz,Maíz amarillo tradicional,2024,2024B,Transitorio,"0,00","1,00","0,78","0,78",1010402,0.0,1.0,0.78,0.78
15,Boyacá,15189,Ciénega,Cereales,Cereales,Maíz,Maíz amarillo tradicional,2025,2025B,Transitorio,"0,00","1,50","1,17","0,78",1010402,0.0,1.5,1.17,0.78
15,Boyacá,15189,Ciénega,Cereales,Cereales,Maíz,Maíz blanco tradicional,2024,2024B,Transitorio,"0,00","1,00","0,78","0,78",1010404,0.0,1.0,0.78,0.78
15,Boyacá,15189,Ciénega,Cereales,Cereales,Maíz,Maíz blanco tradicional,2025,2025B,Transitorio,"0,00","0,50","0,39","0,78",1010404,0.0,0.5,0.39,0.78
15,Boyacá,15204,Cómbita,Cereales,Cereales,Avena,Avena,2023,2023B,Transitorio,"0,00","29,00","203,00","7,00",1010200,0.0,29.0,203.0,7.0
15,Boyacá,15204,Cómbita,Cereales,Cereales,Avena,Avena,2024,2024B,Transitorio,"0,00","18,00","126,00","7,00",1010200,0.0,18.0,126.0,7.0
15,Boyacá,15204,Cómbita,Cereales,Cereales,Avena,Avena,2025,2025B,Transitorio,"0,00","18,00","126,00","7,00",1010200,0.0,18.0,126.0,7.0
15,Boyacá,15204,Cómbita,Cereales,Cereales,Cebada,Cebada,2023,2023B,Transitorio,"0,00","16,00","48,00","3,00",1010300,0.0,16.0,48.0,3.0
15,Boyacá,15204,Cómbita,Cereales,Cereales,Cebada,Cebada,2024,2024B,Transitorio,"0,00","14,00","42,00","3,00",1010300,0.0,14.0,42.0,3.0
15,Boyacá,15204,Cómbita,Cereales,Cereales,Cebada,Cebada,2025,2025B,Transitorio,"0,00","22,00","77,00","3,50",1010300,0.0,22.0,77.0,3.5
15,Boyacá,15204,Cómbita,Leguminosas,Leguminosas,Haba,Haba,2024,2024B,Transitorio,"0,00","8,00","8,85","1,11",1060500,0.0,8.0,8.85,1.11
15,Boyacá,15204,Cómbita,Leguminosas,Leguminosas,Haba,Haba,2025,2025B,Transitorio,"0,00","10,00","25,00","2,50",1060500,0.0,10.0,25.0,2.5
15,Boyacá,15204,Cómbita,Cereales,Cereales,Maíz,Maíz amarillo tradicional,2022,2022B,Transitorio,"0,00","80,00","160,00","2,00",1010402,0.0,80.0,160.0,2.0
15,Boyacá,15204,Cómbita,Cereales,Cereales,Maíz,Maíz amarillo tradicional,2023,2023B,Transitorio,"0,00","70,00","140,00","2,00",1010402,0.0,70.0,140.0,2.0
15,Boyacá,15204,Cómbita,Cereales,Cereales,Maíz,Maíz amarillo tradicional,2024,2024B,Transitorio,"0,00","68,00","136,00","2,00",1010402,0.0,68.0,136.0,2.0
15,Boyacá,15204,Cómbita,Cereales,Cereales,Maíz,Maíz amarillo tradicional,2025,2025B,Transitorio,"0,00","73,00","182,50","2,50",1010402,0.0,73.0,182.5,2.5
15,Boyacá,15204,Cómbita,Cereales,Cereales,Trigo,Trigo,2023,2023B,Transitorio,"0,00","6,00","18,00","3,00",1010800,0.0,6.0,18.0,3.0
15,Boyacá,15204,Cómbita,Cereales,Cereales,Trigo,Trigo,2024,2024B,Transitorio,"0,00","4,00","12,00","3,00",1010800,0.0,4.0,12.0,3.0
15,Boyacá,15204,Cómbita,Cereales,Cereales,Trigo,Trigo,2025,2025B,Transitorio,"0,00","4,00","12,00","3,00",1010800,0.0,4.0,12.0,3.0
15,Boyacá,15232,Chíquiza,Cereales,Cereales,Maíz,Maíz amarillo tradicional,2024,2024B,Transitorio,"0,00","26,00","36,36","1,40",1010402,0.0,26.0,36.36,1.4
15,Boyacá,15232,Chíquiza,Cereales,Cereales,Maíz,Maíz amarillo tradicional,2025,2025B,Transitorio,"0,00","20,00","22,37","1,12",1010402,0.0,20.0,22.37,1.12
15,Boyacá,15236,Chivor,Raíces y tubérculos,Raíces y tubérculos,Arracacha,Arracacha,2023,2023A,Transitorio,"0,00","0,40","2,00","5,00",1080200,0.0,0.4,2.0,5.0
15,Boyacá,15238,Duitama,Cereales,Cereales,Maíz,Maíz amarillo tradicional,2022,2022B,Transitorio,"0,00","21,00","28,35","1,35",1010402,0.0,21.0,28.35,1.35
15,Boyacá,15238,Duitama,Cereales,Cereales,Maíz,Maíz amarillo tradicional,2023,2023B,Transitorio,"0,00","21,00","28,35","1,35",1010402,0.0,21.0,28.35,1.35
15,Boyacá,15244,El Cocuy,Leguminosas,Leguminosas,Frijol,Frijol,2022,2022B,Transitorio,"0,00","4,00","4,00","1,00",1060200,0.0,4.0,4.0,1.0
15,Boyacá,15244,El Cocuy,Leguminosas,Leguminosas,Frijol,Frijol,2023,2023B,Transitorio,"0,00","4,00","4,00","1,00",1060200,0.0,4.0,4.0,1.0
15,Boyacá,15244,El Cocuy,Leguminosas,Leguminosas,Frijol,Frijol,2024,2024B,Transitorio,"0,00","4,00","4,00","1,00",1060200,0.0,4.0,4.0,1.0
15,Boyacá,15244,El Cocuy,Leguminosas,Leguminosas,Frijol,Frijol,2025,2025B,Transitorio,"0,00","4,00","4,00","1,00",1060200,0.0,4.0,4.0,1.0
15,Boyacá,15244,El Cocuy,Leguminosas,Leguminosas,Haba,Haba,2022,2022B,Transitorio,"0,00","4,00","4,80","1,20",1060500,0.0,4.0,4.8,1.2
15,Boyacá,15244,El Cocuy,Leguminosas,Leguminosas,Haba,Haba,2023,2023B,Transitorio,"0,00","6,00","7,20","1,20",1060500,0.0,6.0,7.2,1.2
15,Boyacá,15244,El Cocuy,Leguminosas,Leguminosas,Haba,Haba,2024,2024B,Transitorio,"0,00","6,00","7,20","1,20",1060500,0.0,6.0,7.2,1.2
15,Boyacá,15244,El Cocuy,Leguminosas,Leguminosas,Haba,Haba,2025,2025B,Transitorio,"0,00","6,00","7,20","1,20",1060500,0.0,6.0,7.2,1.2
15,Boyacá,15244,El Cocuy,Cereales,Cereales,Maíz,Maíz amarillo tradicional,2022,2022B,Transitorio,"0,00","9,00","7,20","0,80",1010402,0.0,9.0,7.2,0.8
15,Boyacá,15244,El Cocuy,Cereales,Cereales,Maíz,Maíz amarillo tradicional,2023,2023B,Transitorio,"0,00","20,00","16,00","0,80",1010402,0.0,20.0,16.0,0.8
15,Boyacá,15244,El Cocuy,Cereales,Cereales,Maíz,Maíz amarillo tradicional,2024,2024B,Transitorio,"0,00","16,00","12,80","0,80",1010402,0.0,16.0,12.8,0.8
15,Boyacá,15244,El Cocuy,Cereales,Cereales,Maíz,Maíz amarillo tradicional,2025,2025B,Transitorio,"0,00","15,00","12,00","0,80",1010402,0.0,15.0,12.0,0.8
15,Boyacá,15248,El Espino,Cereales,Cereales,Trigo,Trigo,2023,2023A,Transitorio,"0,00","1,50","2,70","1,80",1010800,0.0,1.5,2.7,1.8
15,Boyacá,15272,Firavitoba,Leguminosas,Leguminosas,Haba,Haba,2022,2022A,Transitorio,"0,00","2,00","2,21","1,10",1060500,0.0,2.0,2.21,1.1
15,Boyacá,15272,Firavitoba,Leguminosas,Leguminosas,Haba,Haba,2025,2025B,Transitorio,"0,00","1,80","2,23","1,24",1060500,0.0,1.8,2.23,1.24
15,Boyacá,15272,Firavitoba,Cereales,Cereales,Maíz,Maíz amarillo tradicional,2022,2022B,Transitorio,"0,00","25,00","34,96","1,40",1010402,0.0,25.0,34.96,1.4
15,Boyacá,15272,Firavitoba,Cereales,Cereales,Maíz,Maíz amarillo tradicional,2023,2023B,Transitorio,"0,00","30,00","41,95","1,40",1010402,0.0,30.0,41.95,1.4
15,Boyacá,15272,Firavitoba,Cereales,Cereales,Maíz,Maíz amarillo tradicional,2024,2024B,Transitorio,"0,00","28,00","23,49","0,84",1010402,0.0,28.0,23.49,0.84
15,Boyacá,15272,Firavitoba,Cereales,Cereales,Maíz,Maíz amarillo tradicional,2025,2025B,Transitorio,"0,00","14,00","10,96","0,78",1010402,0.0,14.0,10.96,0.78
15,Boyacá,15272,Firavitoba,Cereales,Cereales,Trigo,Trigo,2025,2025B,Transitorio,"0,00","2,00","4,00","2,00",1010800,0.0,2.0,4.0,2.0
15,Boyacá,15276,Floresta,Cereales,Cereales,Maíz,Maíz amarillo tradicional,2022,2022B,Transitorio,"0,00","76,00","68,01","0,89",1010402,0.0,76.0,68.01,0.89
15,Boyacá,15276,Floresta,Cereales,Cereales,Maíz,Maíz amarillo tradicional,2023,2023B,Transitorio,"0,00","68,00","57,05","0,84",1010402,0.0,68.0,57.05,0.84
15,Boyacá,15276,Floresta,Cereales,Cereales,Maíz,Maíz amarillo tradicional,2024,2024B,Transitorio,"0,00","72,00","60,48","0,84",1010402,0.0,72.0,60.48,0.84
15,Boyacá,15276,Floresta,Cereales,Cereales,Maíz,Maíz amarillo tradicional,2025,2025B,Transitorio,"0,00","80,00","67,20","0,84",1010402,0.0,80.0,67.2,0.84
15,Boyacá,15276,Floresta,Raíces y tubérculos,Raíces y tubérculos,Papa,Papa todas las variedades,2022,2022B,Transitorio,"0,00","45,00","675,00","15,00",1080701,0.0,45.0,675.0,15.0
15,Boyacá,15276,Floresta,Raíces y tubérculos,Raíces y tubérculos,Papa,Papa todas las variedades,2023,2023B,Transitorio,"0,00","45,00","675,00","15,00",1080701,0.0,45.0,675.0,15.0
15,Boyacá,15276,Floresta,Raíces y tubérculos,Raíces y tubérculos,Papa,Papa todas las variedades,2024,2024B,Transitorio,"0,00","47,00","705,00","15,00",1080701,0.0,47.0,705.0,15.0
15,Boyacá,15276,Floresta,Cereales,Cereales,Trigo,Trigo,2022,2022B,Transitorio,"0,00","21,00","10,50","0,50",1010800,0.0,21.0,10.5,0.5
15,Boyacá,15276,Floresta,Cereales,Cereales,Trigo,Trigo,2023,2023B,Transitorio,"0,00","13,00","10,40","0,80",1010800,0.0,13.0,10.4,0.8
15,Boyacá,15276,Floresta,Cereales,Cereales,Trigo,Trigo,2024,2024B,Transitorio,"0,00","14,00","11,20","0,80",1010800,0.0,14.0,11.2,0.8
15,Boyacá,15276,Floresta,Cereales,Cereales,Trigo,Trigo,2025,2025B,Transitorio,"0,00","10,00","8,00","0,80",1010800,0.0,10.0,8.0,0.8
15,Boyacá,15293,Gachantivá,Raíces y tubérculos,Raíces y tubérculos,Arracacha,Arracacha,2025,2025A,Transitorio,"0,00","3,00","24,00","8,00",1080200,0.0,3.0,24.0,8.0
15,Boyacá,15293,Gachantivá,Cereales,Cereales,Maíz,Maíz amarillo tradicional,2022,2022B,Transitorio,"0,00","37,00","17,59","0,48",1010402,0.0,37.0,17.59,0.48
15,Boyacá,15293,Gachantivá,Cereales,Cereales,Maíz,Maíz amarillo tradicional,2023,2023B,Transitorio,"0,00","9,00","4,28","0,48",1010402,0.0,9.0,4.28,0.48
15,Boyacá,15296,Gámeza,Leguminosas,Leguminosas,Frijol,Frijol,2022,2022B,Transitorio,"0,00","19,00","24,70","1,30",1060200,0.0,19.0,24.7,1.3
15,Boyacá,15296,Gámeza,Leguminosas,Leguminosas,Frijol,Frijol,2023,2023B,Transitorio,"0,00","18,00","19,80","1,10",1060200,0.0,18.0,19.8,1.1
15,Boyacá,15296,Gámeza,Leguminosas,Leguminosas,Frijol,Frijol,2025,2025B,Transitorio,"0,00","12,00","13,20","1,10",1060200,0.0,12.0,13.2,1.1
15,Boyacá,15296,Gámeza,Leguminosas,Leguminosas,Haba,Haba,2022,2022B,Transitorio,"0,00","9,00","18,00","2,00",1060500,0.0,9.0,18.0,2.0
15,Boyacá,15296,Gámeza,Leguminosas,Leguminosas,Haba,Haba,2023,2023B,Transitorio,"0,00","10,00","20,00","2,00",1060500,0.0,10.0,20.0,2.0
15,Boyacá,15296,Gámeza,Leguminosas,Leguminosas,Haba,Haba,2024,2024B,Transitorio,"0,00","10,00","20,00","2,00",1060500,0.0,10.0,20.0,2.0
15,Boyacá,15296,Gámeza,Leguminosas,Leguminosas,Haba,Haba,2025,2025B,Transitorio,"0,00","8,00","16,00","2,00",1060500,0.0,8.0,16.0,2.0
15,Boyacá,15296,Gámeza,Cereales,Cereales,Maíz,Maíz amarillo tradicional,2022,2022B,Transitorio,"0,00","19,00","21,25","1,12",1010402,0.0,19.0,21.25,1.12
15,Boyacá,15296,Gámeza,Cereales,Cereales,Maíz,Maíz amarillo tradicional,2023,2023B,Transitorio,"0,00","18,00","20,14","1,12",1010402,0.0,18.0,20.14,1.12
15,Boyacá,15296,Gámeza,Cereales,Cereales,Maíz,Maíz amarillo tradicional,2024,2024B,Transitorio,"0,00","12,00","13,42","1,12",1010402,0.0,12.0,13.42,1.12
15,Boyacá,15296,Gámeza,Cereales,Cereales,Maíz,Maíz amarillo tradicional,2025,2025B,Transitorio,"0,00","12,00","24,00","2,00",1010402,0.0,12.0,24.0,2.0
15,Boyacá,15299,Garagoa,Hortalizas,Hortalizas de fruto,Ahuyama,Ahuyama,2025,2025B,Transitorio,"0,00","2,00","9,00","4,50",1050200,0.0,2.0,9.0,4.5
15,Boyacá,15299,Garagoa,Leguminosas,Leguminosas,Frijol,Frijol,2024,2024B,Transitorio,"0,00","18,00","43,20","2,40",1060200,0.0,18.0,43.2,2.4
15,Boyacá,15317,Guacamayas,Leguminosas,Leguminosas,Arveja,Arveja,2025,2025A,Transitorio,"0,00","2,50","2,69","1,08",1060100,0.0,2.5,2.69,1.08
15,Boyacá,15317,Guacamayas,Leguminosas,Leguminosas,Frijol,Frijol,2024,2024B,Transitorio,"0,00","35,00","31,50","0,90",1060200,0.0,35.0,31.5,0.9
15,Boyacá,15317,Guacamayas,Leguminosas,Leguminosas,Frijol,Frijol,2025,2025B,Transitorio,"0,00","37,00","44,40","1,20",1060200,0.0,37.0,44.4,1.2
15,Boyacá,15317,Guacamayas,Cereales,Cereales,Maíz,Maíz amarillo tecnificado,2022,2022B,Transitorio,"0,00","69,00","124,20","1,80",1010401,0.0,69.0,124.2,1.8
15,Boyacá,15317,Guacamayas,Cereales,Cereales,Maíz,Maíz amarillo tecnificado,2023,2023B,Transitorio,"0,00","60,00","114,00","1,90",1010401,0.0,60.0,114.0,1.9
15,Boyacá,15317,Guacamayas,Cereales,Cereales,Maíz,Maíz amarillo tecnificado,2024,2024B,Transitorio,"0,00","50,00","95,00","1,90",1010401,0.0,50.0,95.0,1.9
15,Boyacá,15317,Guacamayas,Cereales,Cereales,Maíz,Maíz amarillo tradicional,2025,2025B,Transitorio,"0,00","48,00","52,80","1,10",1010402,0.0,48.0,52.8,1.1
15,Boyacá,15317,Guacamayas,Cereales,Cereales,Maíz,Maíz blanco tecnificado,2022,2022B,Transitorio,"0,00","2,00","3,60","1,80",1010403,0.0,2.0,3.6,1.8
15,Boyacá,15317,Guacamayas,Cereales,Cereales,Maíz,Maíz blanco tecnificado,2023,2023B,Transitorio,"0,00","2,00","4,00","2,00",1010403,0.0,2.0,4.0,2.0
15,Boyacá,15317,Guacamayas,Cereales,Cereales,Trigo,Trigo,2022,2022A,Transitorio,"0,00","9,00","9,00","1,00",1010800,0.0,9.0,9.0,1.0
15,Boyacá,15317,Guacamayas,Cereales,Cereales,Trigo,Trigo,2023,2023A,Transitorio,"0,00","20,00","20,00","1,00",1010800,0.0,20.0,20.0,1.0
15,Boyacá,15317,Guacamayas,Cereales,Cereales,Trigo,Trigo,2024,2024A,Transitorio,"0,00","13,00","13,00","1,00",1010800,0.0,13.0,13.0,1.0
15,Boyacá,15317,Guacamayas,Cereales,Cereales,Trigo,Trigo,2025,2025A,Transitorio,"0,00","8,00","8,00","1,00",1010800,0.0,8.0,8.0,1.0
15,Boyacá,15322,Guateque,Hortalizas,Hortalizas de fruto,Ahuyama,Ahuyama,2025,2025B,Transitorio,"0,00","1,00","9,00","9,00",1050200,0.0,1.0,9.0,9.0
15,Boyacá,15322,Guateque,Leguminosas,Leguminosas,Garbanzo,Garbanzo,2025,2025A,Transitorio,"0,00","1,60","1,60","1,00",1060300,0.0,1.6,1.6,1.0
15,Boyacá,15332,Güicán de La Sierra,Leguminosas,Leguminosas,Frijol,Frijol,2022,2022B,Transitorio,"0,00","35,00","42,00","1,20",1060200,0.0,35.0,42.0,1.2
15,Boyacá,15332,Güicán de La Sierra,Leguminosas,Leguminosas,Frijol,Frijol,2023,2023B,Transitorio,"0,00","40,00","48,00","1,20",1060200,0.0,40.0,48.0,1.2
15,Boyacá,15332,Güicán de La Sierra,Leguminosas,Leguminosas,Haba,Haba,2022,2022B,Transitorio,"0,00","4,00","4,00","1,00",1060500,0.0,4.0,4.0,1.0
15,Boyacá,15332,Güicán de La Sierra,Leguminosas,Leguminosas,Haba,Haba,2023,2023B,Transitorio,"0,00","4,00","3,89","0,97",1060500,0.0,4.0,3.89,0.97
15,Boyacá,15332,Güicán de La Sierra,Leguminosas,Leguminosas,Haba,Haba,2024,2024A,Transitorio,"0,00","4,00","3,54","0,88",1060500,0.0,4.0,3.54,0.88
15,Boyacá,15332,Güicán de La Sierra,Leguminosas,Leguminosas,Haba,Haba,2025,2025B,Transitorio,"0,00","1,00","0,88","0,88",1060500,0.0,1.0,0.88,0.88
15,Boyacá,15332,Güicán de La Sierra,Cereales,Cereales,Maíz,Maíz amarillo tradicional,2022,2022B,Transitorio,"0,00","40,00","52,00","1,30",1010402,0.0,40.0,52.0,1.3
15,Boyacá,15332,Güicán de La Sierra,Cereales,Cereales,Maíz,Maíz amarillo tradicional,2023,2023B,Transitorio,"0,00","40,00","52,00","1,30",1010402,0.0,40.0,52.0,1.3
15,Boyacá,15332,Güicán de La Sierra,Cereales,Cereales,Maíz,Maíz amarillo tradicional,2024,2024B,Transitorio,"0,00","40,00","60,00","1,50",1010402,0.0,40.0,60.0,1.5
15,Boyacá,15332,Güicán de La Sierra,Cereales,Cereales,Maíz,Maíz amarillo tradicional,2025,2025B,Transitorio,"0,00","34,50","44,85","1,30",1010402,0.0,34.5,44.85,1.3
15,Boyacá,15362,Iza,Cereales,Cereales,Maíz,Maíz amarillo tradicional,2025,2025B,Transitorio,"0,00","2,00","1,68","0,84",1010402,0.0,2.0,1.68,0.84
15,Boyacá,15367,Jenesano,Cereales,Cereales,Maíz,Maíz amarillo tradicional,2022,2022B,Transitorio,"0,00","44,00","35,20","0,80",1010402,0.0,44.0,35.2,0.8
15,Boyacá,15368,Jericó,Cereales,Cereales,Cebada,Cebada,2023,2023B,Transitorio,"0,00","2,00","1,00","0,50",1010300,0.0,2.0,1.0,0.5
15,Boyacá,15368,Jericó,Cereales,Cereales,Cebada,Cebada,2024,2024B,Transitorio,"0,00","2,50","1,25","0,50",1010300,0.0,2.5,1.25,0.5
15,Boyacá,15368,Jericó,Cereales,Cereales,Cebada,Cebada,2025,2025B,Transitorio,"0,00","2,50","2,50","1,00",1010300,0.0,2.5,2.5,1.0
15,Boyacá,15368,Jericó,Leguminosas,Leguminosas,Haba,Haba,2022,2022B,Transitorio,"0,00","8,70","4,35","0,50",1060500,0.0,8.7,4.35,0.5
15,Boyacá,15368,Jericó,Leguminosas,Leguminosas,Haba,Haba,2023,2023B,Transitorio,"0,00","9,00","5,40","0,60",1060500,0.0,9.0,5.4,0.6
15,Boyacá,15368,Jericó,Leguminosas,Leguminosas,Haba,Haba,2024,2024B,Transitorio,"0,00","6,00","3,60","0,60",1060500,0.0,6.0,3.6,0.6
15,Boyacá,15368,Jericó,Leguminosas,Leguminosas,Haba,Haba,2025,2025B,Transitorio,"0,00","6,00","3,60","0,60",1060500,0.0,6.0,3.6,0.6
15,Boyacá,15377,Labranzagrande,Leguminosas,Leguminosas,Arveja,Arveja,2022,2022A,Transitorio,"0,00","15,00","24,53","1,64",1060100,0.0,15.0,24.53,1.64
15,Boyacá,15377,Labranzagrande,Leguminosas,Leguminosas,Arveja,Arveja,2023,2023A,Transitorio,"0,00","15,00","24,53","1,64",1060100,0.0,15.0,24.53,1.64
15,Boyacá,15377,Labranzagrande,Leguminosas,Leguminosas,Arveja,Arveja,2024,2024A,Transitorio,"0,00","15,00","24,53","1,64",1060100,0.0,15.0,24.53,1.64
15,Boyacá,15377,Labranzagrande,Leguminosas,Leguminosas,Arveja,Arveja,2025,2025A,Transitorio,"0,00","0,90","1,26","1,40",1060100,0.0,0.9,1.26,1.4
15,Boyacá,15377,Labranzagrande,Hortalizas,Hortalizas de fruto,Guatila,Guatila,2023,2023B,Transitorio,"0,00","1,00","2,00","2,00",1051800,0.0,1.0,2.0,2.0
15,Boyacá,15377,Labranzagrande,Hortalizas,Hortalizas de fruto,Guatila,Guatila,2024,2024B,Transitorio,"0,00","0,50","1,00","2,00",1051800,0.0,0.5,1.0,2.0
15,Boyacá,15377,Labranzagrande,Hortalizas,Hortalizas de fruto,Guatila,Guatila,2025,2025B,Transitorio,"0,00","0,80","1,20","1,50",1051800,0.0,0.8,1.2,1.5
15,Boyacá,15377,Labranzagrande,Raíces y tubérculos,Raíces y tubérculos,Papa,Papa todas las variedades,2022,2022A,Transitorio,"0,00","8,00","80,00","10,00",1080701,0.0,8.0,80.0,10.0
15,Boyacá,15380,La Capilla,Cereales,Cereales,Maíz,Maíz amarillo tradicional,2022,2022B,Transitorio,"0,00","17,00","23,58","1,39",1010402,0.0,17.0,23.58,1.39
15,Boyacá,15380,La Capilla,Cereales,Cereales,Maíz,Maíz amarillo tradicional,2023,2023B,Transitorio,"0,00","16,00","17,90","1,12",1010402,0.0,16.0,17.9,1.12
15,Boyacá,15401,La Victoria,Leguminosas,Leguminosas,Frijol,Frijol,2022,2022A,Transitorio,"0,00","1,00","1,20","1,20",1060200,0.0,1.0,1.2,1.2
15,Boyacá,15403,La Uvita,Raíces y tubérculos,Raíces y tubérculos,Yuca,Yuca consumo en fresco,2023,2023B,Transitorio,"0,00","2,50","15,00","6,00",1081001,0.0,2.5,15.0,6.0
15,Boyacá,15425,Macanal,Hortalizas,Hortalizas de fruto,Ají,Ají,2024,2024B,Transitorio,"0,00","11,00","44,00","4,00",1050300,0.0,11.0,44.0,4.0
15,Boyacá,15425,Macanal,Hortalizas,Hortalizas de fruto,Ají,Ají,2025,2025B,Transitorio,"0,00","7,00","24,50","3,50",1050300,0.0,7.0,24.5,3.5
15,Boyacá,15425,Macanal,Raíces y tubérculos,Raíces y tubérculos,Arracacha,Arracacha,2025,2025B,Transitorio,"0,00","2,00","36,00","18,00",1080200,0.0,2.0,36.0,18.0
15,Boyacá,15425,Macanal,Cereales,Cereales,Maíz,Maíz amarillo tradicional,2022,2022B,Transitorio,"0,00","94,00","117,50","1,25",1010402,0.0,94.0,117.5,1.25
15,Boyacá,15425,Macanal,Cereales,Cereales,Maíz,Maíz amarillo tradicional,2024,2024B,Transitorio,"0,00","115,00","119,00","1,03",1010402,0.0,115.0,119.0,1.03
15,Boyacá,15425,Macanal,Cereales,Cereales,Maíz,Maíz amarillo tradicional,2025,2025B,Transitorio,"0,00","110,00","107,67","0,98",1010402,0.0,110.0,107.67,0.98
15,Boyacá,15442,Maripí,Leguminosas,Leguminosas,Frijol,Frijol,2022,2022B,Transitorio,"0,00","7,00","5,95","0,85",1060200,0.0,7.0,5.95,0.85
15,Boyacá,15455,Miraflores,Raíces y tubérculos,Raíces y tubérculos,Arracacha,Arracacha,2025,2025B,Transitorio,"0,00","2,00","24,00","12,00",1080200,0.0,2.0,24.0,12.0
15,Boyacá,15455,Miraflores,Leguminosas,Leguminosas,Frijol,Frijol,2025,2025A,Transitorio,"0,00","50,00","76,92","1,54",1060200,0.0,50.0,76.92,1.54
15,Boyacá,15464,Mongua,Leguminosas,Leguminosas,Haba,Haba,2022,2022B,Transitorio,"0,00","25,00","37,50","1,50",1060500,0.0,25.0,37.5,1.5
15,Boyacá,15464,Mongua,Leguminosas,Leguminosas,Haba,Haba,2025,2025B,Transitorio,"0,00","15,50","21,70","1,40",1060500,0.0,15.5,21.7,1.4
15,Boyacá,15464,Mongua,Cereales,Cereales,Maíz,Maíz amarillo tradicional,2022,2022B,Transitorio,"0,00","12,00","5,71","0,48",1010402,0.0,12.0,5.71,0.48
15,Boyacá,15464,Mongua,Cereales,Cereales,Maíz,Maíz amarillo tradicional,2025,2025B,Transitorio,"0,00","10,40","8,32","0,80",1010402,0.0,10.4,8.32,0.8
15,Boyacá,15464,Mongua,Raíces y tubérculos,Raíces y tubérculos,Yuca,Yuca consumo en fresco,2022,2022B,Transitorio,"0,00","2,00","10,00","5,00",1081001,0.0,2.0,10.0,5.0
15,Boyacá,15466,Monguí,Hortalizas,Hortalizas de raíz,Ajo,Ajo,2022,2022B,Transitorio,"0,00","0,50","2,50","5,00",1050400,0.0,0.5,2.5,5.0
15,Boyacá,15466,Monguí,Hortalizas,Hortalizas de raíz,Ajo,Ajo,2023,2023B,Transitorio,"0,00","1,00","5,00","5,00",1050400,0.0,1.0,5.0,5.0
15,Boyacá,15466,Monguí,Hortalizas,Hortalizas de raíz,Ajo,Ajo,2024,2024B,Transitorio,"0,00","1,00","4,50","4,50",1050400,0.0,1.0,4.5,4.5
15,Boyacá,15466,Monguí,Leguminosas,Leguminosas,Frijol,Frijol,2022,2022B,Transitorio,"0,00","1,00","1,05","1,05",1060200,0.0,1.0,1.05,1.05
15,Boyacá,15466,Monguí,Leguminosas,Leguminosas,Frijol,Frijol,2023,2023B,Transitorio,"0,00","1,00","0,91","0,91",1060200,0.0,1.0,0.91,0.91
15,Boyacá,15466,Monguí,Leguminosas,Leguminosas,Frijol,Frijol,2024,2024B,Transitorio,"0,00","1,00","1,30","1,30",1060200,0.0,1.0,1.3,1.3
15,Boyacá,15466,Monguí,Leguminosas,Leguminosas,Frijol,Frijol,2025,2025B,Transitorio,"0,00","1,00","1,30","1,30",1060200,0.0,1.0,1.3,1.3
15,Boyacá,15466,Monguí,Leguminosas,Leguminosas,Haba,Haba,2022,2022B,Transitorio,"0,00","5,00","7,74","1,55",1060500,0.0,5.0,7.74,1.55
15,Boyacá,15466,Monguí,Leguminosas,Leguminosas,Haba,Haba,2023,2023B,Transitorio,"0,00","2,80","4,34","1,55",1060500,0.0,2.8,4.34,1.55
15,Boyacá,15466,Monguí,Leguminosas,Leguminosas,Haba,Haba,2024,2024B,Transitorio,"0,00","2,00","3,10","1,55",1060500,0.0,2.0,3.1,1.55
15,Boyacá,15466,Monguí,Cereales,Cereales,Maíz,Maíz amarillo tradicional,2022,2022B,Transitorio,"0,00","4,00","3,36","0,84",1010402,0.0,4.0,3.36,0.84
15,Boyacá,15466,Monguí,Cereales,Cereales,Maíz,Maíz amarillo tradicional,2023,2023B,Transitorio,"0,00","9,00","7,55","0,84",1010402,0.0,9.0,7.55,0.84
15,Boyacá,15466,Monguí,Cereales,Cereales,Maíz,Maíz amarillo tradicional,2024,2024B,Transitorio,"0,00","7,00","5,48","0,78",1010402,0.0,7.0,5.48,0.78
15,Boyacá,15466,Monguí,Cereales,Cereales,Maíz,Maíz amarillo tradicional,2025,2025B,Transitorio,"0,00","2,00","5,60","2,80",1010402,0.0,2.0,5.6,2.8
15,Boyacá,15466,Monguí,Raíces y tubérculos,Raíces y tubérculos,Nabo,Nabo,2023,2023B,Transitorio,"0,00","1,00","7,00","7,00",1080500,0.0,1.0,7.0,7.0
15,Boyacá,15466,Monguí,Raíces y tubérculos,Raíces y tubérculos,Nabo,Nabo,2024,2024B,Transitorio,"0,00","1,00","7,00","7,00",1080500,0.0,1.0,7.0,7.0
15,Boyacá,15466,Monguí,Cereales,Cereales,Quinua,Quinua,2023,2023B,Transitorio,"0,00","1,00","1,50","1,50",1010600,0.0,1.0,1.5,1.5
15,Boyacá,15466,Monguí,Cereales,Cereales,Quinua,Quinua,2024,2024B,Transitorio,"0,00","1,00","1,30","1,30",1010600,0.0,1.0,1.3,1.3
15,Boyacá,15466,Monguí,Cereales,Cereales,Trigo,Trigo,2022,2022B,Transitorio,"0,00","0,50","0,95","1,90",1010800,0.0,0.5,0.95,1.9
15,Boyacá,15466,Monguí,Cereales,Cereales,Trigo,Trigo,2023,2023B,Transitorio,"0,00","1,00","1,70","1,70",1010800,0.0,1.0,1.7,1.7
15,Boyacá,15466,Monguí,Cereales,Cereales,Trigo,Trigo,2024,2024B,Transitorio,"0,00","0,90","1,53","1,70",1010800,0.0,0.9,1.53,1.7
15,Boyacá,15476,Motavita,Cereales,Cereales,Avena,Avena,2024,2024B,Transitorio,"0,00","30,00","120,00","4,00",1010200,0.0,30.0,120.0,4.0
15,Boyacá,15476,Motavita,Cereales,Cereales,Avena,Avena,2025,2025B,Transitorio,"0,00","30,00","105,00","3,50",1010200,0.0,30.0,105.0,3.5
15,Boyacá,15476,Motavita,Cereales,Cereales,Cebada,Cebada,2024,2024B,Transitorio,"0,00","50,00","200,00","4,00",1010300,0.0,50.0,200.0,4.0
15,Boyacá,15476,Motavita,Leguminosas,Leguminosas,Haba,Haba,2022,2022B,Transitorio,"0,00","5,00","8,85","1,77",1060500,0.0,5.0,8.85,1.77
15,Boyacá,15476,Motavita,Leguminosas,Leguminosas,Haba,Haba,2023,2023B,Transitorio,"0,00","5,00","8,85","1,77",1060500,0.0,5.0,8.85,1.77
15,Boyacá,15476,Motavita,Leguminosas,Leguminosas,Haba,Haba,2024,2024B,Transitorio,"0,00","3,00","5,31","1,77",1060500,0.0,3.0,5.31,1.77
15,Boyacá,15476,Motavita,Leguminosas,Leguminosas,Haba,Haba,2025,2025B,Transitorio,"0,00","3,00","9,00","3,00",1060500,0.0,3.0,9.0,3.0
15,Boyacá,15476,Motavita,Cereales,Cereales,Maíz,Maíz amarillo tradicional,2022,2022B,Transitorio,"0,00","42,00","64,95","1,55",1010402,0.0,42.0,64.95,1.55
15,Boyacá,15476,Motavita,Cereales,Cereales,Maíz,Maíz amarillo tradicional,2023,2023B,Transitorio,"0,00","40,00","55,93","1,40",1010402,0.0,40.0,55.93,1.4
15,Boyacá,15476,Motavita,Cereales,Cereales,Maíz,Maíz amarillo tradicional,2024,2024B,Transitorio,"0,00","28,00","39,15","1,40",1010402,0.0,28.0,39.15,1.4
15,Boyacá,15476,Motavita,Cereales,Cereales,Maíz,Maíz amarillo tradicional,2025,2025B,Transitorio,"0,00","30,00","41,95","1,40",1010402,0.0,30.0,41.95,1.4
15,Boyacá,15476,Motavita,Cereales,Cereales,Trigo,Trigo,2022,2022B,Transitorio,"0,00","1,00","1,50","1,50",1010800,0.0,1.0,1.5,1.5
15,Boyacá,15476,Motavita,Cereales,Cereales,Trigo,Trigo,2023,2023B,Transitorio,"0,00","5,00","7,50","1,50",1010800,0.0,5.0,7.5,1.5
15,Boyacá,15476,Motavita,Cereales,Cereales,Trigo,Trigo,2024,2024B,Transitorio,"0,00","2,00","3,00","1,50",1010800,0.0,2.0,3.0,1.5
15,Boyacá,15491,Nobsa,Cereales,Cereales,Cebada,Cebada,2022,2022A,Transitorio,"0,00","4,00","14,00","3,50",1010300,0.0,4.0,14.0,3.5
15,Boyacá,15491,Nobsa,Cereales,Cereales,Cebada,Cebada,2023,2023A,Transitorio,"0,00","10,00","35,00","3,50",1010300,0.0,10.0,35.0,3.5
15,Boyacá,15491,Nobsa,Hortalizas,Hortalizas de raíz,Cebolla de bulbo,Cebolla de bulbo,2022,2022B,Transitorio,"0,00","100,00","1.600,00","16,00",1051100,0.0,100.0,1600.0,16.0
15,Boyacá,15491,Nobsa,Leguminosas,Leguminosas,Haba,Haba,2022,2022B,Transitorio,"0,00","1,00","1,81","1,81",1060500,0.0,1.0,1.81,1.81
15,Boyacá,15491,Nobsa,Leguminosas,Leguminosas,Haba,Haba,2023,2023B,Transitorio,"0,00","1,00","1,77","1,77",1060500,0.0,1.0,1.77,1.77
15,Boyacá,15491,Nobsa,Cereales,Cereales,Maíz,Maíz amarillo tradicional,2022,2022B,Transitorio,"0,00","30,00","65,86","2,20",1010402,0.0,30.0,65.86,2.2
15,Boyacá,15491,Nobsa,Cereales,Cereales,Maíz,Maíz amarillo tradicional,2023,2023B,Transitorio,"0,00","40,00","88,26","2,21",1010402,0.0,40.0,88.26,2.21
15,Boyacá,15491,Nobsa,Cereales,Cereales,Maíz,Maíz amarillo tradicional,2025,2025B,Transitorio,"0,00","10,00","22,37","2,24",1010402,0.0,10.0,22.37,2.24
15,Boyacá,15494,Nuevo Colón,Hortalizas,Hortalizas de fruto,Ahuyama,Ahuyama,2022,2022B,Transitorio,"0,00","30,00","240,00","8,00",1050200,0.0,30.0,240.0,8.0
15,Boyacá,15494,Nuevo Colón,Hortalizas,Hortalizas de fruto,Ahuyama,Ahuyama,2023,2023B,Transitorio,"0,00","35,00","280,00","8,00",1050200,0.0,35.0,280.0,8.0
15,Boyacá,15494,Nuevo Colón,Hortalizas,Hortalizas de fruto,Ahuyama,Ahuyama,2024,2024B,Transitorio,"0,00","40,00","320,00","8,00",1050200,0.0,40.0,320.0,8.0
15,Boyacá,15494,Nuevo Colón,Hortalizas,Hortalizas de fruto,Ahuyama,Ahuyama,2025,2025B,Transitorio,"0,00","39,00","312,00","8,00",1050200,0.0,39.0,312.0,8.0
15,Boyacá,15494,Nuevo Colón,Leguminosas,Leguminosas,Frijol,Frijol,2024,2024A,Transitorio,"0,00","50,00","76,92","1,54",1060200,0.0,50.0,76.92,1.54
15,Boyacá,15494,Nuevo Colón,Leguminosas,Leguminosas,Frijol,Frijol,2025,2025A,Transitorio,"0,00","49,00","98,00","2,00",1060200,0.0,49.0,98.0,2.0
15,Boyacá,15494,Nuevo Colón,Leguminosas,Leguminosas,Haba,Haba,2022,2022B,Transitorio,"0,00","8,00","3,54","0,44",1060500,0.0,8.0,3.54,0.44
15,Boyacá,15494,Nuevo Colón,Leguminosas,Leguminosas,Haba,Haba,2023,2023B,Transitorio,"0,00","9,00","10,83","1,20",1060500,0.0,9.0,10.83,1.2
15,Boyacá,15494,Nuevo Colón,Leguminosas,Leguminosas,Haba,Haba,2024,2024B,Transitorio,"0,00","10,00","11,06","1,11",1060500,0.0,10.0,11.06,1.11
15,Boyacá,15494,Nuevo Colón,Leguminosas,Leguminosas,Haba,Haba,2025,2025B,Transitorio,"0,00","10,00","4,87","0,49",1060500,0.0,10.0,4.87,0.49
15,Boyacá,15494,Nuevo Colón,Cereales,Cereales,Maíz,Maíz amarillo tradicional,2022,2022B,Transitorio,"0,00","52,00","53,81","1,03",1010402,0.0,52.0,53.81,1.03
15,Boyacá,15494,Nuevo Colón,Cereales,Cereales,Maíz,Maíz amarillo tradicional,2023,2023B,Transitorio,"0,00","54,00","55,88","1,03",1010402,0.0,54.0,55.88,1.03
15,Boyacá,15494,Nuevo Colón,Cereales,Cereales,Maíz,Maíz amarillo tradicional,2024,2024B,Transitorio,"0,00","50,00","51,74","1,03",1010402,0.0,50.0,51.74,1.03
15,Boyacá,15494,Nuevo Colón,Cereales,Cereales,Maíz,Maíz amarillo tradicional,2025,2025B,Transitorio,"0,00","45,00","46,56","1,03",1010402,0.0,45.0,46.56,1.03
15,Boyacá,15511,Pachavita,Raíces y tubérculos,Raíces y tubérculos,Yuca,Yuca consumo en fresco,2025,2025A,Transitorio,"0,00","7,00","67,90","9,70",1081001,0.0,7.0,67.9,9.7
15,Boyacá,15514,Páez,Cereales,Cereales,Maíz,Maíz amarillo tradicional,2022,2022B,Transitorio,"0,00","25,00","55,00","2,20",1010402,0.0,25.0,55.0,2.2
15,Boyacá,15514,Páez,Cereales,Cereales,Maíz,Maíz amarillo tradicional,2023,2023B,Transitorio,"0,00","28,00","61,60","2,20",1010402,0.0,28.0,61.6,2.2
15,Boyacá,15516,Paipa,Cereales,Cereales,Maíz,Maíz amarillo tradicional,2022,2022B,Transitorio,"0,00","35,00","29,36","0,84",1010402,0.0,35.0,29.36,0.84
15,Boyacá,15516,Paipa,Cereales,Cereales,Maíz,Maíz amarillo tradicional,2023,2023B,Transitorio,"0,00","42,00","35,24","0,84",1010402,0.0,42.0,35.24,0.84
15,Boyacá,15516,Paipa,Cereales,Cereales,Maíz,Maíz amarillo tradicional,2024,2024B,Transitorio,"0,00","39,00","32,72","0,84",1010402,0.0,39.0,32.72,0.84
15,Boyacá,15516,Paipa,Raíces y tubérculos,Raíces y tubérculos,Papa,Papa todas las variedades,2024,2024B,Transitorio,"0,00","100,00","1.600,00","16,00",1080701,0.0,100.0,1600.0,16.0
15,Boyacá,15518,Pajarito,Leguminosas,Leguminosas,Arveja,Arveja,2025,2025B,Transitorio,"0,00","2,00","1,40","0,70",1060100,0.0,2.0,1.4,0.7
15,Boyacá,15518,Pajarito,Hortalizas,Hortalizas de hoja,Cilantro,Cilantro,2024,2024B,Transitorio,"0,00","1,00","2,00","2,00",1051300,0.0,1.0,2.0,2.0
15,Boyacá,15518,Pajarito,Cereales,Cereales,Maíz,Maíz amarillo tradicional,2024,2024B,Transitorio,"0,00","12,00","24,00","2,00",1010402,0.0,12.0,24.0,2.0
15,Boyacá,15518,Pajarito,Cereales,Cereales,Maíz,Maíz amarillo tradicional,2025,2025B,Transitorio,"0,00","13,00","32,50","2,50",1010402,0.0,13.0,32.5,2.5
15,Boyacá,15518,Pajarito,Hortalizas,Hortalizas de fruto,Tomate,Tomate,2025,2025B,Transitorio,"0,00","1,00","25,00","25,00",1052901,0.0,1.0,25.0,25.0
15,Boyacá,15522,Panqueba,Leguminosas,Leguminosas,Frijol,Frijol,2023,2023B,Transitorio,"0,00","13,00","20,02","1,54",1060200,0.0,13.0,20.02,1.54
15,Boyacá,15522,Panqueba,Cereales,Cereales,Maíz,Maíz amarillo tradicional,2022,2022B,Transitorio,"0,00","24,00","28,73","1,20",1010402,0.0,24.0,28.73,1.2
15,Boyacá,15522,Panqueba,Cereales,Cereales,Maíz,Maíz amarillo tradicional,2023,2023B,Transitorio,"0,00","26,00","26,00","1,00",1010402,0.0,26.0,26.0,1.0
15,Boyacá,15533,Paya,Raíces y tubérculos,Raíces y tubérculos,Arracacha,Arracacha,2022,2022B,Transitorio,"0,00","1,00","3,00","3,00",1080200,0.0,1.0,3.0,3.0
15,Boyacá,15533,Paya,Raíces y tubérculos,Raíces y tubérculos,Arracacha,Arracacha,2023,2023B,Transitorio,"0,00","1,00","3,00","3,00",1080200,0.0,1.0,3.0,3.0
15,Boyacá,15533,Paya,Raíces y tubérculos,Raíces y tubérculos,Arracacha,Arracacha,2024,2024B,Transitorio,"0,00","1,00","3,00","3,00",1080200,0.0,1.0,3.0,3.0
15,Boyacá,15533,Paya,Raíces y tubérculos,Raíces y tubérculos,Arracacha,Arracacha,2025,2025B,Transitorio,"0,00","1,00","3,00","3,00",1080200,0.0,1.0,3.0,3.0
15,Boyacá,15533,Paya,Leguminosas,Leguminosas,Frijol,Frijol,2022,2022B,Transitorio,"0,00","9,00","7,20","0,80",1060200,0.0,9.0,7.2,0.8
15,Boyacá,15533,Paya,Leguminosas,Leguminosas,Frijol,Frijol,2023,2023B,Transitorio,"0,00","15,00","12,00","0,80",1060200,0.0,15.0,12.0,0.8
15,Boyacá,15533,Paya,Leguminosas,Leguminosas,Frijol,Frijol,2024,2024B,Transitorio,"0,00","1,00","0,80","0,80",1060200,0.0,1.0,0.8,0.8
15,Boyacá,15533,Paya,Leguminosas,Leguminosas,Frijol,Frijol,2025,2025B,Transitorio,"0,00","15,00","12,00","0,80",1060200,0.0,15.0,12.0,0.8
15,Boyacá,15533,Paya,Leguminosas,Leguminosas,Guandul,Guandul,2022,2022B,Transitorio,"0,00","9,00","7,20","0,80",1060900,0.0,9.0,7.2,0.8
15,Boyacá,15533,Paya,Cereales,Cereales,Maíz,Maíz amarillo tradicional,2022,2022B,Transitorio,"0,00","58,00","52,20","0,90",1010402,0.0,58.0,52.2,0.9
15,Boyacá,15533,Paya,Cereales,Cereales,Maíz,Maíz amarillo tradicional,2023,2023B,Transitorio,"0,00","40,00","40,00","1,00",1010402,0.0,40.0,40.0,1.0
15,Boyacá,15533,Paya,Cereales,Cereales,Maíz,Maíz amarillo tradicional,2024,2024B,Transitorio,"0,00","35,00","35,00","1,00",1010402,0.0,35.0,35.0,1.0
15,Boyacá,15533,Paya,Cereales,Cereales,Maíz,Maíz amarillo tradicional,2025,2025B,Transitorio,"0,00","30,00","18,00","0,60",1010402,0.0,30.0,18.0,0.6
15,Boyacá,15533,Paya,Raíces y tubérculos,Raíces y tubérculos,"Malanga, achín, yota, papa china, bore","Malanga, achín, yota, papa china, bore",2022,2022B,Transitorio,"0,00","3,00","3,00","1,00",1080400,0.0,3.0,3.0,1.0
15,Boyacá,15533,Paya,Raíces y tubérculos,Raíces y tubérculos,"Malanga, achín, yota, papa china, bore","Malanga, achín, yota, papa china, bore",2023,2023B,Transitorio,"0,00","3,50","4,20","1,20",1080400,0.0,3.5,4.2,1.2
15,Boyacá,15533,Paya,Raíces y tubérculos,Raíces y tubérculos,"Malanga, achín, yota, papa china, bore","Malanga, achín, yota, papa china, bore",2024,2024B,Transitorio,"0,00","4,00","4,80","1,20",1080400,0.0,4.0,4.8,1.2
15,Boyacá,15533,Paya,Raíces y tubérculos,Raíces y tubérculos,"Malanga, achín, yota, papa china, bore","Malanga, achín, yota, papa china, bore",2025,2025B,Transitorio,"0,00","4,50","6,75","1,50",1080400,0.0,4.5,6.75,1.5
15,Boyacá,15533,Paya,Raíces y tubérculos,Raíces y tubérculos,Yuca,Yuca consumo en fresco,2022,2022B,Transitorio,"0,00","27,00","81,00","3,00",1081001,0.0,27.0,81.0,3.0
15,Boyacá,15533,Paya,Raíces y tubérculos,Raíces y tubérculos,Yuca,Yuca consumo en fresco,2023,2023B,Transitorio,"0,00","30,00","120,00","4,00",1081001,0.0,30.0,120.0,4.0
15,Boyacá,15533,Paya,Raíces y tubérculos,Raíces y tubérculos,Yuca,Yuca consumo en fresco,2024,2024B,Transitorio,"0,00","30,00","120,00","4,00",1081001,0.0,30.0,120.0,4.0
15,Boyacá,15533,Paya,Raíces y tubérculos,Raíces y tubérculos,Yuca,Yuca consumo en fresco,2025,2025B,Transitorio,"0,00","32,00","128,00","4,00",1081001,0.0,32.0,128.0,4.0
15,Boyacá,15537,Paz de Río,Cereales,Cereales,Maíz,Maíz amarillo tradicional,2022,2022B,Transitorio,"0,00","29,00","29,00","1,00",1010402,0.0,29.0,29.0,1.0
15,Boyacá,15537,Paz de Río,Cereales,Cereales,Maíz,Maíz amarillo tradicional,2023,2023B,Transitorio,"0,00","37,00","66,60","1,80",1010402,0.0,37.0,66.6,1.8
15,Boyacá,15537,Paz de Río,Cereales,Cereales,Maíz,Maíz amarillo tradicional,2024,2024B,Transitorio,"0,00","30,00","54,00","1,80",1010402,0.0,30.0,54.0,1.8
15,Boyacá,15537,Paz de Río,Cereales,Cereales,Maíz,Maíz amarillo tradicional,2025,2025B,Transitorio,"0,00","23,80","38,08","1,60",1010402,0.0,23.8,38.08,1.6
15,Boyacá,15537,Paz de Río,Cereales,Cereales,Trigo,Trigo,2022,2022B,Transitorio,"0,00","1,50","1,35","0,90",1010800,0.0,1.5,1.35,0.9
15,Boyacá,15537,Paz de Río,Cereales,Cereales,Trigo,Trigo,2023,2023B,Transitorio,"0,00","3,00","4,50","1,50",1010800,0.0,3.0,4.5,1.5
15,Boyacá,15537,Paz de Río,Cereales,Cereales,Trigo,Trigo,2024,2024B,Transitorio,"0,00","2,50","3,75","1,50",1010800,0.0,2.5,3.75,1.5
15,Boyacá,15537,Paz de Río,Cereales,Cereales,Trigo,Trigo,2025,2025B,Transitorio,"0,00","1,50","2,10","1,40",1010800,0.0,1.5,2.1,1.4
15,Boyacá,15550,Pisba,Raíces y tubérculos,Raíces y tubérculos,Arracacha,Arracacha,2024,2024B,Transitorio,"0,00","1,00","5,00","5,00",1080200,0.0,1.0,5.0,5.0
15,Boyacá,15550,Pisba,Raíces y tubérculos,Raíces y tubérculos,Arracacha,Arracacha,2025,2025A,Transitorio,"0,00","1,00","5,00","5,00",1080200,0.0,1.0,5.0,5.0
15,Boyacá,15550,Pisba,Leguminosas,Leguminosas,Frijol,Frijol,2025,2025B,Transitorio,"0,00","0,50","0,35","0,70",1060200,0.0,0.5,0.35,0.7
15,Boyacá,15550,Pisba,Leguminosas,Leguminosas,Guandul,Guandul,2024,2024B,Transitorio,"0,00","20,00","40,00","2,00",1060900,0.0,20.0,40.0,2.0
15,Boyacá,15550,Pisba,Leguminosas,Leguminosas,Guandul,Guandul,2025,2025B,Transitorio,"0,00","15,00","30,00","2,00",1060900,0.0,15.0,30.0,2.0
15,Boyacá,15550,Pisba,Hortalizas,Hortalizas,Otras hortalizas,Otras hortalizas,2025,2025B,Transitorio,"0,00","2,50","12,50","5,00",1059900,0.0,2.5,12.5,5.0
15,Boyacá,15550,Pisba,Raíces y tubérculos,Raíces y tubérculos,Yuca,Yuca consumo en fresco,2025,2025B,Transitorio,"0,00","5,00","30,00","6,00",1081001,0.0,5.0,30.0,6.0
15,Boyacá,15572,Puerto Boyacá,Raíces y tubérculos,Raíces y tubérculos,Yuca,Yuca consumo en fresco,2022,2022B,Transitorio,"0,00","18,00","180,00","10,00",1081001,0.0,18.0,180.0,10.0
15,Boyacá,15572,Puerto Boyacá,Raíces y tubérculos,Raíces y tubérculos,Yuca,Yuca consumo en fresco,2023,2023B,Transitorio,"0,00","230,00","1.840,00","8,00",1081001,0.0,230.0,1840.0,8.0
15,Boyacá,15599,Ramiriquí,Hortalizas,Hortalizas de fruto,Ahuyama,Ahuyama,2022,2022B,Transitorio,"0,00","8,00","80,00","10,00",1050200,0.0,8.0,80.0,10.0
15,Boyacá,15599,Ramiriquí,Hortalizas,Hortalizas de fruto,Ahuyama,Ahuyama,2023,2023B,Transitorio,"0,00","8,00","80,00","10,00",1050200,0.0,8.0,80.0,10.0
15,Boyacá,15599,Ramiriquí,Raíces y tubérculos,Raíces y tubérculos,Arracacha,Arracacha,2022,2022B,Transitorio,"0,00","100,00","1.800,00","18,00",1080200,0.0,100.0,1800.0,18.0
15,Boyacá,15599,Ramiriquí,Raíces y tubérculos,Raíces y tubérculos,Arracacha,Arracacha,2023,2023B,Transitorio,"0,00","100,00","1.800,00","18,00",1080200,0.0,100.0,1800.0,18.0
15,Boyacá,15599,Ramiriquí,Raíces y tubérculos,Raíces y tubérculos,Arracacha,Arracacha,2025,2025B,Transitorio,"0,00","80,00","1.440,00","18,00",1080200,0.0,80.0,1440.0,18.0
15,Boyacá,15599,Ramiriquí,Hortalizas,Hortalizas de fruto,"Calabacín, calabaza","Calabacín, calabaza",2022,2022B,Transitorio,"0,00","36,00","360,00","10,00",1051000,0.0,36.0,360.0,10.0
15,Boyacá,15599,Ramiriquí,Hortalizas,Hortalizas de fruto,"Calabacín, calabaza","Calabacín, calabaza",2023,2023B,Transitorio,"0,00","34,00","340,00","10,00",1051000,0.0,34.0,340.0,10.0
15,Boyacá,15599,Ramiriquí,Leguminosas,Leguminosas,Haba,Haba,2022,2022B,Transitorio,"0,00","1,00","2,00","2,00",1060500,0.0,1.0,2.0,2.0
15,Boyacá,15599,Ramiriquí,Leguminosas,Leguminosas,Haba,Haba,2023,2023B,Transitorio,"0,00","1,00","2,00","2,00",1060500,0.0,1.0,2.0,2.0
15,Boyacá,15599,Ramiriquí,Cereales,Cereales,Maíz,Maíz amarillo tradicional,2022,2022B,Transitorio,"0,00","23,00","23,00","1,00",1010402,0.0,23.0,23.0,1.0
15,Boyacá,15599,Ramiriquí,Cereales,Cereales,Maíz,Maíz amarillo tradicional,2023,2023B,Transitorio,"0,00","25,00","37,50","1,50",1010402,0.0,25.0,37.5,1.5
15,Boyacá,15600,Ráquira,Cereales,Cereales,Maíz,Maíz amarillo tradicional,2022,2022B,Transitorio,"0,00","40,00","43,85","1,10",1010402,0.0,40.0,43.85,1.1
15,Boyacá,15600,Ráquira,Cereales,Cereales,Maíz,Maíz amarillo tradicional,2023,2023B,Transitorio,"0,00","45,00","49,08","1,09",1010402,0.0,45.0,49.08,1.09
15,Boyacá,15600,Ráquira,Cereales,Cereales,Maíz,Maíz amarillo tradicional,2024,2024B,Transitorio,"0,00","90,00","88,09","0,98",1010402,0.0,90.0,88.09,0.98
15,Boyacá,15600,Ráquira,Cereales,Cereales,Maíz,Maíz amarillo tradicional,2025,2025B,Transitorio,"0,00","49,50","48,45","0,98",1010402,0.0,49.5,48.45,0.98
15,Boyacá,15600,Ráquira,Hortalizas,Hortalizas de raíz,Zanahoria,Zanahoria,2022,2022B,Transitorio,"0,00","8,00","208,00","26,00",1053000,0.0,8.0,208.0,26.0
15,Boyacá,15600,Ráquira,Hortalizas,Hortalizas de raíz,Zanahoria,Zanahoria,2023,2023B,Transitorio,"0,00","5,50","143,00","26,00",1053000,0.0,5.5,143.0,26.0
15,Boyacá,15621,Rondón,Raíces y tubérculos,Raíces y tubérculos,Arracacha,Arracacha,2024,2024A,Transitorio,"0,00","1,00","10,00","10,00",1080200,0.0,1.0,10.0,10.0
15,Boyacá,15621,Rondón,Leguminosas,Leguminosas,Arveja,Arveja,2024,2024B,Transitorio,"0,00","1,00","1,17","1,17",1060100,0.0,1.0,1.17,1.17
15,Boyacá,15621,Rondón,Leguminosas,Leguminosas,Arveja,Arveja,2025,2025B,Transitorio,"0,00","1,00","1,17","1,17",1060100,0.0,1.0,1.17,1.17
15,Boyacá,15660,San Eduardo,Cereales,Cereales,Maíz,Maíz amarillo tradicional,2022,2022B,Transitorio,"0,00","5,00","2,50","0,50",1010402,0.0,5.0,2.5,0.5
15,Boyacá,15660,San Eduardo,Cereales,Cereales,Maíz,Maíz amarillo tradicional,2023,2023B,Transitorio,"0,00","5,00","3,50","0,70",1010402,0.0,5.0,3.5,0.7
15,Boyacá,15673,San Mateo,Hortalizas,Hortalizas de raíz,Cebolla de bulbo,Cebolla de bulbo,2025,2025A,Transitorio,"0,00","2,50","25,00","10,00",1051100,0.0,2.5,25.0,10.0
15,Boyacá,15673,San Mateo,Cereales,Cereales,Maíz,Maíz amarillo tradicional,2022,2022B,Transitorio,"0,00","50,00","50,00","1,00",1010402,0.0,50.0,50.0,1.0
15,Boyacá,15673,San Mateo,Cereales,Cereales,Maíz,Maíz amarillo tradicional,2023,2023B,Transitorio,"0,00","60,00","72,00","1,20",1010402,0.0,60.0,72.0,1.2
15,Boyacá,15673,San Mateo,Cereales,Cereales,Maíz,Maíz blanco tecnificado,2025,2025A,Transitorio,"0,00","11,00","13,20","1,20",1010403,0.0,11.0,13.2,1.2
15,Boyacá,15673,San Mateo,Cereales,Cereales,Trigo,Trigo,2022,2022A,Transitorio,"0,00","4,00","2,40","0,60",1010800,0.0,4.0,2.4,0.6
15,Boyacá,15673,San Mateo,Cereales,Cereales,Trigo,Trigo,2023,2023A,Transitorio,"0,00","2,00","2,40","1,20",1010800,0.0,2.0,2.4,1.2
15,Boyacá,15673,San Mateo,Cereales,Cereales,Trigo,Trigo,2024,2024A,Transitorio,"0,00","2,50","3,00","1,20",1010800,0.0,2.5,3.0,1.2
15,Boyacá,15673,San Mateo,Cereales,Cereales,Trigo,Trigo,2025,2025A,Transitorio,"0,00","3,00","3,60","1,20",1010800,0.0,3.0,3.6,1.2
15,Boyacá,15681,San Pablo de Borbur,Leguminosas,Leguminosas,Maní,Maní,2025,2025B,Transitorio,"0,00","3,00","3,00","1,00",1060700,0.0,3.0,3.0,1.0
15,Boyacá,15690,Santa María,Raíces y tubérculos,Raíces y tubérculos,Arracacha,Arracacha,2023,2023A,Transitorio,"0,00","3,50","10,50","3,00",1080200,0.0,3.5,10.5,3.0
15,Boyacá,15690,Santa María,Raíces y tubérculos,Raíces y tubérculos,"Malanga, achín, yota, papa china, bore","Malanga, achín, yota, papa china, bore",2024,2024B,Transitorio,"0,00","2,00","12,00","6,00",1080400,0.0,2.0,12.0,6.0
15,Boyacá,15693,Santa Rosa de Viterbo,Cereales,Cereales,Maíz,Maíz amarillo tradicional,2022,2022B,Transitorio,"0,00","29,00","29,00","1,00",1010402,0.0,29.0,29.0,1.0
15,Boyacá,15693,Santa Rosa de Viterbo,Cereales,Cereales,Maíz,Maíz amarillo tradicional,2023,2023B,Transitorio,"0,00","36,00","36,24","1,01",1010402,0.0,36.0,36.24,1.01
15,Boyacá,15693,Santa Rosa de Viterbo,Cereales,Cereales,Maíz,Maíz amarillo tradicional,2024,2024B,Transitorio,"0,00","36,50","36,85","1,01",1010402,0.0,36.5,36.85,1.01
15,Boyacá,15693,Santa Rosa de Viterbo,Cereales,Cereales,Maíz,Maíz amarillo tradicional,2025,2025B,Transitorio,"0,00","40,00","44,75","1,12",1010402,0.0,40.0,44.75,1.12
15,Boyacá,15696,Santa Sofía,Hortalizas,Hortalizas de fruto,Pimentón,Pimentón,2025,2025B,Transitorio,"0,00","1,00","20,00","20,00",1052500,0.0,1.0,20.0,20.0
15,Boyacá,15720,Sativanorte,Cereales,Cereales,Cebada,Cebada,2024,2024B,Transitorio,"0,00","0,50","0,75","1,50",1010300,0.0,0.5,0.75,1.5
15,Boyacá,15720,Sativanorte,Raíces y tubérculos,Raíces y tubérculos,Papa,Papa todas las variedades,2024,2024B,Transitorio,"0,00","60,00","1.200,00","20,00",1080701,0.0,60.0,1200.0,20.0
15,Boyacá,15720,Sativanorte,Raíces y tubérculos,Raíces y tubérculos,Yuca,Yuca consumo en fresco,2023,2023B,Transitorio,"0,00","2,00","10,00","5,00",1081001,0.0,2.0,10.0,5.0
15,Boyacá,15720,Sativanorte,Raíces y tubérculos,Raíces y tubérculos,Yuca,Yuca consumo en fresco,2024,2024B,Transitorio,"0,00","1,50","7,50","5,00",1081001,0.0,1.5,7.5,5.0
15,Boyacá,15720,Sativanorte,Raíces y tubérculos,Raíces y tubérculos,Yuca,Yuca consumo en fresco,2025,2025B,Transitorio,"0,00","1,00","2,00","2,00",1081001,0.0,1.0,2.0,2.0
15,Boyacá,15723,Sativasur,Cereales,Cereales,Cebada,Cebada,2022,2022B,Transitorio,"0,00","0,50","0,95","1,90",1010300,0.0,0.5,0.95,1.9
15,Boyacá,15723,Sativasur,Cereales,Cereales,Cebada,Cebada,2023,2023B,Transitorio,"0,00","0,56","1,06","1,89",1010300,0.0,0.56,1.06,1.89
15,Boyacá,15723,Sativasur,Cereales,Cereales,Cebada,Cebada,2024,2024B,Transitorio,"0,00","0,50","0,75","1,50",1010300,0.0,0.5,0.75,1.5
15,Boyacá,15723,Sativasur,Cereales,Cereales,Cebada,Cebada,2025,2025B,Transitorio,"0,00","0,50","0,75","1,50",1010300,0.0,0.5,0.75,1.5
15,Boyacá,15723,Sativasur,Leguminosas,Leguminosas,Frijol,Frijol,2022,2022B,Transitorio,"0,00","5,00","5,00","1,00",1060200,0.0,5.0,5.0,1.0
15,Boyacá,15723,Sativasur,Leguminosas,Leguminosas,Frijol,Frijol,2023,2023B,Transitorio,"0,00","5,80","5,80","1,00",1060200,0.0,5.8,5.8,1.0
15,Boyacá,15723,Sativasur,Leguminosas,Leguminosas,Frijol,Frijol,2024,2024B,Transitorio,"0,00","6,00","6,00","1,00",1060200,0.0,6.0,6.0,1.0
15,Boyacá,15723,Sativasur,Leguminosas,Leguminosas,Frijol,Frijol,2025,2025B,Transitorio,"0,00","3,00","3,60","1,20",1060200,0.0,3.0,3.6,1.2
15,Boyacá,15723,Sativasur,Leguminosas,Leguminosas,Haba,Haba,2022,2022B,Transitorio,"0,00","3,00","4,50","1,50",1060500,0.0,3.0,4.5,1.5
15,Boyacá,15723,Sativasur,Leguminosas,Leguminosas,Haba,Haba,2023,2023B,Transitorio,"0,00","3,00","1,99","0,66",1060500,0.0,3.0,1.99,0.66
15,Boyacá,15723,Sativasur,Leguminosas,Leguminosas,Haba,Haba,2024,2024B,Transitorio,"0,00","2,00","1,33","0,66",1060500,0.0,2.0,1.33,0.66
15,Boyacá,15723,Sativasur,Leguminosas,Leguminosas,Haba,Haba,2025,2025B,Transitorio,"0,00","0,50","1,55","3,10",1060500,0.0,0.5,1.55,3.1
15,Boyacá,15723,Sativasur,Cereales,Cereales,Maíz,Maíz amarillo tradicional,2022,2022B,Transitorio,"0,00","12,00","31,20","2,60",1010402,0.0,12.0,31.2,2.6
15,Boyacá,15723,Sativasur,Cereales,Cereales,Maíz,Maíz amarillo tradicional,2023,2023B,Transitorio,"0,00","11,50","6,43","0,56",1010402,0.0,11.5,6.43,0.56
15,Boyacá,15723,Sativasur,Cereales,Cereales,Maíz,Maíz amarillo tradicional,2024,2024B,Transitorio,"0,00","12,00","6,71","0,56",1010402,0.0,12.0,6.71,0.56
15,Boyacá,15723,Sativasur,Cereales,Cereales,Maíz,Maíz amarillo tradicional,2025,2025B,Transitorio,"0,00","10,00","22,00","2,20",1010402,0.0,10.0,22.0,2.2
15,Boyacá,15740,Siachoque,Leguminosas,Leguminosas,Haba,Haba,2023,2023B,Transitorio,"0,00","15,00","30,00","2,00",1060500,0.0,15.0,30.0,2.0
15,Boyacá,15755,Socotá,Cereales,Cereales,Maíz,Maíz amarillo tradicional,2022,2022B,Transitorio,"0,00","130,00","351,56","2,70",1010402,0.0,130.0,351.56,2.7
15,Boyacá,15755,Socotá,Cereales,Cereales,Trigo,Trigo,2024,2024B,Transitorio,"0,00","170,00","340,00","2,00",1010800,0.0,170.0,340.0,2.0
15,Boyacá,15757,Socha,Cereales,Cereales,Trigo,Trigo,2022,2022B,Transitorio,"0,00","1,50","3,00","2,00",1010800,0.0,1.5,3.0,2.0
15,Boyacá,15757,Socha,Cereales,Cereales,Trigo,Trigo,2023,2023B,Transitorio,"0,00","2,00","4,00","2,00",1010800,0.0,2.0,4.0,2.0
15,Boyacá,15759,Sogamoso,Leguminosas,Leguminosas,Haba,Haba,2023,2023B,Transitorio,"0,00","1,00","1,50","1,50",1060500,0.0,1.0,1.5,1.5
15,Boyacá,15759,Sogamoso,Cereales,Cereales,Maíz,Maíz amarillo tradicional,2022,2022B,Transitorio,"0,00","50,00","55,93","1,12",1010402,0.0,50.0,55.93,1.12
15,Boyacá,15759,Sogamoso,Cereales,Cereales,Maíz,Maíz amarillo tradicional,2023,2023B,Transitorio,"0,00","50,00","55,93","1,12",1010402,0.0,50.0,55.93,1.12
15,Boyacá,15761,Somondoco,Cereales,Cereales,Maíz,Maíz blanco tradicional,2022,2022B,Transitorio,"0,00","20,00","24,00","1,20",1010404,0.0,20.0,24.0,1.2
15,Boyacá,15761,Somondoco,Cereales,Cereales,Maíz,Maíz blanco tradicional,2023,2023B,Transitorio,"0,00","15,00","15,00","1,00",1010404,0.0,15.0,15.0,1.0
15,Boyacá,15763,Sotaquirá,Leguminosas,Leguminosas,Frijol,Frijol,2022,2022B,Transitorio,"0,00","7,00","10,50","1,50",1060200,0.0,7.0,10.5,1.5
15,Boyacá,15763,Sotaquirá,Leguminosas,Leguminosas,Haba,Haba,2022,2022B,Transitorio,"0,00","6,00","12,00","2,00",1060500,0.0,6.0,12.0,2.0
15,Boyacá,15763,Sotaquirá,Leguminosas,Leguminosas,Haba,Haba,2023,2023B,Transitorio,"0,00","5,00","10,00","2,00",1060500,0.0,5.0,10.0,2.0
15,Boyacá,15790,Tasco,Cereales,Cereales,Cebada,Cebada,2023,2023A,Transitorio,"0,00","3,00","7,50","2,50",1010300,0.0,3.0,7.5,2.5
15,Boyacá,15790,Tasco,Cereales,Cereales,Cebada,Cebada,2024,2024B,Transitorio,"0,00","2,50","6,25","2,50",1010300,0.0,2.5,6.25,2.5
15,Boyacá,15790,Tasco,Leguminosas,Leguminosas,Frijol,Frijol,2022,2022B,Transitorio,"0,00","12,00","20,14","1,68",1060200,0.0,12.0,20.14,1.68
15,Boyacá,15790,Tasco,Leguminosas,Leguminosas,Frijol,Frijol,2023,2023B,Transitorio,"0,00","10,00","17,48","1,75",1060200,0.0,10.0,17.48,1.75
15,Boyacá,15790,Tasco,Leguminosas,Leguminosas,Frijol,Frijol,2024,2024B,Transitorio,"0,00","10,00","17,48","1,75",1060200,0.0,10.0,17.48,1.75
15,Boyacá,15790,Tasco,Leguminosas,Leguminosas,Haba,Haba,2022,2022B,Transitorio,"0,00","3,00","3,98","1,33",1060500,0.0,3.0,3.98,1.33
15,Boyacá,15790,Tasco,Leguminosas,Leguminosas,Haba,Haba,2023,2023B,Transitorio,"0,00","1,00","1,33","1,33",1060500,0.0,1.0,1.33,1.33
15,Boyacá,15790,Tasco,Cereales,Cereales,Maíz,Maíz amarillo tradicional,2022,2022B,Transitorio,"0,00","25,00","16,78","0,67",1010402,0.0,25.0,16.78,0.67
15,Boyacá,15790,Tasco,Cereales,Cereales,Maíz,Maíz amarillo tradicional,2023,2023B,Transitorio,"0,00","20,00","13,98","0,70",1010402,0.0,20.0,13.98,0.7
15,Boyacá,15790,Tasco,Cereales,Cereales,Maíz,Maíz amarillo tradicional,2024,2024B,Transitorio,"0,00","20,00","13,98","0,70",1010402,0.0,20.0,13.98,0.7
15,Boyacá,15790,Tasco,Cereales,Cereales,Maíz,Maíz amarillo tradicional,2025,2025B,Transitorio,"0,00","13,00","9,09","0,70",1010402,0.0,13.0,9.09,0.7
15,Boyacá,15790,Tasco,Cereales,Cereales,Trigo,Trigo,2025,2025B,Transitorio,"0,00","5,00","10,00","2,00",1010800,0.0,5.0,10.0,2.0
15,Boyacá,15798,Tenza,Raíces y tubérculos,Raíces y tubérculos,Arracacha,Arracacha,2024,2024A,Transitorio,"0,00","4,00","56,00","14,00",1080200,0.0,4.0,56.0,14.0
15,Boyacá,15806,Tibasosa,Cereales,Cereales,Maíz,Maíz amarillo tradicional,2022,2022B,Transitorio,"0,00","25,00","32,44","1,30",1010402,0.0,25.0,32.44,1.3
15,Boyacá,15806,Tibasosa,Cereales,Cereales,Maíz,Maíz amarillo tradicional,2023,2023B,Transitorio,"0,00","10,00","12,58","1,26",1010402,0.0,10.0,12.58,1.26
15,Boyacá,15806,Tibasosa,Cereales,Cereales,Maíz,Maíz amarillo tradicional,2024,2024B,Transitorio,"0,00","15,00","18,88","1,26",1010402,0.0,15.0,18.88,1.26
15,Boyacá,15806,Tibasosa,Cereales,Cereales,Maíz,Maíz amarillo tradicional,2025,2025B,Transitorio,"0,00","15,00","18,88","1,26",1010402,0.0,15.0,18.88,1.26
15,Boyacá,15808,Tinjacá,Raíces y tubérculos,Raíces y tubérculos,Arracacha,Arracacha,2022,2022B,Transitorio,"0,00","0,50","1,15","2,30",1080200,0.0,0.5,1.15,2.3
15,Boyacá,15810,Tipacoque,Cereales,Cereales,Maíz,Maíz amarillo tecnificado,2022,2022B,Transitorio,"0,00","12,00","32,40","2,70",1010401,0.0,12.0,32.4,2.7
15,Boyacá,15810,Tipacoque,Cereales,Cereales,Maíz,Maíz amarillo tecnificado,2023,2023B,Transitorio,"0,00","6,00","9,00","1,50",1010401,0.0,6.0,9.0,1.5
15,Boyacá,15810,Tipacoque,Cereales,Cereales,Maíz,Maíz blanco tecnificado,2022,2022B,Transitorio,"0,00","2,00","4,40","2,20",1010403,0.0,2.0,4.4,2.2
15,Boyacá,15810,Tipacoque,Raíces y tubérculos,Raíces y tubérculos,Papa,Papa criolla,2023,2023B,Transitorio,"0,00","1,00","5,00","5,00",1080702,0.0,1.0,5.0,5.0
15,Boyacá,15810,Tipacoque,Raíces y tubérculos,Raíces y tubérculos,Papa,Papa todas las variedades,2022,2022B,Transitorio,"0,00","3,00","33,00","11,00",1080701,0.0,3.0,33.0,11.0
15,Boyacá,15810,Tipacoque,Hortalizas,Hortalizas de fruto,Pimentón,Pimentón,2023,2023A,Transitorio,"0,00","2,00","30,00","15,00",1052500,0.0,2.0,30.0,15.0
15,Boyacá,15814,Toca,Hortalizas,Hortalizas,Otras hortalizas,Otras hortalizas,2022,2022B,Transitorio,"0,00","52,00","520,00","10,00",1059900,0.0,52.0,520.0,10.0
15,Boyacá,15816,Togüí,Raíces y tubérculos,Raíces y tubérculos,Papa,Papa todas las variedades,2022,2022B,Transitorio,"0,00","4,00","56,00","14,00",1080701,0.0,4.0,56.0,14.0
15,Boyacá,15816,Togüí,Raíces y tubérculos,Raíces y tubérculos,Papa,Papa todas las variedades,2023,2023B,Transitorio,"0,00","5,00","70,00","14,00",1080701,0.0,5.0,70.0,14.0
15,Boyacá,15820,Tópaga,Cereales,Cereales,Cebada,Cebada,2025,2025A,Transitorio,"0,00","4,00","14,00","3,50",1010300,0.0,4.0,14.0,3.5
15,Boyacá,15835,Turmequé,Leguminosas,Leguminosas,Haba,Haba,2022,2022B,Transitorio,"0,00","4,00","3,54","0,88",1060500,0.0,4.0,3.54,0.88
15,Boyacá,15835,Turmequé,Leguminosas,Leguminosas,Haba,Haba,2023,2023B,Transitorio,"0,00","4,00","3,54","0,88",1060500,0.0,4.0,3.54,0.88
15,Boyacá,15835,Turmequé,Leguminosas,Leguminosas,Haba,Haba,2024,2024B,Transitorio,"0,00","4,00","3,54","0,88",1060500,0.0,4.0,3.54,0.88
15,Boyacá,15837,Tuta,Cereales,Cereales,Maíz,Maíz amarillo tradicional,2022,2022B,Transitorio,"0,00","35,00","29,36","0,84",1010402,0.0,35.0,29.36,0.84
15,Boyacá,15837,Tuta,Cereales,Cereales,Maíz,Maíz amarillo tradicional,2023,2023B,Transitorio,"0,00","40,00","33,56","0,84",1010402,0.0,40.0,33.56,0.84
15,Boyacá,15837,Tuta,Cereales,Cereales,Maíz,Maíz amarillo tradicional,2024,2024B,Transitorio,"0,00","65,00","54,53","0,84",1010402,0.0,65.0,54.53,0.84
15,Boyacá,15837,Tuta,Cereales,Cereales,Trigo,Trigo,2022,2022B,Transitorio,"0,00","50,00","100,00","2,00",1010800,0.0,50.0,100.0,2.0
15,Boyacá,15837,Tuta,Cereales,Cereales,Trigo,Trigo,2023,2023B,Transitorio,"0,00","25,00","50,00","2,00",1010800,0.0,25.0,50.0,2.0
15,Boyacá,15837,Tuta,Cereales,Cereales,Trigo,Trigo,2025,2025B,Transitorio,"0,00","6,00","10,80","1,80",1010800,0.0,6.0,10.8,1.8
15,Boyacá,15839,Tutazá,Leguminosas,Leguminosas,Frijol,Frijol,2022,2022B,Transitorio,"0,00","3,00","3,60","1,20",1060200,0.0,3.0,3.6,1.2
15,Boyacá,15839,Tutazá,Leguminosas,Leguminosas,Frijol,Frijol,2023,2023B,Transitorio,"0,00","2,40","3,60","1,50",1060200,0.0,2.4,3.6,1.5
15,Boyacá,15839,Tutazá,Leguminosas,Leguminosas,Frijol,Frijol,2025,2025A,Transitorio,"0,00","0,50","1,00","2,00",1060200,0.0,0.5,1.0,2.0
15,Boyacá,15842,Úmbita,Leguminosas,Leguminosas,Haba,Haba,2022,2022A,Transitorio,"0,00","5,00","6,02","1,20",1060500,0.0,5.0,6.02,1.2
15,Boyacá,15842,Úmbita,Raíces y tubérculos,Raíces y tubérculos,"Hibias, ocas","Hibias, ocas",2024,2024B,Transitorio,"0,00","0,05","0,20","4,00",1080800,0.0,0.05,0.2,4.0
15,Boyacá,15842,Úmbita,Cereales,Cereales,Maíz,Maíz amarillo tradicional,2022,2022B,Transitorio,"0,00","42,00","34,30","0,82",1010402,0.0,42.0,34.3,0.82
15,Boyacá,15842,Úmbita,Cereales,Cereales,Maíz,Maíz amarillo tradicional,2023,2023B,Transitorio,"0,00","50,00","41,95","0,84",1010402,0.0,50.0,41.95,0.84
15,Boyacá,15842,Úmbita,Cereales,Cereales,Maíz,Maíz amarillo tradicional,2024,2024B,Transitorio,"0,00","50,00","41,95","0,84",1010402,0.0,50.0,41.95,0.84
15,Boyacá,15842,Úmbita,Cereales,Cereales,Maíz,Maíz amarillo tradicional,2025,2025B,Transitorio,"0,00","30,00","25,17","0,84",1010402,0.0,30.0,25.17,0.84
15,Boyacá,15842,Úmbita,Raíces y tubérculos,Raíces y tubérculos,Nabo,Nabo,2023,2023A,Transitorio,"0,00","0,10","0,50","5,00",1080500,0.0,0.1,0.5,5.0
15,Boyacá,15842,Úmbita,Raíces y tubérculos,Raíces y tubérculos,Nabo,Nabo,2024,2024A,Transitorio,"0,00","0,05","0,30","6,00",1080500,0.0,0.05,0.3,6.0
15,Boyacá,15879,Viracachá,Raíces y tubérculos,Raíces y tubérculos,Arracacha,Arracacha,2022,2022A,Transitorio,"0,00","4,00","68,00","17,00",1080200,0.0,4.0,68.0,17.0
15,Boyacá,15879,Viracachá,Leguminosas,Leguminosas,Arveja,Arveja,2025,2025A,Transitorio,"0,00","20,00","28,04","1,40",1060100,0.0,20.0,28.04,1.4
15,Boyacá,15897,Zetaquira,Leguminosas,Leguminosas,Frijol,Frijol,2024,2024A,Transitorio,"0,00","150,00","300,00","2,00",1060200,0.0,150.0,300.0,2.0
15,Boyacá,15897,Zetaquira,Leguminosas,Leguminosas,Frijol,Frijol,2025,2025A,Transitorio,"0,00","200,00","300,00","1,50",1060200,0.0,200.0,300.0,1.5
15,Boyacá,15897,Zetaquira,Cereales,Cereales,Maíz,Maíz blanco tradicional,2022,2022B,Transitorio,"0,00","6,00","9,00","1,50",1010404,0.0,6.0,9.0,1.5
15,Boyacá,15897,Zetaquira,Cereales,Cereales,Maíz,Maíz blanco tradicional,2023,2023B,Transitorio,"0,00","6,00","10,80","1,80",1010404,0.0,6.0,10.8,1.8
15,Boyacá,15897,Zetaquira,Cereales,Cereales,Maíz,Maíz blanco tradicional,2025,2025B,Transitorio,"0,00","40,00","80,00","2,00",1010404,0.0,40.0,80.0,2.0
17,Caldas,17042,Anserma,Cereales,Cereales,Maíz,Maíz blanco tecnificado,2024,2024A,Transitorio,"0,00","4,00","20,00","5,00",1010403,0.0,4.0,20.0,5.0
17,Caldas,17042,Anserma,Cereales,Cereales,Maíz,Maíz blanco tecnificado,2025,2025A,Transitorio,"0,00","1,00","5,00","5,00",1010403,0.0,1.0,5.0,5.0
17,Caldas,17042,Anserma,Cereales,Cereales,Maíz,Maíz blanco tradicional,2024,2024A,Transitorio,"0,00","3,00","4,50","1,50",1010404,0.0,3.0,4.5,1.5
17,Caldas,17042,Anserma,Cereales,Cereales,Maíz,Maíz blanco tradicional,2025,2025A,Transitorio,"0,00","2,00","3,00","1,50",1010404,0.0,2.0,3.0,1.5
17,Caldas,17088,Belalcázar,Cereales,Cereales,Maíz,Maíz amarillo tradicional,2022,2022A,Transitorio,"0,00","14,00","42,00","3,00",1010402,0.0,14.0,42.0,3.0
17,Caldas,17174,Chinchiná,Cereales,Cereales,Maíz,Maíz amarillo tecnificado,2023,2023B,Transitorio,"0,00","10,00","16,78","1,68",1010401,0.0,10.0,16.78,1.68
17,Caldas,17174,Chinchiná,Cereales,Cereales,Maíz,Maíz blanco tradicional,2025,2025A,Transitorio,"0,00","1,00","0,84","0,84",1010404,0.0,1.0,0.84,0.84
17,Caldas,17380,La Dorada,Cereales,Cereales,Maíz,Maíz blanco tradicional,2025,2025A,Transitorio,"0,00","4,00","4,00","1,00",1010404,0.0,4.0,4.0,1.0
17,Caldas,17442,Marmato,Raíces y tubérculos,Raíces y tubérculos,Yuca,Yuca consumo en fresco,2022,2022B,Transitorio,"0,00","1,00","6,00","6,00",1081001,0.0,1.0,6.0,6.0
17,Caldas,17442,Marmato,Raíces y tubérculos,Raíces y tubérculos,Yuca,Yuca consumo en fresco,2023,2023B,Transitorio,"0,00","1,00","6,00","6,00",1081001,0.0,1.0,6.0,6.0
17,Caldas,17616,Risaralda,Cereales,Cereales,Maíz,Maíz blanco tecnificado,2023,2023B,Transitorio,"0,00","7,00","42,00","6,00",1010403,0.0,7.0,42.0,6.0
17,Caldas,17616,Risaralda,Cereales,Cereales,Maíz,Maíz blanco tecnificado,2024,2024B,Transitorio,"0,00","5,00","22,50","4,50",1010403,0.0,5.0,22.5,4.5
17,Caldas,17616,Risaralda,Cereales,Cereales,Maíz,Maíz blanco tecnificado,2025,2025B,Transitorio,"0,00","5,00","22,50","4,50",1010403,0.0,5.0,22.5,4.5
17,Caldas,17616,Risaralda,Raíces y tubérculos,Raíces y tubérculos,Yuca,Yuca consumo en fresco,2022,2022A,Transitorio,"0,00","6,00","90,00","15,00",1081001,0.0,6.0,90.0,15.0
17,Caldas,17616,Risaralda,Raíces y tubérculos,Raíces y tubérculos,Yuca,Yuca consumo en fresco,2023,2023B,Transitorio,"0,00","5,00","70,00","14,00",1081001,0.0,5.0,70.0,14.0
17,Caldas,17616,Risaralda,Raíces y tubérculos,Raíces y tubérculos,Yuca,Yuca consumo en fresco,2024,2024B,Transitorio,"0,00","7,00","84,00","12,00",1081001,0.0,7.0,84.0,12.0
17,Caldas,17616,Risaralda,Raíces y tubérculos,Raíces y tubérculos,Yuca,Yuca consumo en fresco,2025,2025B,Transitorio,"0,00","5,00","60,00","12,00",1081001,0.0,5.0,60.0,12.0
17,Caldas,17662,Samaná,Cereales,Cereales,Maíz,Maíz blanco tradicional,2023,2023B,Transitorio,"0,00","1,00","1,68","1,68",1010404,0.0,1.0,1.68,1.68
17,Caldas,17662,Samaná,Cereales,Cereales,Maíz,Maíz blanco tradicional,2024,2024B,Transitorio,"0,00","1,00","0,80","0,80",1010404,0.0,1.0,0.8,0.8
17,Caldas,17665,San José,Cereales,Cereales,Maíz,Maíz blanco tecnificado,2025,2025A,Transitorio,"0,00","0,20","0,32","1,60",1010403,0.0,0.2,0.32,1.6
17,Caldas,17873,Villamaría,Cereales,Cereales,Maíz,Maíz amarillo tradicional,2022,2022B,Transitorio,"0,00","1,00","1,50","1,50",1010402,0.0,1.0,1.5,1.5
17,Caldas,17873,Villamaría,Cereales,Cereales,Maíz,Maíz amarillo tradicional,2023,2023B,Transitorio,"0,00","0,50","0,74","1,48",1010402,0.0,0.5,0.74,1.48
18,Caquetá,18001,Florencia,Raíces y tubérculos,Raíces y tubérculos,Yuca,Yuca consumo en fresco,2022,2022B,Transitorio,"0,00","154,00","1.078,00","7,00",1081001,0.0,154.0,1078.0,7.0
18,Caquetá,18001,Florencia,Raíces y tubérculos,Raíces y tubérculos,Yuca,Yuca consumo en fresco,2023,2023B,Transitorio,"0,00","160,00","1.120,00","7,00",1081001,0.0,160.0,1120.0,7.0
18,Caquetá,18001,Florencia,Raíces y tubérculos,Raíces y tubérculos,Yuca,Yuca consumo en fresco,2024,2024B,Transitorio,"0,00","140,00","980,00","7,00",1081001,0.0,140.0,980.0,7.0
18,Caquetá,18247,El Doncello,Raíces y tubérculos,Raíces y tubérculos,Yuca,Yuca industrial,2025,2025A,Transitorio,"0,00","3,00","45,00","15,00",1081002,0.0,3.0,45.0,15.0
18,Caquetá,18410,La Montañita,Raíces y tubérculos,Raíces y tubérculos,Yuca,Yuca consumo en fresco,2023,2023B,Transitorio,"0,00","80,00","800,00","10,00",1081001,0.0,80.0,800.0,10.0
18,Caquetá,18410,La Montañita,Raíces y tubérculos,Raíces y tubérculos,Yuca,Yuca consumo en fresco,2024,2024B,Transitorio,"0,00","80,00","800,00","10,00",1081001,0.0,80.0,800.0,10.0
18,Caquetá,18410,La Montañita,Raíces y tubérculos,Raíces y tubérculos,Yuca,Yuca consumo en fresco,2025,2025B,Transitorio,"0,00","80,00","800,00","10,00",1081001,0.0,80.0,800.0,10.0
18,Caquetá,18592,Puerto Rico,Raíces y tubérculos,Raíces y tubérculos,Yuca,Yuca consumo en fresco,2022,2022B,Transitorio,"0,00","130,00","1.040,00","8,00",1081001,0.0,130.0,1040.0,8.0
18,Caquetá,18592,Puerto Rico,Raíces y tubérculos,Raíces y tubérculos,Yuca,Yuca consumo en fresco,2023,2023B,Transitorio,"0,00","130,00","1.040,00","8,00",1081001,0.0,130.0,1040.0,8.0
18,Caquetá,18592,Puerto Rico,Raíces y tubérculos,Raíces y tubérculos,Yuca,Yuca consumo en fresco,2024,2024B,Transitorio,"0,00","130,00","1.040,00","8,00",1081001,0.0,130.0,1040.0,8.0
18,Caquetá,18592,Puerto Rico,Raíces y tubérculos,Raíces y tubérculos,Yuca,Yuca consumo en fresco,2025,2025B,Transitorio,"0,00","140,00","1.260,00","9,00",1081001,0.0,140.0,1260.0,9.0
18,Caquetá,18753,San Vicente del Caguán,Cereales,Cereales,Maíz,Maíz blanco tradicional,2022,2022B,Transitorio,"0,00","363,00","363,00","1,00",1010404,0.0,363.0,363.0,1.0
18,Caquetá,18753,San Vicente del Caguán,Cereales,Cereales,Maíz,Maíz blanco tradicional,2023,2023B,Transitorio,"0,00","320,00","320,00","1,00",1010404,0.0,320.0,320.0,1.0
18,Caquetá,18756,Solano,Raíces y tubérculos,Raíces y tubérculos,Ñame,Ñame demás variedades,2022,2022B,Transitorio,"0,00","6,00","36,00","6,00",1080699,0.0,6.0,36.0,6.0
18,Caquetá,18756,Solano,Hortalizas,Hortalizas de fruto,Patilla,Patilla,2022,2022A,Transitorio,"0,00","5,00","60,00","12,00",1052200,0.0,5.0,60.0,12.0
18,Caquetá,18756,Solano,Hortalizas,Hortalizas de fruto,Patilla,Patilla,2023,2023A,Transitorio,"0,00","5,00","25,00","5,00",1052200,0.0,5.0,25.0,5.0
18,Caquetá,18860,Valparaíso,Raíces y tubérculos,Raíces y tubérculos,Yuca,Yuca consumo en fresco,2023,2023A,Transitorio,"0,00","125,00","1.250,00","10,00",1081001,0.0,125.0,1250.0,10.0
19,Cauca,19001,Popayán,Raíces y tubérculos,Raíces y tubérculos,Papa,Papa todas las variedades,2023,2023B,Transitorio,"0,00","0,70","2,80","4,00",1080701,0.0,0.7,2.8,4.0
19,Cauca,19022,Almaguer,Leguminosas,Leguminosas,Frijol,Frijol,2025,2025A,Transitorio,"0,00","190,00","285,00","1,50",1060200,0.0,190.0,285.0,1.5
19,Cauca,19022,Almaguer,Cereales,Cereales,Maíz,Maíz amarillo tradicional,2022,2022B,Transitorio,"0,00","70,00","39,15","0,56",1010402,0.0,70.0,39.15,0.56
19,Cauca,19022,Almaguer,Cereales,Cereales,Maíz,Maíz amarillo tradicional,2023,2023B,Transitorio,"0,00","72,40","50,62","0,70",1010402,0.0,72.4,50.62,0.7
19,Cauca,19022,Almaguer,Cereales,Cereales,Maíz,Maíz amarillo tradicional,2025,2025A,Transitorio,"0,00","72,00","80,54","1,12",1010402,0.0,72.0,80.54,1.12
19,Cauca,19022,Almaguer,Cereales,Cereales,Maíz,Maíz blanco tradicional,2022,2022B,Transitorio,"0,00","32,00","5,19","0,16",1010404,0.0,32.0,5.19,0.16
19,Cauca,19022,Almaguer,Cereales,Cereales,Maíz,Maíz blanco tradicional,2023,2023B,Transitorio,"0,00","33,10","19,16","0,58",1010404,0.0,33.1,19.16,0.58
19,Cauca,19022,Almaguer,Cereales,Cereales,Maíz,Maíz blanco tradicional,2025,2025A,Transitorio,"0,00","33,00","36,92","1,12",1010404,0.0,33.0,36.92,1.12
19,Cauca,19022,Almaguer,Raíces y tubérculos,Raíces y tubérculos,Yuca,Yuca consumo en fresco,2022,2022B,Transitorio,"0,00","12,00","180,00","15,00",1081001,0.0,12.0,180.0,15.0
19,Cauca,19022,Almaguer,Raíces y tubérculos,Raíces y tubérculos,Yuca,Yuca consumo en fresco,2023,2023B,Transitorio,"0,00","12,50","187,50","15,00",1081001,0.0,12.5,187.5,15.0
19,Cauca,19050,Argelia,Cereales,Cereales,Maíz,Maíz blanco tradicional,2022,2022A,Transitorio,"0,00","3,50","3,50","1,00",1010404,0.0,3.5,3.5,1.0
19,Cauca,19075,Balboa,Leguminosas,Leguminosas,Frijol,Frijol,2025,2025A,Transitorio,"0,00","2,00","2,80","1,40",1060200,0.0,2.0,2.8,1.4
19,Cauca,19075,Balboa,Cereales,Cereales,Maíz,Maíz amarillo tradicional,2025,2025A,Transitorio,"0,00","10,00","20,00","2,00",1010402,0.0,10.0,20.0,2.0
19,Cauca,19075,Balboa,Hortalizas,Hortalizas de fruto,Patilla,Patilla,2025,2025B,Transitorio,"0,00","2,50","37,50","15,00",1052200,0.0,2.5,37.5,15.0
19,Cauca,19075,Balboa,Hortalizas,Hortalizas de fruto,Tomate,Tomate invernadero,2025,2025A,Transitorio,"0,00","1,00","70,00","70,00",1052902,0.0,1.0,70.0,70.0
19,Cauca,19100,Bolívar,Raíces y tubérculos,Raíces y tubérculos,Papa,Papa criolla,2022,2022B,Transitorio,"0,00","16,00","192,00","12,00",1080702,0.0,16.0,192.0,12.0
19,Cauca,19100,Bolívar,Raíces y tubérculos,Raíces y tubérculos,Papa,Papa criolla,2023,2023B,Transitorio,"0,00","20,00","240,00","12,00",1080702,0.0,20.0,240.0,12.0
19,Cauca,19100,Bolívar,Raíces y tubérculos,Raíces y tubérculos,Papa,Papa criolla,2024,2024B,Transitorio,"0,00","20,00","240,00","12,00",1080702,0.0,20.0,240.0,12.0
19,Cauca,19100,Bolívar,Raíces y tubérculos,Raíces y tubérculos,Papa,Papa criolla,2025,2025B,Transitorio,"0,00","21,00","252,00","12,00",1080702,0.0,21.0,252.0,12.0
19,Cauca,19100,Bolívar,Raíces y tubérculos,Raíces y tubérculos,Papa,Papa todas las variedades,2022,2022B,Transitorio,"0,00","80,00","1.600,00","20,00",1080701,0.0,80.0,1600.0,20.0
19,Cauca,19100,Bolívar,Raíces y tubérculos,Raíces y tubérculos,Papa,Papa todas las variedades,2023,2023B,Transitorio,"0,00","85,00","1.700,00","20,00",1080701,0.0,85.0,1700.0,20.0
19,Cauca,19100,Bolívar,Raíces y tubérculos,Raíces y tubérculos,Papa,Papa todas las variedades,2025,2025B,Transitorio,"0,00","70,00","1.400,00","20,00",1080701,0.0,70.0,1400.0,20.0
19,Cauca,19100,Bolívar,Cereales,Cereales,Quinua,Quinua,2022,2022B,Transitorio,"0,00","175,00","175,00","1,00",1010600,0.0,175.0,175.0,1.0
19,Cauca,19100,Bolívar,Cereales,Cereales,Quinua,Quinua,2023,2023B,Transitorio,"0,00","175,00","210,00","1,20",1010600,0.0,175.0,210.0,1.2
19,Cauca,19100,Bolívar,Cereales,Cereales,Quinua,Quinua,2024,2024B,Transitorio,"0,00","176,00","193,60","1,10",1010600,0.0,176.0,193.6,1.1
19,Cauca,19100,Bolívar,Cereales,Cereales,Quinua,Quinua,2025,2025B,Transitorio,"0,00","176,00","193,60","1,10",1010600,0.0,176.0,193.6,1.1
19,Cauca,19100,Bolívar,Cereales,Cereales,Trigo,Trigo,2025,2025B,Transitorio,"0,00","14,50","14,50","1,00",1010800,0.0,14.5,14.5,1.0
19,Cauca,19212,Corinto,Raíces y tubérculos,Raíces y tubérculos,Yuca,Yuca consumo en fresco,2022,2022B,Transitorio,"0,00","2,00","36,00","18,00",1081001,0.0,2.0,36.0,18.0
19,Cauca,19212,Corinto,Raíces y tubérculos,Raíces y tubérculos,Yuca,Yuca consumo en fresco,2023,2023B,Transitorio,"0,00","2,00","36,00","18,00",1081001,0.0,2.0,36.0,18.0
19,Cauca,19212,Corinto,Raíces y tubérculos,Raíces y tubérculos,Yuca,Yuca consumo en fresco,2024,2024B,Transitorio,"0,00","2,00","26,00","13,00",1081001,0.0,2.0,26.0,13.0
19,Cauca,19290,Florencia,Leguminosas,Leguminosas,Frijol,Frijol,2024,2024A,Transitorio,"0,00","8,00","12,31","1,54",1060200,0.0,8.0,12.31,1.54
19,Cauca,19290,Florencia,Leguminosas,Leguminosas,Frijol,Frijol,2025,2025A,Transitorio,"0,00","8,00","12,00","1,50",1060200,0.0,8.0,12.0,1.5
19,Cauca,19290,Florencia,Leguminosas,Leguminosas,Maní,Maní,2024,2024A,Transitorio,"0,00","2,00","3,00","1,50",1060700,0.0,2.0,3.0,1.5
19,Cauca,19290,Florencia,Leguminosas,Leguminosas,Maní,Maní,2025,2025A,Transitorio,"0,00","2,00","3,00","1,50",1060700,0.0,2.0,3.0,1.5
19,Cauca,19300,Guachené,Raíces y tubérculos,Raíces y tubérculos,Yuca,Yuca consumo en fresco,2022,2022B,Transitorio,"0,00","60,00","480,00","8,00",1081001,0.0,60.0,480.0,8.0
19,Cauca,19300,Guachené,Raíces y tubérculos,Raíces y tubérculos,Yuca,Yuca industrial,2025,2025A,Transitorio,"0,00","50,00","750,00","15,00",1081002,0.0,50.0,750.0,15.0
19,Cauca,19318,Guapi,"Cultivos para condimentos, bebidas medicinales y aromáticas",Condimentos,Jengibre,Jengibre,2025,2025A,Transitorio,"0,00","5,00","25,00","5,00",1021400,0.0,5.0,25.0,5.0
19,Cauca,19318,Guapi,Raíces y tubérculos,Raíces y tubérculos,Yuca,Yuca consumo en fresco,2024,2024B,Transitorio,"0,00","28,00","280,00","10,00",1081001,0.0,28.0,280.0,10.0
19,Cauca,19318,Guapi,Raíces y tubérculos,Raíces y tubérculos,Yuca,Yuca consumo en fresco,2025,2025B,Transitorio,"0,00","4,00","40,00","10,00",1081001,0.0,4.0,40.0,10.0
19,Cauca,19355,Inzá,Leguminosas,Leguminosas,Arveja,Arveja,2023,2023B,Transitorio,"0,00","6,00","15,42","2,57",1060100,0.0,6.0,15.42,2.57
19,Cauca,19355,Inzá,Leguminosas,Leguminosas,Arveja,Arveja,2024,2024B,Transitorio,"0,00","25,00","64,25","2,57",1060100,0.0,25.0,64.25,2.57
19,Cauca,19355,Inzá,Leguminosas,Leguminosas,Frijol,Frijol,2023,2023B,Transitorio,"0,00","8,00","8,39","1,05",1060200,0.0,8.0,8.39,1.05
19,Cauca,19355,Inzá,Leguminosas,Leguminosas,Frijol,Frijol,2024,2024B,Transitorio,"0,00","20,00","20,98","1,05",1060200,0.0,20.0,20.98,1.05
19,Cauca,19355,Inzá,Cereales,Cereales,Maíz,Maíz amarillo tradicional,2023,2023B,Transitorio,"0,00","20,00","38,59","1,93",1010402,0.0,20.0,38.59,1.93
19,Cauca,19355,Inzá,Cereales,Cereales,Maíz,Maíz amarillo tradicional,2024,2024B,Transitorio,"0,00","50,00","96,48","1,93",1010402,0.0,50.0,96.48,1.93
19,Cauca,19355,Inzá,Cereales,Cereales,Maíz,Maíz blanco tradicional,2023,2023B,Transitorio,"0,00","10,00","19,58","1,96",1010404,0.0,10.0,19.58,1.96
19,Cauca,19355,Inzá,Cereales,Cereales,Maíz,Maíz blanco tradicional,2024,2024B,Transitorio,"0,00","15,00","29,36","1,96",1010404,0.0,15.0,29.36,1.96
19,Cauca,19355,Inzá,Raíces y tubérculos,Raíces y tubérculos,Papa,Papa todas las variedades,2022,2022B,Transitorio,"0,00","1,80","18,00","10,00",1080701,0.0,1.8,18.0,10.0
19,Cauca,19355,Inzá,Raíces y tubérculos,Raíces y tubérculos,Papa,Papa todas las variedades,2023,2023B,Transitorio,"0,00","11,00","110,00","10,00",1080701,0.0,11.0,110.0,10.0
19,Cauca,19355,Inzá,Raíces y tubérculos,Raíces y tubérculos,Papa,Papa todas las variedades,2024,2024B,Transitorio,"0,00","30,00","300,00","10,00",1080701,0.0,30.0,300.0,10.0
19,Cauca,19364,Jambaló,Raíces y tubérculos,Raíces y tubérculos,Arracacha,Arracacha,2022,2022B,Transitorio,"0,00","4,00","22,00","5,50",1080200,0.0,4.0,22.0,5.5
19,Cauca,19364,Jambaló,Raíces y tubérculos,Raíces y tubérculos,Arracacha,Arracacha,2023,2023B,Transitorio,"0,00","5,00","27,50","5,50",1080200,0.0,5.0,27.5,5.5
19,Cauca,19364,Jambaló,Raíces y tubérculos,Raíces y tubérculos,Arracacha,Arracacha,2024,2024B,Transitorio,"0,00","7,00","38,50","5,50",1080200,0.0,7.0,38.5,5.5
19,Cauca,19364,Jambaló,Raíces y tubérculos,Raíces y tubérculos,Arracacha,Arracacha,2025,2025B,Transitorio,"0,00","7,00","38,50","5,50",1080200,0.0,7.0,38.5,5.5
19,Cauca,19364,Jambaló,Cereales,Cereales,Maíz,Maíz amarillo tradicional,2022,2022B,Transitorio,"0,00","27,00","43,20","1,60",1010402,0.0,27.0,43.2,1.6
19,Cauca,19364,Jambaló,Cereales,Cereales,Maíz,Maíz amarillo tradicional,2023,2023B,Transitorio,"0,00","80,00","128,00","1,60",1010402,0.0,80.0,128.0,1.6
19,Cauca,19364,Jambaló,Cereales,Cereales,Maíz,Maíz amarillo tradicional,2024,2024B,Transitorio,"0,00","84,50","135,20","1,60",1010402,0.0,84.5,135.2,1.6
19,Cauca,19364,Jambaló,Cereales,Cereales,Maíz,Maíz amarillo tradicional,2025,2025B,Transitorio,"0,00","85,00","136,00","1,60",1010402,0.0,85.0,136.0,1.6
19,Cauca,19364,Jambaló,Cereales,Cereales,Maíz,Maíz blanco tradicional,2022,2022B,Transitorio,"0,00","2,00","2,20","1,10",1010404,0.0,2.0,2.2,1.1
19,Cauca,19364,Jambaló,Cereales,Cereales,Maíz,Maíz blanco tradicional,2023,2023B,Transitorio,"0,00","5,00","5,50","1,10",1010404,0.0,5.0,5.5,1.1
19,Cauca,19364,Jambaló,Cereales,Cereales,Maíz,Maíz blanco tradicional,2024,2024B,Transitorio,"0,00","7,00","7,70","1,10",1010404,0.0,7.0,7.7,1.1
19,Cauca,19364,Jambaló,Cereales,Cereales,Maíz,Maíz blanco tradicional,2025,2025B,Transitorio,"0,00","7,00","7,70","1,10",1010404,0.0,7.0,7.7,1.1
19,Cauca,19364,Jambaló,Raíces y tubérculos,Raíces y tubérculos,Yuca,Yuca consumo en fresco,2022,2022B,Transitorio,"0,00","6,00","4,20","0,70",1081001,0.0,6.0,4.2,0.7
19,Cauca,19364,Jambaló,Raíces y tubérculos,Raíces y tubérculos,Yuca,Yuca consumo en fresco,2023,2023B,Transitorio,"0,00","7,00","4,90","0,70",1081001,0.0,7.0,4.9,0.7
19,Cauca,19364,Jambaló,Raíces y tubérculos,Raíces y tubérculos,Yuca,Yuca consumo en fresco,2024,2024B,Transitorio,"0,00","7,00","17,50","2,50",1081001,0.0,7.0,17.5,2.5
19,Cauca,19364,Jambaló,Raíces y tubérculos,Raíces y tubérculos,Yuca,Yuca consumo en fresco,2025,2025B,Transitorio,"0,00","7,00","17,50","2,50",1081001,0.0,7.0,17.5,2.5
19,Cauca,19392,La Sierra,Raíces y tubérculos,Raíces y tubérculos,Achira,Achira,2024,2024A,Transitorio,"0,00","4,00","5,60","1,40",1080100,0.0,4.0,5.6,1.4
19,Cauca,19392,La Sierra,Raíces y tubérculos,Raíces y tubérculos,Achira,Achira,2025,2025B,Transitorio,"0,00","6,00","8,40","1,40",1080100,0.0,6.0,8.4,1.4
19,Cauca,19392,La Sierra,Raíces y tubérculos,Raíces y tubérculos,Arracacha,Arracacha,2022,2022B,Transitorio,"0,00","3,00","60,00","20,00",1080200,0.0,3.0,60.0,20.0
19,Cauca,19392,La Sierra,Raíces y tubérculos,Raíces y tubérculos,Arracacha,Arracacha,2023,2023B,Transitorio,"0,00","1,00","20,00","20,00",1080200,0.0,1.0,20.0,20.0
19,Cauca,19392,La Sierra,Raíces y tubérculos,Raíces y tubérculos,Arracacha,Arracacha,2024,2024B,Transitorio,"0,00","1,00","18,00","18,00",1080200,0.0,1.0,18.0,18.0
19,Cauca,19392,La Sierra,Raíces y tubérculos,Raíces y tubérculos,Arracacha,Arracacha,2025,2025B,Transitorio,"0,00","1,00","16,00","16,00",1080200,0.0,1.0,16.0,16.0
19,Cauca,19392,La Sierra,Cereales,Cereales,Maíz,Maíz blanco tradicional,2025,2025A,Transitorio,"0,00","10,00","12,00","1,20",1010404,0.0,10.0,12.0,1.2
19,Cauca,19392,La Sierra,Raíces y tubérculos,Raíces y tubérculos,Yuca,Yuca consumo en fresco,2024,2024B,Transitorio,"0,00","16,00","240,00","15,00",1081001,0.0,16.0,240.0,15.0
19,Cauca,19392,La Sierra,Raíces y tubérculos,Raíces y tubérculos,Yuca,Yuca consumo en fresco,2025,2025B,Transitorio,"0,00","16,00","240,00","15,00",1081001,0.0,16.0,240.0,15.0
19,Cauca,19392,La Sierra,Raíces y tubérculos,Raíces y tubérculos,Yuca,Yuca industrial,2024,2024B,Transitorio,"0,00","100,00","1.900,00","19,00",1081002,0.0,100.0,1900.0,19.0
19,Cauca,19392,La Sierra,Raíces y tubérculos,Raíces y tubérculos,Yuca,Yuca industrial,2025,2025B,Transitorio,"0,00","20,00","400,00","20,00",1081002,0.0,20.0,400.0,20.0
19,Cauca,19397,La Vega,Cereales,Cereales,Trigo,Trigo,2022,2022B,Transitorio,"0,00","10,00","20,00","2,00",1010800,0.0,10.0,20.0,2.0
19,Cauca,19397,La Vega,Cereales,Cereales,Trigo,Trigo,2023,2023B,Transitorio,"0,00","11,00","22,00","2,00",1010800,0.0,11.0,22.0,2.0
19,Cauca,19397,La Vega,Cereales,Cereales,Trigo,Trigo,2024,2024B,Transitorio,"0,00","11,00","22,00","2,00",1010800,0.0,11.0,22.0,2.0
19,Cauca,19397,La Vega,Cereales,Cereales,Trigo,Trigo,2025,2025B,Transitorio,"0,00","8,00","16,00","2,00",1010800,0.0,8.0,16.0,2.0
19,Cauca,19418,López de Micay,Raíces y tubérculos,Raíces y tubérculos,"Malanga, achín, yota, papa china, bore","Malanga, achín, yota, papa china, bore",2022,2022B,Transitorio,"0,00","95,00","570,00","6,00",1080400,0.0,95.0,570.0,6.0
19,Cauca,19418,López de Micay,Raíces y tubérculos,Raíces y tubérculos,"Malanga, achín, yota, papa china, bore","Malanga, achín, yota, papa china, bore",2023,2023B,Transitorio,"0,00","94,00","564,00","6,00",1080400,0.0,94.0,564.0,6.0
19,Cauca,19418,López de Micay,Raíces y tubérculos,Raíces y tubérculos,"Malanga, achín, yota, papa china, bore","Malanga, achín, yota, papa china, bore",2024,2024B,Transitorio,"0,00","94,00","564,00","6,00",1080400,0.0,94.0,564.0,6.0
19,Cauca,19418,López de Micay,Raíces y tubérculos,Raíces y tubérculos,Yuca,Yuca consumo en fresco,2022,2022B,Transitorio,"0,00","20,00","260,00","13,00",1081001,0.0,20.0,260.0,13.0
19,Cauca,19418,López de Micay,Raíces y tubérculos,Raíces y tubérculos,Yuca,Yuca consumo en fresco,2023,2023B,Transitorio,"0,00","22,00","286,00","13,00",1081001,0.0,22.0,286.0,13.0
19,Cauca,19418,López de Micay,Raíces y tubérculos,Raíces y tubérculos,Yuca,Yuca consumo en fresco,2024,2024B,Transitorio,"0,00","22,00","286,00","13,00",1081001,0.0,22.0,286.0,13.0
19,Cauca,19517,Páez,Cereales,Cereales,Maíz,Maíz amarillo tradicional,2022,2022B,Transitorio,"0,00","1.520,00","2.736,00","1,80",1010402,0.0,1520.0,2736.0,1.8
19,Cauca,19517,Páez,Cereales,Cereales,Maíz,Maíz amarillo tradicional,2023,2023B,Transitorio,"0,00","200,00","240,00","1,20",1010402,0.0,200.0,240.0,1.2
19,Cauca,19517,Páez,Cereales,Cereales,Maíz,Maíz amarillo tradicional,2024,2024B,Transitorio,"0,00","1.930,00","2.316,00","1,20",1010402,0.0,1930.0,2316.0,1.2
19,Cauca,19517,Páez,Cereales,Cereales,Maíz,Maíz blanco tradicional,2022,2022B,Transitorio,"0,00","180,00","324,00","1,80",1010404,0.0,180.0,324.0,1.8
19,Cauca,19517,Páez,Cereales,Cereales,Maíz,Maíz blanco tradicional,2023,2023B,Transitorio,"0,00","100,00","140,00","1,40",1010404,0.0,100.0,140.0,1.4
19,Cauca,19517,Páez,Cereales,Cereales,Maíz,Maíz blanco tradicional,2024,2024B,Transitorio,"0,00","220,00","308,00","1,40",1010404,0.0,220.0,308.0,1.4
19,Cauca,19548,Piendamó - Tunía,Hortalizas,Hortalizas de fruto,Ají,Ají,2025,2025B,Transitorio,"0,00","7,00","44,80","6,40",1050300,0.0,7.0,44.8,6.4
19,Cauca,19548,Piendamó - Tunía,Cereales,Cereales,Maíz,Maíz blanco tradicional,2023,2023A,Transitorio,"0,00","18,00","22,65","1,26",1010404,0.0,18.0,22.65,1.26
19,Cauca,19573,Puerto Tejada,Cereales,Cereales,Arroz,Arroz riego,2024,2024A,Transitorio,"0,00","27,00","108,00","4,00",1010101,0.0,27.0,108.0,4.0
19,Cauca,19573,Puerto Tejada,Oleaginosas,Oleaginosas,Soya,Soya,2024,2024A,Transitorio,"0,00","4,90","6,37","1,30",1070600,0.0,4.9,6.37,1.3
19,Cauca,19622,Rosas,Cereales,Cereales,Maíz,Maíz blanco tradicional,2025,2025A,Transitorio,"0,00","10,00","20,00","2,00",1010404,0.0,10.0,20.0,2.0
19,Cauca,19622,Rosas,Raíces y tubérculos,Raíces y tubérculos,Papa,Papa todas las variedades,2025,2025A,Transitorio,"0,00","3,00","30,00","10,00",1080701,0.0,3.0,30.0,10.0
19,Cauca,19622,Rosas,Hortalizas,Hortalizas de fruto,Tomate,Tomate,2022,2022A,Transitorio,"0,00","3,00","210,00","70,00",1052901,0.0,3.0,210.0,70.0
19,Cauca,19622,Rosas,Raíces y tubérculos,Raíces y tubérculos,Yuca,Yuca consumo en fresco,2022,2022B,Transitorio,"0,00","11,00","198,00","18,00",1081001,0.0,11.0,198.0,18.0
19,Cauca,19693,San Sebastián,Raíces y tubérculos,Raíces y tubérculos,Arracacha,Arracacha,2022,2022B,Transitorio,"0,00","15,00","180,00","12,00",1080200,0.0,15.0,180.0,12.0
19,Cauca,19693,San Sebastián,Raíces y tubérculos,Raíces y tubérculos,Arracacha,Arracacha,2023,2023B,Transitorio,"0,00","15,00","180,00","12,00",1080200,0.0,15.0,180.0,12.0
19,Cauca,19693,San Sebastián,Cereales,Cereales,Maíz,Maíz amarillo tradicional,2023,2023A,Transitorio,"0,00","125,00","250,00","2,00",1010402,0.0,125.0,250.0,2.0
19,Cauca,19693,San Sebastián,Cereales,Cereales,Maíz,Maíz amarillo tradicional,2024,2024A,Transitorio,"0,00","118,00","236,00","2,00",1010402,0.0,118.0,236.0,2.0
19,Cauca,19693,San Sebastián,Cereales,Cereales,Maíz,Maíz amarillo tradicional,2025,2025A,Transitorio,"0,00","138,00","276,00","2,00",1010402,0.0,138.0,276.0,2.0
19,Cauca,19693,San Sebastián,Cereales,Cereales,Maíz,Maíz blanco tradicional,2023,2023A,Transitorio,"0,00","105,00","210,00","2,00",1010404,0.0,105.0,210.0,2.0
19,Cauca,19693,San Sebastián,Cereales,Cereales,Maíz,Maíz blanco tradicional,2024,2024A,Transitorio,"0,00","90,00","180,00","2,00",1010404,0.0,90.0,180.0,2.0
19,Cauca,19693,San Sebastián,Cereales,Cereales,Maíz,Maíz blanco tradicional,2025,2025A,Transitorio,"0,00","82,00","164,00","2,00",1010404,0.0,82.0,164.0,2.0
19,Cauca,19693,San Sebastián,Cereales,Cereales,Quinua,Quinua,2025,2025B,Transitorio,"0,00","3,00","3,00","1,00",1010600,0.0,3.0,3.0,1.0
19,Cauca,19693,San Sebastián,Raíces y tubérculos,Raíces y tubérculos,Yuca,Yuca consumo en fresco,2022,2022B,Transitorio,"0,00","5,00","95,00","19,00",1081001,0.0,5.0,95.0,19.0
19,Cauca,19693,San Sebastián,Raíces y tubérculos,Raíces y tubérculos,Yuca,Yuca consumo en fresco,2023,2023B,Transitorio,"0,00","6,00","114,00","19,00",1081001,0.0,6.0,114.0,19.0
19,Cauca,19701,Santa Rosa,Raíces y tubérculos,Raíces y tubérculos,Arracacha,Arracacha,2022,2022B,Transitorio,"0,00","0,50","1,00","2,00",1080200,0.0,0.5,1.0,2.0
19,Cauca,19701,Santa Rosa,Raíces y tubérculos,Raíces y tubérculos,Arracacha,Arracacha,2023,2023B,Transitorio,"0,00","0,75","1,50","2,00",1080200,0.0,0.75,1.5,2.0
19,Cauca,19701,Santa Rosa,Raíces y tubérculos,Raíces y tubérculos,Arracacha,Arracacha,2024,2024B,Transitorio,"0,00","1,00","2,00","2,00",1080200,0.0,1.0,2.0,2.0
19,Cauca,19701,Santa Rosa,Raíces y tubérculos,Raíces y tubérculos,Arracacha,Arracacha,2025,2025B,Transitorio,"0,00","1,00","2,00","2,00",1080200,0.0,1.0,2.0,2.0
19,Cauca,19701,Santa Rosa,Cereales,Cereales,Maíz,Maíz amarillo tradicional,2022,2022B,Transitorio,"0,00","130,00","325,00","2,50",1010402,0.0,130.0,325.0,2.5
19,Cauca,19701,Santa Rosa,Cereales,Cereales,Maíz,Maíz amarillo tradicional,2023,2023B,Transitorio,"0,00","119,00","285,60","2,40",1010402,0.0,119.0,285.6,2.4
19,Cauca,19701,Santa Rosa,Cereales,Cereales,Maíz,Maíz amarillo tradicional,2025,2025B,Transitorio,"0,00","143,00","343,20","2,40",1010402,0.0,143.0,343.2,2.4
19,Cauca,19701,Santa Rosa,Raíces y tubérculos,Raíces y tubérculos,Papa,Papa todas las variedades,2022,2022A,Transitorio,"0,00","1,90","38,95","20,50",1080701,0.0,1.9,38.95,20.5
19,Cauca,19701,Santa Rosa,Raíces y tubérculos,Raíces y tubérculos,Papa,Papa todas las variedades,2023,2023A,Transitorio,"0,00","2,00","41,00","20,50",1080701,0.0,2.0,41.0,20.5
19,Cauca,19701,Santa Rosa,Raíces y tubérculos,Raíces y tubérculos,Papa,Papa todas las variedades,2024,2024A,Transitorio,"0,00","2,40","49,20","20,50",1080701,0.0,2.4,49.2,20.5
19,Cauca,19760,Sotará Paispamba,Raíces y tubérculos,Raíces y tubérculos,Ulluco,Ulluco,2022,2022B,Transitorio,"0,00","5,00","10,00","2,00",1080900,0.0,5.0,10.0,2.0
19,Cauca,19760,Sotará Paispamba,Raíces y tubérculos,Raíces y tubérculos,Ulluco,Ulluco,2023,2023B,Transitorio,"0,00","6,00","12,60","2,10",1080900,0.0,6.0,12.6,2.1
19,Cauca,19760,Sotará Paispamba,Raíces y tubérculos,Raíces y tubérculos,Ulluco,Ulluco,2024,2024B,Transitorio,"0,00","7,00","42,00","6,00",1080900,0.0,7.0,42.0,6.0
19,Cauca,19780,Suárez,Raíces y tubérculos,Raíces y tubérculos,Yuca,Yuca consumo en fresco,2022,2022B,Transitorio,"0,00","62,00","930,00","15,00",1081001,0.0,62.0,930.0,15.0
19,Cauca,19780,Suárez,Raíces y tubérculos,Raíces y tubérculos,Yuca,Yuca consumo en fresco,2023,2023B,Transitorio,"0,00","150,00","2.250,00","15,00",1081001,0.0,150.0,2250.0,15.0
19,Cauca,19780,Suárez,Raíces y tubérculos,Raíces y tubérculos,Yuca,Yuca consumo en fresco,2024,2024B,Transitorio,"0,00","135,00","2.025,00","15,00",1081001,0.0,135.0,2025.0,15.0
19,Cauca,19780,Suárez,Raíces y tubérculos,Raíces y tubérculos,Yuca,Yuca consumo en fresco,2025,2025B,Transitorio,"0,00","140,00","2.100,00","15,00",1081001,0.0,140.0,2100.0,15.0
19,Cauca,19824,Totoró,Raíces y tubérculos,Raíces y tubérculos,Ulluco,Ulluco,2022,2022B,Transitorio,"0,00","25,00","450,00","18,00",1080900,0.0,25.0,450.0,18.0
19,Cauca,19824,Totoró,Raíces y tubérculos,Raíces y tubérculos,Ulluco,Ulluco,2023,2023B,Transitorio,"0,00","25,00","450,00","18,00",1080900,0.0,25.0,450.0,18.0
19,Cauca,19824,Totoró,Raíces y tubérculos,Raíces y tubérculos,Ulluco,Ulluco,2024,2024B,Transitorio,"0,00","25,00","450,00","18,00",1080900,0.0,25.0,450.0,18.0
19,Cauca,19845,Villa Rica,Raíces y tubérculos,Raíces y tubérculos,Yuca,Yuca consumo en fresco,2022,2022B,Transitorio,"0,00","5,00","75,00","15,00",1081001,0.0,5.0,75.0,15.0
20,Cesar,20001,Valledupar,Hortalizas,Hortalizas de fruto,Ají,Ají,2022,2022B,Transitorio,"0,00","10,00","100,00","10,00",1050300,0.0,10.0,100.0,10.0
20,Cesar,20001,Valledupar,Cultivos tropicales tradicionales,Cultivos tropicales tradicionales,Algodón,Algodón,2023,2023A,Transitorio,"0,00","133,00","305,90","2,30",1030100,0.0,133.0,305.9,2.3
20,Cesar,20001,Valledupar,Cultivos tropicales tradicionales,Cultivos tropicales tradicionales,Algodón,Algodón,2024,2024A,Transitorio,"0,00","99,50","228,85","2,30",1030100,0.0,99.5,228.85,2.3
20,Cesar,20001,Valledupar,Cultivos tropicales tradicionales,Cultivos tropicales tradicionales,Algodón,Algodón,2025,2025A,Transitorio,"0,00","10,00","23,00","2,30",1030100,0.0,10.0,23.0,2.3
20,Cesar,20001,Valledupar,Raíces y tubérculos,Raíces y tubérculos,Yuca,Yuca consumo en fresco,2022,2022B,Transitorio,"0,00","130,00","1.300,00","10,00",1081001,0.0,130.0,1300.0,10.0
20,Cesar,20011,Aguachica,Cultivos tropicales tradicionales,Cultivos tropicales tradicionales,Algodón,Algodón,2022,2022A,Transitorio,"0,00","50,00","90,40","1,81",1030100,0.0,50.0,90.4,1.81
20,Cesar,20011,Aguachica,Cereales,Cereales,Maíz,Maíz amarillo tradicional,2022,2022A,Transitorio,"0,00","680,00","2.380,00","3,50",1010402,0.0,680.0,2380.0,3.5
20,Cesar,20011,Aguachica,Cereales,Cereales,Maíz,Maíz blanco tecnificado,2022,2022A,Transitorio,"0,00","390,00","1.950,00","5,00",1010403,0.0,390.0,1950.0,5.0
20,Cesar,20011,Aguachica,Raíces y tubérculos,Raíces y tubérculos,Yuca,Yuca consumo en fresco,2022,2022B,Transitorio,"0,00","100,00","1.000,00","10,00",1081001,0.0,100.0,1000.0,10.0
20,Cesar,20013,Agustín Codazzi,Cultivos tropicales tradicionales,Cultivos tropicales tradicionales,Algodón,Algodón,2022,2022A,Transitorio,"0,00","110,00","385,00","3,50",1030100,0.0,110.0,385.0,3.5
20,Cesar,20013,Agustín Codazzi,Cultivos tropicales tradicionales,Cultivos tropicales tradicionales,Algodón,Algodón,2023,2023A,Transitorio,"0,00","60,00","204,00","3,40",1030100,0.0,60.0,204.0,3.4
20,Cesar,20013,Agustín Codazzi,Cultivos tropicales tradicionales,Cultivos tropicales tradicionales,Algodón,Algodón,2024,2024A,Transitorio,"0,00","94,00","319,60","3,40",1030100,0.0,94.0,319.6,3.4
20,Cesar,20013,Agustín Codazzi,Cereales,Cereales,Maíz,Maíz amarillo tecnificado,2022,2022B,Transitorio,"0,00","350,00","735,00","2,10",1010401,0.0,350.0,735.0,2.1
20,Cesar,20013,Agustín Codazzi,Raíces y tubérculos,Raíces y tubérculos,"Malanga, achín, yota, papa china, bore","Malanga, achín, yota, papa china, bore",2023,2023B,Transitorio,"0,00","56,00","448,00","8,00",1080400,0.0,56.0,448.0,8.0
20,Cesar,20013,Agustín Codazzi,Hortalizas,Hortalizas de fruto,Melón,Melón,2022,2022B,Transitorio,"0,00","35,00","280,00","8,00",1052000,0.0,35.0,280.0,8.0
20,Cesar,20013,Agustín Codazzi,Raíces y tubérculos,Raíces y tubérculos,Yuca,Yuca consumo en fresco,2022,2022A,Transitorio,"0,00","124,00","2.480,00","20,00",1081001,0.0,124.0,2480.0,20.0
20,Cesar,20032,Astrea,Oleaginosas,Oleaginosas,Ajonjolí,Ajonjolí,2024,2024A,Transitorio,"0,00","3,00","2,40","0,80",1070100,0.0,3.0,2.4,0.8
20,Cesar,20032,Astrea,Oleaginosas,Oleaginosas,Ajonjolí,Ajonjolí,2025,2025A,Transitorio,"0,00","3,00","2,40","0,80",1070100,0.0,3.0,2.4,0.8
20,Cesar,20032,Astrea,Cereales,Cereales,Maíz,Maíz amarillo tecnificado,2022,2022A,Transitorio,"0,00","50,00","200,00","4,00",1010401,0.0,50.0,200.0,4.0
20,Cesar,20032,Astrea,Cereales,Cereales,Maíz,Maíz amarillo tecnificado,2023,2023A,Transitorio,"0,00","20,00","80,00","4,00",1010401,0.0,20.0,80.0,4.0
20,Cesar,20032,Astrea,Cereales,Cereales,Maíz,Maíz amarillo tecnificado,2024,2024A,Transitorio,"0,00","20,00","80,00","4,00",1010401,0.0,20.0,80.0,4.0
20,Cesar,20032,Astrea,Cereales,Cereales,Maíz,Maíz amarillo tecnificado,2025,2025A,Transitorio,"0,00","20,00","80,00","4,00",1010401,0.0,20.0,80.0,4.0
20,Cesar,20032,Astrea,Raíces y tubérculos,Raíces y tubérculos,Ñame,Ñame demás variedades,2025,2025B,Transitorio,"0,00","4,00","24,00","6,00",1080699,0.0,4.0,24.0,6.0
20,Cesar,20032,Astrea,Raíces y tubérculos,Raíces y tubérculos,Yuca,Yuca industrial,2025,2025A,Transitorio,"0,00","30,00","540,00","18,00",1081002,0.0,30.0,540.0,18.0
20,Cesar,20045,Becerril,Cultivos tropicales tradicionales,Cultivos tropicales tradicionales,Algodón,Algodón,2022,2022A,Transitorio,"0,00","160,00","288,00","1,80",1030100,0.0,160.0,288.0,1.8
20,Cesar,20045,Becerril,Cultivos tropicales tradicionales,Cultivos tropicales tradicionales,Algodón,Algodón,2023,2023A,Transitorio,"0,00","100,00","180,00","1,80",1030100,0.0,100.0,180.0,1.8
20,Cesar,20060,Bosconia,Cereales,Cereales,Maíz,Maíz blanco tradicional,2022,2022A,Transitorio,"0,00","120,00","144,00","1,20",1010404,0.0,120.0,144.0,1.2
20,Cesar,20060,Bosconia,Cereales,Cereales,Maíz,Maíz blanco tradicional,2023,2023A,Transitorio,"0,00","120,00","144,00","1,20",1010404,0.0,120.0,144.0,1.2
20,Cesar,20060,Bosconia,Cereales,Cereales,Maíz,Maíz blanco tradicional,2024,2024A,Transitorio,"0,00","60,00","72,00","1,20",1010404,0.0,60.0,72.0,1.2
20,Cesar,20175,Chimichagua,Leguminosas,Leguminosas,Habichuela,Habichuela,2025,2025B,Transitorio,"0,00","0,50","2,50","5,00",1060600,0.0,0.5,2.5,5.0
20,Cesar,20178,Chiriguaná,Raíces y tubérculos,Raíces y tubérculos,"Malanga, achín, yota, papa china, bore","Malanga, achín, yota, papa china, bore",2024,2024B,Transitorio,"0,00","9,00","28,80","3,20",1080400,0.0,9.0,28.8,3.2
20,Cesar,20228,Curumaní,Cereales,Cereales,Arroz,Arroz riego,2022,2022B,Transitorio,"0,00","25,00","75,00","3,00",1010101,0.0,25.0,75.0,3.0
20,Cesar,20228,Curumaní,Cereales,Cereales,Arroz,Arroz riego,2023,2023B,Transitorio,"0,00","48,00","144,00","3,00",1010101,0.0,48.0,144.0,3.0
20,Cesar,20228,Curumaní,Cereales,Cereales,Arroz,Arroz riego,2024,2024B,Transitorio,"0,00","48,00","240,00","5,00",1010101,0.0,48.0,240.0,5.0
20,Cesar,20228,Curumaní,Cereales,Cereales,Arroz,Arroz riego,2025,2025B,Transitorio,"0,00","48,00","240,00","5,00",1010101,0.0,48.0,240.0,5.0
20,Cesar,20250,El Paso,Hortalizas,Hortalizas de fruto,Ahuyama,Ahuyama,2024,2024B,Transitorio,"0,00","10,00","80,00","8,00",1050200,0.0,10.0,80.0,8.0
20,Cesar,20250,El Paso,Leguminosas,Leguminosas,Frijol,Frijol,2024,2024A,Transitorio,"0,00","3,00","3,00","1,00",1060200,0.0,3.0,3.0,1.0
20,Cesar,20250,El Paso,Raíces y tubérculos,Raíces y tubérculos,Yuca,Yuca consumo en fresco,2022,2022B,Transitorio,"0,00","25,00","125,00","5,00",1081001,0.0,25.0,125.0,5.0
20,Cesar,20295,Gamarra,Raíces y tubérculos,Raíces y tubérculos,Yuca,Yuca consumo en fresco,2022,2022B,Transitorio,"0,00","69,70","1.394,00","20,00",1081001,0.0,69.7,1394.0,20.0
20,Cesar,20295,Gamarra,Raíces y tubérculos,Raíces y tubérculos,Yuca,Yuca consumo en fresco,2023,2023B,Transitorio,"0,00","85,00","1.700,00","20,00",1081001,0.0,85.0,1700.0,20.0
20,Cesar,20383,La Gloria,Raíces y tubérculos,Raíces y tubérculos,Yuca,Yuca consumo en fresco,2025,2025B,Transitorio,"0,00","200,00","2.000,00","10,00",1081001,0.0,200.0,2000.0,10.0
20,Cesar,20400,La Jagua de Ibirico,Hortalizas,Hortalizas de fruto,Ahuyama,Ahuyama,2022,2022B,Transitorio,"0,00","12,00","72,00","6,00",1050200,0.0,12.0,72.0,6.0
20,Cesar,20400,La Jagua de Ibirico,Hortalizas,Hortalizas de fruto,Pimentón,Pimentón,2022,2022B,Transitorio,"0,00","14,00","28,00","2,00",1052500,0.0,14.0,28.0,2.0
20,Cesar,20400,La Jagua de Ibirico,Hortalizas,Hortalizas de raíz,Zanahoria,Zanahoria,2022,2022B,Transitorio,"0,00","3,00","9,00","3,00",1053000,0.0,3.0,9.0,3.0
20,Cesar,20517,Pailitas,Hortalizas,Hortalizas de fruto,Ahuyama,Ahuyama,2022,2022B,Transitorio,"0,00","5,00","25,00","5,00",1050200,0.0,5.0,25.0,5.0
20,Cesar,20517,Pailitas,Cereales,Cereales,Maíz,Maíz amarillo tecnificado,2022,2022B,Transitorio,"0,00","20,00","100,00","5,00",1010401,0.0,20.0,100.0,5.0
20,Cesar,20517,Pailitas,Cereales,Cereales,Maíz,Maíz blanco tecnificado,2022,2022B,Transitorio,"0,00","15,00","75,00","5,00",1010403,0.0,15.0,75.0,5.0
20,Cesar,20570,Pueblo Bello,Hortalizas,Hortalizas de fruto,Tomate,Tomate,2022,2022B,Transitorio,"0,00","10,00","480,00","48,00",1052901,0.0,10.0,480.0,48.0
20,Cesar,20710,San Alberto,Raíces y tubérculos,Raíces y tubérculos,Yuca,Yuca consumo en fresco,2022,2022B,Transitorio,"0,00","40,00","600,00","15,00",1081001,0.0,40.0,600.0,15.0
20,Cesar,20710,San Alberto,Raíces y tubérculos,Raíces y tubérculos,Yuca,Yuca consumo en fresco,2023,2023B,Transitorio,"0,00","35,00","525,00","15,00",1081001,0.0,35.0,525.0,15.0
20,Cesar,20750,San Diego,Cultivos tropicales tradicionales,Cultivos tropicales tradicionales,Algodón,Algodón,2022,2022A,Transitorio,"0,00","100,00","80,00","0,80",1030100,0.0,100.0,80.0,0.8
20,Cesar,20750,San Diego,Cultivos tropicales tradicionales,Cultivos tropicales tradicionales,Algodón,Algodón,2023,2023A,Transitorio,"0,00","100,00","80,00","0,80",1030100,0.0,100.0,80.0,0.8
20,Cesar,20750,San Diego,Leguminosas,Leguminosas,Frijol,Frijol,2024,2024B,Transitorio,"0,00","220,00","330,00","1,50",1060200,0.0,220.0,330.0,1.5
20,Cesar,20750,San Diego,Leguminosas,Leguminosas,Frijol,Frijol,2025,2025B,Transitorio,"0,00","180,00","270,00","1,50",1060200,0.0,180.0,270.0,1.5
20,Cesar,20770,San Martín,Hortalizas,Hortalizas de fruto,Ahuyama,Ahuyama,2022,2022A,Transitorio,"0,00","22,00","154,00","7,00",1050200,0.0,22.0,154.0,7.0
20,Cesar,20770,San Martín,Raíces y tubérculos,Raíces y tubérculos,Yuca,Yuca consumo en fresco,2022,2022B,Transitorio,"0,00","40,00","400,00","10,00",1081001,0.0,40.0,400.0,10.0
20,Cesar,20770,San Martín,Raíces y tubérculos,Raíces y tubérculos,Yuca,Yuca consumo en fresco,2023,2023B,Transitorio,"0,00","30,00","240,00","8,00",1081001,0.0,30.0,240.0,8.0
20,Cesar,20770,San Martín,Raíces y tubérculos,Raíces y tubérculos,Yuca,Yuca consumo en fresco,2024,2024B,Transitorio,"0,00","18,00","144,00","8,00",1081001,0.0,18.0,144.0,8.0
20,Cesar,20770,San Martín,Raíces y tubérculos,Raíces y tubérculos,Yuca,Yuca consumo en fresco,2025,2025B,Transitorio,"0,00","8,00","64,00","8,00",1081001,0.0,8.0,64.0,8.0
20,Cesar,20787,Tamalameque,Raíces y tubérculos,Raíces y tubérculos,Yuca,Yuca consumo en fresco,2023,2023B,Transitorio,"0,00","400,00","4.000,00","10,00",1081001,0.0,400.0,4000.0,10.0
20,Cesar,20787,Tamalameque,Raíces y tubérculos,Raíces y tubérculos,Yuca,Yuca consumo en fresco,2024,2024B,Transitorio,"0,00","416,00","5.824,00","14,00",1081001,0.0,416.0,5824.0,14.0
23,Córdoba,23001,Montería,Oleaginosas,Oleaginosas,Ajonjolí,Ajonjolí,2022,2022A,Transitorio,"0,00","16,00","24,00","1,50",1070100,0.0,16.0,24.0,1.5
23,Córdoba,23001,Montería,Oleaginosas,Oleaginosas,Ajonjolí,Ajonjolí,2023,2023A,Transitorio,"0,00","18,00","27,00","1,50",1070100,0.0,18.0,27.0,1.5
23,Córdoba,23001,Montería,Oleaginosas,Oleaginosas,Ajonjolí,Ajonjolí,2024,2024A,Transitorio,"0,00","30,00","45,00","1,50",1070100,0.0,30.0,45.0,1.5
23,Córdoba,23001,Montería,Oleaginosas,Oleaginosas,Ajonjolí,Ajonjolí,2025,2025A,Transitorio,"0,00","6,00","9,00","1,50",1070100,0.0,6.0,9.0,1.5
23,Córdoba,23001,Montería,Raíces y tubérculos,Raíces y tubérculos,Ñame,Ñame demás variedades,2022,2022B,Transitorio,"0,00","740,00","11.100,00","15,00",1080699,0.0,740.0,11100.0,15.0
23,Córdoba,23001,Montería,Raíces y tubérculos,Raíces y tubérculos,Ñame,Ñame demás variedades,2023,2023B,Transitorio,"0,00","820,00","12.300,00","15,00",1080699,0.0,820.0,12300.0,15.0
23,Córdoba,23001,Montería,Raíces y tubérculos,Raíces y tubérculos,Yuca,Yuca consumo en fresco,2022,2022B,Transitorio,"0,00","530,00","5.830,00","11,00",1081001,0.0,530.0,5830.0,11.0
23,Córdoba,23001,Montería,Raíces y tubérculos,Raíces y tubérculos,Yuca,Yuca consumo en fresco,2023,2023B,Transitorio,"0,00","630,00","6.930,00","11,00",1081001,0.0,630.0,6930.0,11.0
23,Córdoba,23068,Ayapel,Cereales,Cereales,Arroz,Arroz secano manual,2022,2022B,Transitorio,"0,00","20,00","80,00","4,00",1010102,0.0,20.0,80.0,4.0
23,Córdoba,23068,Ayapel,Cereales,Cereales,Arroz,Arroz secano manual,2024,2024B,Transitorio,"0,00","150,00","600,00","4,00",1010102,0.0,150.0,600.0,4.0
23,Córdoba,23068,Ayapel,Cereales,Cereales,Arroz,Arroz secano manual,2025,2025B,Transitorio,"0,00","300,00","1.200,00","4,00",1010102,0.0,300.0,1200.0,4.0
23,Córdoba,23068,Ayapel,Cereales,Cereales,Arroz,Arroz secano mecanizado,2024,2024B,Transitorio,"0,00","700,00","3.360,00","4,80",1010103,0.0,700.0,3360.0,4.8
23,Córdoba,23068,Ayapel,Cereales,Cereales,Arroz,Arroz secano mecanizado,2025,2025B,Transitorio,"0,00","1.400,00","6.720,00","4,80",1010103,0.0,1400.0,6720.0,4.8
23,Córdoba,23068,Ayapel,Cereales,Cereales,Maíz,Maíz amarillo tradicional,2022,2022B,Transitorio,"0,00","20,00","36,00","1,80",1010402,0.0,20.0,36.0,1.8
23,Córdoba,23068,Ayapel,Cereales,Cereales,Maíz,Maíz amarillo tradicional,2024,2024A,Transitorio,"0,00","20,00","36,00","1,80",1010402,0.0,20.0,36.0,1.8
23,Córdoba,23068,Ayapel,Cereales,Cereales,Maíz,Maíz amarillo tradicional,2025,2025A,Transitorio,"0,00","150,00","270,00","1,80",1010402,0.0,150.0,270.0,1.8
23,Córdoba,23068,Ayapel,Raíces y tubérculos,Raíces y tubérculos,Yuca,Yuca industrial,2022,2022A,Transitorio,"0,00","60,00","720,00","12,00",1081002,0.0,60.0,720.0,12.0
23,Córdoba,23090,Canalete,Hortalizas,Hortalizas de fruto,Ají,Ají,2024,2024B,Transitorio,"0,00","39,00","117,00","3,00",1050300,0.0,39.0,117.0,3.0
23,Córdoba,23090,Canalete,Hortalizas,Hortalizas de fruto,Berenjena,Berenjena,2024,2024B,Transitorio,"0,00","31,00","248,00","8,00",1050800,0.0,31.0,248.0,8.0
23,Córdoba,23090,Canalete,Leguminosas,Leguminosas,Frijol,Frijol,2022,2022A,Transitorio,"0,00","25,00","12,50","0,50",1060200,0.0,25.0,12.5,0.5
23,Córdoba,23090,Canalete,Leguminosas,Leguminosas,Frijol,Frijol,2023,2023A,Transitorio,"0,00","30,00","15,00","0,50",1060200,0.0,30.0,15.0,0.5
23,Córdoba,23090,Canalete,Leguminosas,Leguminosas,Frijol,Frijol,2024,2024A,Transitorio,"0,00","33,00","16,50","0,50",1060200,0.0,33.0,16.5,0.5
23,Córdoba,23090,Canalete,Cereales,Cereales,Maíz,Maíz amarillo tecnificado,2025,2025B,Transitorio,"0,00","50,00","250,00","5,00",1010401,0.0,50.0,250.0,5.0
23,Córdoba,23090,Canalete,Cereales,Cereales,Maíz,Maíz blanco tecnificado,2025,2025B,Transitorio,"0,00","87,00","522,00","6,00",1010403,0.0,87.0,522.0,6.0
23,Córdoba,23090,Canalete,Hortalizas,Hortalizas de fruto,Patilla,Patilla,2024,2024B,Transitorio,"0,00","18,00","216,00","12,00",1052200,0.0,18.0,216.0,12.0
23,Córdoba,23162,Cereté,Cultivos tropicales tradicionales,Cultivos tropicales tradicionales,Algodón,Algodón,2022,2022A,Transitorio,"0,00","950,00","1.619,42","1,70",1030100,0.0,950.0,1619.42,1.7
23,Córdoba,23162,Cereté,Cultivos tropicales tradicionales,Cultivos tropicales tradicionales,Algodón,Algodón,2023,2023A,Transitorio,"0,00","600,00","2.400,00","4,00",1030100,0.0,600.0,2400.0,4.0
23,Córdoba,23162,Cereté,Cultivos tropicales tradicionales,Cultivos tropicales tradicionales,Algodón,Algodón,2024,2024A,Transitorio,"0,00","600,00","2.100,00","3,50",1030100,0.0,600.0,2100.0,3.5
23,Córdoba,23162,Cereté,Cultivos tropicales tradicionales,Cultivos tropicales tradicionales,Algodón,Algodón,2025,2025A,Transitorio,"0,00","800,00","2.800,00","3,50",1030100,0.0,800.0,2800.0,3.5
23,Córdoba,23162,Cereté,Cereales,Cereales,Arroz,Arroz secano manual,2022,2022B,Transitorio,"0,00","12,00","24,00","2,00",1010102,0.0,12.0,24.0,2.0
23,Córdoba,23162,Cereté,Cereales,Cereales,Arroz,Arroz secano manual,2023,2023B,Transitorio,"0,00","12,00","24,00","2,00",1010102,0.0,12.0,24.0,2.0
23,Córdoba,23162,Cereté,Cereales,Cereales,Arroz,Arroz secano manual,2024,2024B,Transitorio,"0,00","15,00","30,00","2,00",1010102,0.0,15.0,30.0,2.0
23,Córdoba,23162,Cereté,Cereales,Cereales,Arroz,Arroz secano manual,2025,2025B,Transitorio,"0,00","20,00","40,00","2,00",1010102,0.0,20.0,40.0,2.0
23,Córdoba,23162,Cereté,Leguminosas,Leguminosas,Frijol,Frijol,2025,2025A,Transitorio,"0,00","140,00","195,80","1,40",1060200,0.0,140.0,195.8,1.4
23,Córdoba,23162,Cereté,Cereales,Cereales,Maíz,Maíz amarillo tradicional,2022,2022A,Transitorio,"0,00","250,00","139,83","0,56",1010402,0.0,250.0,139.83,0.56
23,Córdoba,23162,Cereté,Cereales,Cereales,Maíz,Maíz amarillo tradicional,2023,2023A,Transitorio,"0,00","315,00","264,28","0,84",1010402,0.0,315.0,264.28,0.84
23,Córdoba,23162,Cereté,Cereales,Cereales,Maíz,Maíz amarillo tradicional,2024,2024A,Transitorio,"0,00","320,00","960,00","3,00",1010402,0.0,320.0,960.0,3.0
23,Córdoba,23162,Cereté,Cereales,Cereales,Maíz,Maíz blanco tradicional,2022,2022A,Transitorio,"0,00","150,00","167,80","1,12",1010404,0.0,150.0,167.8,1.12
23,Córdoba,23162,Cereté,Cereales,Cereales,Maíz,Maíz blanco tradicional,2023,2023A,Transitorio,"0,00","1.180,00","1.320,00","1,12",1010404,0.0,1180.0,1320.0,1.12
23,Córdoba,23162,Cereté,Cereales,Cereales,Maíz,Maíz blanco tradicional,2024,2024A,Transitorio,"0,00","1.200,00","4.800,00","4,00",1010404,0.0,1200.0,4800.0,4.0
23,Córdoba,23168,Chimá,Cultivos tropicales tradicionales,Cultivos tropicales tradicionales,Algodón,Algodón,2022,2022A,Transitorio,"0,00","250,00","497,19","1,99",1030100,0.0,250.0,497.19,1.99
23,Córdoba,23168,Chimá,Cultivos tropicales tradicionales,Cultivos tropicales tradicionales,Algodón,Algodón,2023,2023A,Transitorio,"0,00","174,00","359,53","2,07",1030100,0.0,174.0,359.53,2.07
23,Córdoba,23168,Chimá,Cultivos tropicales tradicionales,Cultivos tropicales tradicionales,Algodón,Algodón,2024,2024A,Transitorio,"0,00","275,00","550,00","2,00",1030100,0.0,275.0,550.0,2.0
23,Córdoba,23168,Chimá,Cultivos tropicales tradicionales,Cultivos tropicales tradicionales,Algodón,Algodón,2025,2025A,Transitorio,"0,00","610,00","1.220,00","2,00",1030100,0.0,610.0,1220.0,2.0
23,Córdoba,23168,Chimá,Cereales,Cereales,Arroz,Arroz secano manual,2022,2022B,Transitorio,"0,00","145,00","580,00","4,00",1010102,0.0,145.0,580.0,4.0
23,Córdoba,23168,Chimá,Raíces y tubérculos,Raíces y tubérculos,Ñame,Ñame demás variedades,2022,2022B,Transitorio,"0,00","8,00","36,00","4,50",1080699,0.0,8.0,36.0,4.5
23,Córdoba,23168,Chimá,Raíces y tubérculos,Raíces y tubérculos,Ñame,Ñame demás variedades,2024,2024B,Transitorio,"0,00","47,00","470,00","10,00",1080699,0.0,47.0,470.0,10.0
23,Córdoba,23168,Chimá,Raíces y tubérculos,Raíces y tubérculos,Yuca,Yuca consumo en fresco,2022,2022B,Transitorio,"0,00","35,00","210,00","6,00",1081001,0.0,35.0,210.0,6.0
23,Córdoba,23168,Chimá,Raíces y tubérculos,Raíces y tubérculos,Yuca,Yuca industrial,2024,2024A,Transitorio,"0,00","44,50","534,00","12,00",1081002,0.0,44.5,534.0,12.0
23,Córdoba,23182,Chinú,Oleaginosas,Oleaginosas,Ajonjolí,Ajonjolí,2025,2025A,Transitorio,"0,00","170,00","119,00","0,70",1070100,0.0,170.0,119.0,0.7
23,Córdoba,23182,Chinú,Leguminosas,Leguminosas,Frijol,Frijol,2025,2025A,Transitorio,"0,00","35,00","23,25","0,66",1060200,0.0,35.0,23.25,0.66
23,Córdoba,23182,Chinú,Cereales,Cereales,Maíz,Maíz amarillo tecnificado,2022,2022B,Transitorio,"0,00","334,00","1.002,00","3,00",1010401,0.0,334.0,1002.0,3.0
23,Córdoba,23182,Chinú,Cereales,Cereales,Maíz,Maíz amarillo tecnificado,2023,2023B,Transitorio,"0,00","480,00","1.440,00","3,00",1010401,0.0,480.0,1440.0,3.0
23,Córdoba,23182,Chinú,Cereales,Cereales,Maíz,Maíz amarillo tecnificado,2024,2024B,Transitorio,"0,00","570,00","1.710,00","3,00",1010401,0.0,570.0,1710.0,3.0
23,Córdoba,23182,Chinú,Cereales,Cereales,Maíz,Maíz amarillo tradicional,2022,2022B,Transitorio,"0,00","941,00","2.352,50","2,50",1010402,0.0,941.0,2352.5,2.5
23,Córdoba,23182,Chinú,Cereales,Cereales,Maíz,Maíz amarillo tradicional,2023,2023B,Transitorio,"0,00","975,00","2.437,50","2,50",1010402,0.0,975.0,2437.5,2.5
23,Córdoba,23182,Chinú,Cereales,Cereales,Maíz,Maíz amarillo tradicional,2024,2024B,Transitorio,"0,00","1.080,00","2.700,00","2,50",1010402,0.0,1080.0,2700.0,2.5
23,Córdoba,23182,Chinú,Cereales,Cereales,Maíz,Maíz amarillo tradicional,2025,2025B,Transitorio,"0,00","1.080,00","2.700,00","2,50",1010402,0.0,1080.0,2700.0,2.5
23,Córdoba,23189,Ciénaga de Oro,Oleaginosas,Oleaginosas,Ajonjolí,Ajonjolí,2024,2024A,Transitorio,"0,00","6,00","4,80","0,80",1070100,0.0,6.0,4.8,0.8
23,Córdoba,23189,Ciénaga de Oro,Oleaginosas,Oleaginosas,Ajonjolí,Ajonjolí,2025,2025A,Transitorio,"0,00","6,00","4,80","0,80",1070100,0.0,6.0,4.8,0.8
23,Córdoba,23189,Ciénaga de Oro,Cultivos tropicales tradicionales,Cultivos tropicales tradicionales,Algodón,Algodón,2022,2022A,Transitorio,"0,00","950,00","1.710,00","1,80",1030100,0.0,950.0,1710.0,1.8
23,Córdoba,23189,Ciénaga de Oro,Cultivos tropicales tradicionales,Cultivos tropicales tradicionales,Algodón,Algodón,2023,2023A,Transitorio,"0,00","1.100,00","1.980,00","1,80",1030100,0.0,1100.0,1980.0,1.8
23,Córdoba,23189,Ciénaga de Oro,Cultivos tropicales tradicionales,Cultivos tropicales tradicionales,Algodón,Algodón,2024,2024A,Transitorio,"0,00","1.250,00","1.875,00","1,50",1030100,0.0,1250.0,1875.0,1.5
23,Córdoba,23189,Ciénaga de Oro,Cultivos tropicales tradicionales,Cultivos tropicales tradicionales,Algodón,Algodón,2025,2025A,Transitorio,"0,00","600,00","900,00","1,50",1030100,0.0,600.0,900.0,1.5
23,Córdoba,23189,Ciénaga de Oro,Cereales,Cereales,Arroz,Arroz secano manual,2024,2024B,Transitorio,"0,00","1.200,00","4.116,00","3,43",1010102,0.0,1200.0,4116.0,3.43
23,Córdoba,23189,Ciénaga de Oro,Cereales,Cereales,Arroz,Arroz secano manual,2025,2025B,Transitorio,"0,00","1.250,00","4.250,00","3,40",1010102,0.0,1250.0,4250.0,3.4
23,Córdoba,23189,Ciénaga de Oro,Leguminosas,Leguminosas,Frijol,Frijol,2022,2022A,Transitorio,"0,00","8,00","7,60","0,95",1060200,0.0,8.0,7.6,0.95
23,Córdoba,23189,Ciénaga de Oro,Leguminosas,Leguminosas,Frijol,Frijol,2023,2023A,Transitorio,"0,00","10,00","9,50","0,95",1060200,0.0,10.0,9.5,0.95
23,Córdoba,23189,Ciénaga de Oro,Leguminosas,Leguminosas,Frijol,Frijol,2024,2024A,Transitorio,"0,00","120,00","114,00","0,95",1060200,0.0,120.0,114.0,0.95
23,Córdoba,23189,Ciénaga de Oro,Leguminosas,Leguminosas,Frijol,Frijol,2025,2025A,Transitorio,"0,00","120,00","79,72","0,66",1060200,0.0,120.0,79.72,0.66
23,Córdoba,23189,Ciénaga de Oro,Raíces y tubérculos,Raíces y tubérculos,Ñame,Ñame demás variedades,2025,2025B,Transitorio,"0,00","220,00","2.200,00","10,00",1080699,0.0,220.0,2200.0,10.0
23,Córdoba,23189,Ciénaga de Oro,Raíces y tubérculos,Raíces y tubérculos,Ñame,Ñame Espino,2022,2022B,Transitorio,"0,00","680,00","8.160,00","12,00",1080602,0.0,680.0,8160.0,12.0
23,Córdoba,23189,Ciénaga de Oro,Raíces y tubérculos,Raíces y tubérculos,Ñame,Ñame Espino,2023,2023B,Transitorio,"0,00","595,00","7.140,00","12,00",1080602,0.0,595.0,7140.0,12.0
23,Córdoba,23189,Ciénaga de Oro,Raíces y tubérculos,Raíces y tubérculos,Ñame,Ñame Espino,2024,2024B,Transitorio,"0,00","595,00","7.140,00","12,00",1080602,0.0,595.0,7140.0,12.0
23,Córdoba,23189,Ciénaga de Oro,Raíces y tubérculos,Raíces y tubérculos,Ñame,Ñame Espino,2025,2025B,Transitorio,"0,00","280,00","3.360,00","12,00",1080602,0.0,280.0,3360.0,12.0
23,Córdoba,23189,Ciénaga de Oro,Hortalizas,Hortalizas de fruto,Patilla,Patilla,2022,2022A,Transitorio,"0,00","2,00","36,00","18,00",1052200,0.0,2.0,36.0,18.0
23,Córdoba,23189,Ciénaga de Oro,Hortalizas,Hortalizas de fruto,Patilla,Patilla,2023,2023A,Transitorio,"0,00","2,00","36,00","18,00",1052200,0.0,2.0,36.0,18.0
23,Córdoba,23189,Ciénaga de Oro,Hortalizas,Hortalizas de fruto,Patilla,Patilla,2024,2024A,Transitorio,"0,00","4,00","72,00","18,00",1052200,0.0,4.0,72.0,18.0
23,Córdoba,23189,Ciénaga de Oro,Hortalizas,Hortalizas de fruto,Patilla,Patilla,2025,2025A,Transitorio,"0,00","4,00","72,00","18,00",1052200,0.0,4.0,72.0,18.0
23,Córdoba,23189,Ciénaga de Oro,Oleaginosas,Oleaginosas,Soya,Soya,2024,2024A,Transitorio,"0,00","450,00","675,00","1,50",1070600,0.0,450.0,675.0,1.5
23,Córdoba,23189,Ciénaga de Oro,Oleaginosas,Oleaginosas,Soya,Soya,2025,2025A,Transitorio,"0,00","450,00","675,00","1,50",1070600,0.0,450.0,675.0,1.5
23,Córdoba,23300,Cotorra,Hortalizas,Hortalizas de fruto,Ají,Ají,2023,2023B,Transitorio,"0,00","1,50","19,50","13,00",1050300,0.0,1.5,19.5,13.0
23,Córdoba,23300,Cotorra,Hortalizas,Hortalizas de fruto,Ají,Ají,2024,2024B,Transitorio,"0,00","1,50","19,50","13,00",1050300,0.0,1.5,19.5,13.0
23,Córdoba,23300,Cotorra,Hortalizas,Hortalizas de fruto,Ají,Ají,2025,2025B,Transitorio,"0,00","1,50","19,50","13,00",1050300,0.0,1.5,19.5,13.0
23,Córdoba,23300,Cotorra,Cultivos tropicales tradicionales,Cultivos tropicales tradicionales,Algodón,Algodón,2022,2022A,Transitorio,"0,00","289,00","722,50","2,50",1030100,0.0,289.0,722.5,2.5
23,Córdoba,23300,Cotorra,Cultivos tropicales tradicionales,Cultivos tropicales tradicionales,Algodón,Algodón,2023,2023A,Transitorio,"0,00","500,00","1.250,00","2,50",1030100,0.0,500.0,1250.0,2.5
23,Córdoba,23300,Cotorra,Cultivos tropicales tradicionales,Cultivos tropicales tradicionales,Algodón,Algodón,2024,2024A,Transitorio,"0,00","700,00","1.750,00","2,50",1030100,0.0,700.0,1750.0,2.5
23,Córdoba,23300,Cotorra,Cultivos tropicales tradicionales,Cultivos tropicales tradicionales,Algodón,Algodón,2025,2025A,Transitorio,"0,00","283,00","707,50","2,50",1030100,0.0,283.0,707.5,2.5
23,Córdoba,23300,Cotorra,Leguminosas,Leguminosas,Frijol,Frijol,2024,2024A,Transitorio,"0,00","250,00","250,00","1,00",1060200,0.0,250.0,250.0,1.0
23,Córdoba,23300,Cotorra,Leguminosas,Leguminosas,Frijol,Frijol,2025,2025A,Transitorio,"0,00","160,00","111,89","0,70",1060200,0.0,160.0,111.89,0.7
23,Córdoba,23300,Cotorra,Cereales,Cereales,Maíz,Maíz blanco tecnificado,2023,2023B,Transitorio,"0,00","1.751,00","10.506,00","6,00",1010403,0.0,1751.0,10506.0,6.0
23,Córdoba,23300,Cotorra,Oleaginosas,Oleaginosas,Soya,Soya,2025,2025A,Transitorio,"0,00","290,00","725,00","2,50",1070600,0.0,290.0,725.0,2.5
23,Córdoba,23300,Cotorra,Raíces y tubérculos,Raíces y tubérculos,Yuca,Yuca consumo en fresco,2022,2022B,Transitorio,"0,00","45,00","540,00","12,00",1081001,0.0,45.0,540.0,12.0
23,Córdoba,23350,La Apartada,Cereales,Cereales,Arroz,Arroz riego,2023,2023B,Transitorio,"0,00","7,00","42,00","6,00",1010101,0.0,7.0,42.0,6.0
23,Córdoba,23350,La Apartada,Cereales,Cereales,Arroz,Arroz riego,2024,2024B,Transitorio,"0,00","7,00","42,00","6,00",1010101,0.0,7.0,42.0,6.0
23,Córdoba,23350,La Apartada,Cereales,Cereales,Arroz,Arroz secano manual,2023,2023B,Transitorio,"0,00","47,50","142,50","3,00",1010102,0.0,47.5,142.5,3.0
23,Córdoba,23350,La Apartada,Cereales,Cereales,Arroz,Arroz secano manual,2024,2024B,Transitorio,"0,00","47,50","142,50","3,00",1010102,0.0,47.5,142.5,3.0
23,Córdoba,23350,La Apartada,Hortalizas,Hortalizas de fruto,Berenjena,Berenjena,2024,2024A,Transitorio,"0,00","2,00","16,00","8,00",1050800,0.0,2.0,16.0,8.0
23,Córdoba,23350,La Apartada,Leguminosas,Leguminosas,Frijol,Frijol,2024,2024A,Transitorio,"0,00","1,00","1,20","1,20",1060200,0.0,1.0,1.2,1.2
23,Córdoba,23350,La Apartada,Leguminosas,Leguminosas,Habichuela,Habichuela,2024,2024A,Transitorio,"0,00","3,00","8,40","2,80",1060600,0.0,3.0,8.4,2.8
23,Córdoba,23350,La Apartada,Cereales,Cereales,Maíz,Maíz amarillo tradicional,2023,2023B,Transitorio,"0,00","2,00","1,12","0,56",1010402,0.0,2.0,1.12,0.56
23,Córdoba,23350,La Apartada,Cereales,Cereales,Maíz,Maíz amarillo tradicional,2024,2024B,Transitorio,"0,00","4,00","2,24","0,56",1010402,0.0,4.0,2.24,0.56
23,Córdoba,23350,La Apartada,Hortalizas,Hortalizas de fruto,Pepino Cohombro,Pepino cohombro,2024,2024A,Transitorio,"0,00","1,50","4,50","3,00",1052300,0.0,1.5,4.5,3.0
23,Córdoba,23350,La Apartada,Raíces y tubérculos,Raíces y tubérculos,Yuca,Yuca consumo en fresco,2023,2023B,Transitorio,"0,00","3,00","18,00","6,00",1081001,0.0,3.0,18.0,6.0
23,Córdoba,23350,La Apartada,Raíces y tubérculos,Raíces y tubérculos,Yuca,Yuca consumo en fresco,2024,2024B,Transitorio,"0,00","5,00","30,00","6,00",1081001,0.0,5.0,30.0,6.0
23,Córdoba,23417,Lorica,Cultivos tropicales tradicionales,Cultivos tropicales tradicionales,Algodón,Algodón,2022,2022A,Transitorio,"0,00","250,00","484,28","1,94",1030100,0.0,250.0,484.28,1.94
23,Córdoba,23417,Lorica,Cultivos tropicales tradicionales,Cultivos tropicales tradicionales,Algodón,Algodón,2023,2023A,Transitorio,"0,00","240,00","464,90","1,94",1030100,0.0,240.0,464.9,1.94
23,Córdoba,23417,Lorica,Cultivos tropicales tradicionales,Cultivos tropicales tradicionales,Algodón,Algodón,2024,2024A,Transitorio,"0,00","225,00","435,85","1,94",1030100,0.0,225.0,435.85,1.94
23,Córdoba,23417,Lorica,Cultivos tropicales tradicionales,Cultivos tropicales tradicionales,Algodón,Algodón,2025,2025A,Transitorio,"0,00","280,00","542,39","1,94",1030100,0.0,280.0,542.39,1.94
23,Córdoba,23417,Lorica,Cereales,Cereales,Arroz,Arroz riego,2022,2022A,Transitorio,"0,00","890,00","2.670,00","3,00",1010101,0.0,890.0,2670.0,3.0
23,Córdoba,23417,Lorica,Cereales,Cereales,Arroz,Arroz riego,2023,2023A,Transitorio,"0,00","930,00","6.640,20","7,14",1010101,0.0,930.0,6640.2,7.14
23,Córdoba,23417,Lorica,Cereales,Cereales,Arroz,Arroz riego,2024,2024A,Transitorio,"0,00","910,00","5.460,00","6,00",1010101,0.0,910.0,5460.0,6.0
23,Córdoba,23417,Lorica,Cereales,Cereales,Arroz,Arroz riego,2025,2025A,Transitorio,"0,00","954,00","5.724,00","6,00",1010101,0.0,954.0,5724.0,6.0
23,Córdoba,23417,Lorica,Leguminosas,Leguminosas,Frijol,Frijol,2022,2022A,Transitorio,"0,00","350,00","350,00","1,00",1060200,0.0,350.0,350.0,1.0
23,Córdoba,23417,Lorica,Leguminosas,Leguminosas,Frijol,Frijol,2023,2023A,Transitorio,"0,00","350,00","350,00","1,00",1060200,0.0,350.0,350.0,1.0
23,Córdoba,23417,Lorica,Leguminosas,Leguminosas,Frijol,Frijol,2024,2024A,Transitorio,"0,00","345,00","345,00","1,00",1060200,0.0,345.0,345.0,1.0
23,Córdoba,23417,Lorica,Leguminosas,Leguminosas,Frijol,Frijol,2025,2025A,Transitorio,"0,00","304,00","212,59","0,70",1060200,0.0,304.0,212.59,0.7
23,Córdoba,23417,Lorica,Raíces y tubérculos,Raíces y tubérculos,Ñame,Ñame demás variedades,2022,2022B,Transitorio,"0,00","1.000,00","18.000,00","18,00",1080699,0.0,1000.0,18000.0,18.0
23,Córdoba,23417,Lorica,Hortalizas,Hortalizas de fruto,Patilla,Patilla,2022,2022A,Transitorio,"0,00","25,00","375,00","15,00",1052200,0.0,25.0,375.0,15.0
23,Córdoba,23417,Lorica,Hortalizas,Hortalizas de fruto,Patilla,Patilla,2023,2023A,Transitorio,"0,00","25,00","375,00","15,00",1052200,0.0,25.0,375.0,15.0
23,Córdoba,23417,Lorica,Hortalizas,Hortalizas de fruto,Pepino Cohombro,Pepino cohombro,2022,2022A,Transitorio,"0,00","15,00","90,00","6,00",1052300,0.0,15.0,90.0,6.0
23,Córdoba,23417,Lorica,Hortalizas,Hortalizas de fruto,Pepino Cohombro,Pepino cohombro,2023,2023A,Transitorio,"0,00","15,00","90,00","6,00",1052300,0.0,15.0,90.0,6.0
23,Córdoba,23417,Lorica,Raíces y tubérculos,Raíces y tubérculos,Yuca,Yuca consumo en fresco,2022,2022B,Transitorio,"0,00","1.000,00","10.000,00","10,00",1081001,0.0,1000.0,10000.0,10.0
23,Córdoba,23419,Los Córdobas,Hortalizas,Hortalizas de fruto,Ají,Ají,2022,2022B,Transitorio,"0,00","9,00","72,00","8,00",1050300,0.0,9.0,72.0,8.0
23,Córdoba,23419,Los Córdobas,Hortalizas,Hortalizas de fruto,Ají,Ají,2023,2023B,Transitorio,"0,00","10,00","80,00","8,00",1050300,0.0,10.0,80.0,8.0
23,Córdoba,23419,Los Córdobas,Hortalizas,Hortalizas de fruto,Ají,Ají,2024,2024B,Transitorio,"0,00","8,00","64,00","8,00",1050300,0.0,8.0,64.0,8.0
23,Córdoba,23464,Momil,Cereales,Cereales,Arroz,Arroz secano manual,2022,2022B,Transitorio,"0,00","8,90","15,84","1,78",1010102,0.0,8.9,15.84,1.78
23,Córdoba,23464,Momil,Cereales,Cereales,Arroz,Arroz secano mecanizado,2023,2023B,Transitorio,"0,00","101,00","606,00","6,00",1010103,0.0,101.0,606.0,6.0
23,Córdoba,23464,Momil,Cereales,Cereales,Arroz,Arroz secano mecanizado,2024,2024B,Transitorio,"0,00","120,00","720,00","6,00",1010103,0.0,120.0,720.0,6.0
23,Córdoba,23464,Momil,Cereales,Cereales,Arroz,Arroz secano mecanizado,2025,2025B,Transitorio,"0,00","125,00","750,00","6,00",1010103,0.0,125.0,750.0,6.0
23,Córdoba,23464,Momil,Cereales,Cereales,Maíz,Maíz amarillo tradicional,2022,2022B,Transitorio,"0,00","312,00","468,00","1,50",1010402,0.0,312.0,468.0,1.5
23,Córdoba,23464,Momil,Raíces y tubérculos,Raíces y tubérculos,Yuca,Yuca industrial,2025,2025A,Transitorio,"0,00","130,00","2.340,00","18,00",1081002,0.0,130.0,2340.0,18.0
23,Córdoba,23466,Montelíbano,Raíces y tubérculos,Raíces y tubérculos,Ñame,Ñame demás variedades,2022,2022B,Transitorio,"0,00","8,00","120,00","15,00",1080699,0.0,8.0,120.0,15.0
23,Córdoba,23466,Montelíbano,Raíces y tubérculos,Raíces y tubérculos,Ñame,Ñame demás variedades,2023,2023B,Transitorio,"0,00","7,50","112,50","15,00",1080699,0.0,7.5,112.5,15.0
23,Córdoba,23466,Montelíbano,Hortalizas,Hortalizas de fruto,Patilla,Patilla,2024,2024A,Transitorio,"0,00","12,00","240,00","20,00",1052200,0.0,12.0,240.0,20.0
23,Córdoba,23466,Montelíbano,Hortalizas,Hortalizas de fruto,Patilla,Patilla,2025,2025A,Transitorio,"0,00","10,00","200,00","20,00",1052200,0.0,10.0,200.0,20.0
23,Córdoba,23466,Montelíbano,Raíces y tubérculos,Raíces y tubérculos,Yuca,Yuca consumo en fresco,2022,2022B,Transitorio,"0,00","42,00","420,00","10,00",1081001,0.0,42.0,420.0,10.0
23,Córdoba,23466,Montelíbano,Raíces y tubérculos,Raíces y tubérculos,Yuca,Yuca consumo en fresco,2023,2023B,Transitorio,"0,00","135,00","1.350,00","10,00",1081001,0.0,135.0,1350.0,10.0
23,Córdoba,23500,Moñitos,Cereales,Cereales,Maíz,Maíz blanco tradicional,2022,2022B,Transitorio,"0,00","11,90","17,85","1,50",1010404,0.0,11.9,17.85,1.5
23,Córdoba,23500,Moñitos,Cereales,Cereales,Maíz,Maíz blanco tradicional,2023,2023B,Transitorio,"0,00","10,00","15,00","1,50",1010404,0.0,10.0,15.0,1.5
23,Córdoba,23500,Moñitos,Raíces y tubérculos,Raíces y tubérculos,Ñame,Ñame Espino,2022,2022B,Transitorio,"0,00","225,00","3.150,00","14,00",1080602,0.0,225.0,3150.0,14.0
23,Córdoba,23500,Moñitos,Raíces y tubérculos,Raíces y tubérculos,Ñame,Ñame Espino,2023,2023B,Transitorio,"0,00","250,00","3.500,00","14,00",1080602,0.0,250.0,3500.0,14.0
23,Córdoba,23555,Planeta Rica,Cereales,Cereales,Arroz,Arroz secano manual,2022,2022B,Transitorio,"0,00","1.074,00","1.396,20","1,30",1010102,0.0,1074.0,1396.2,1.3
23,Córdoba,23555,Planeta Rica,Cereales,Cereales,Arroz,Arroz secano manual,2023,2023B,Transitorio,"0,00","2.100,00","2.730,00","1,30",1010102,0.0,2100.0,2730.0,1.3
23,Córdoba,23555,Planeta Rica,Cereales,Cereales,Arroz,Arroz secano manual,2024,2024B,Transitorio,"0,00","2.100,00","2.730,00","1,30",1010102,0.0,2100.0,2730.0,1.3
23,Córdoba,23570,Pueblo Nuevo,Oleaginosas,Oleaginosas,Ajonjolí,Ajonjolí,2022,2022A,Transitorio,"0,00","18,00","9,00","0,50",1070100,0.0,18.0,9.0,0.5
23,Córdoba,23570,Pueblo Nuevo,Oleaginosas,Oleaginosas,Ajonjolí,Ajonjolí,2024,2024A,Transitorio,"0,00","18,00","9,00","0,50",1070100,0.0,18.0,9.0,0.5
23,Córdoba,23570,Pueblo Nuevo,Oleaginosas,Oleaginosas,Ajonjolí,Ajonjolí,2025,2025A,Transitorio,"0,00","21,00","10,50","0,50",1070100,0.0,21.0,10.5,0.5
23,Córdoba,23570,Pueblo Nuevo,Leguminosas,Leguminosas,Frijol,Frijol,2022,2022A,Transitorio,"0,00","53,20","31,92","0,60",1060200,0.0,53.2,31.92,0.6
23,Córdoba,23570,Pueblo Nuevo,Leguminosas,Leguminosas,Frijol,Frijol,2023,2023A,Transitorio,"0,00","45,50","22,75","0,50",1060200,0.0,45.5,22.75,0.5
23,Córdoba,23570,Pueblo Nuevo,Leguminosas,Leguminosas,Frijol,Frijol,2024,2024A,Transitorio,"0,00","60,00","36,00","0,60",1060200,0.0,60.0,36.0,0.6
23,Córdoba,23570,Pueblo Nuevo,Leguminosas,Leguminosas,Frijol,Frijol,2025,2025A,Transitorio,"0,00","77,00","32,31","0,42",1060200,0.0,77.0,32.31,0.42
23,Córdoba,23570,Pueblo Nuevo,Cereales,Cereales,Maíz,Maíz amarillo tecnificado,2023,2023A,Transitorio,"0,00","70,00","210,00","3,00",1010401,0.0,70.0,210.0,3.0
23,Córdoba,23570,Pueblo Nuevo,Hortalizas,Hortalizas de fruto,Melón,Melón,2023,2023A,Transitorio,"0,00","1,80","21,60","12,00",1052000,0.0,1.8,21.6,12.0
23,Córdoba,23570,Pueblo Nuevo,Hortalizas,Hortalizas de fruto,Melón,Melón,2024,2024A,Transitorio,"0,00","2,50","30,00","12,00",1052000,0.0,2.5,30.0,12.0
23,Córdoba,23570,Pueblo Nuevo,Hortalizas,Hortalizas de fruto,Melón,Melón,2025,2025A,Transitorio,"0,00","2,50","30,00","12,00",1052000,0.0,2.5,30.0,12.0
23,Córdoba,23570,Pueblo Nuevo,Raíces y tubérculos,Raíces y tubérculos,Ñame,Ñame demás variedades,2022,2022B,Transitorio,"0,00","260,00","3.380,00","13,00",1080699,0.0,260.0,3380.0,13.0
23,Córdoba,23570,Pueblo Nuevo,Raíces y tubérculos,Raíces y tubérculos,Ñame,Ñame demás variedades,2023,2023B,Transitorio,"0,00","272,00","3.536,00","13,00",1080699,0.0,272.0,3536.0,13.0
23,Córdoba,23570,Pueblo Nuevo,Raíces y tubérculos,Raíces y tubérculos,Ñame,Ñame demás variedades,2025,2025B,Transitorio,"0,00","35,00","455,00","13,00",1080699,0.0,35.0,455.0,13.0
23,Córdoba,23570,Pueblo Nuevo,Hortalizas,Hortalizas de fruto,Patilla,Patilla,2023,2023A,Transitorio,"0,00","49,50","841,50","17,00",1052200,0.0,49.5,841.5,17.0
23,Córdoba,23570,Pueblo Nuevo,Hortalizas,Hortalizas de fruto,Patilla,Patilla,2024,2024A,Transitorio,"0,00","70,00","1.190,00","17,00",1052200,0.0,70.0,1190.0,17.0
23,Córdoba,23570,Pueblo Nuevo,Hortalizas,Hortalizas de fruto,Patilla,Patilla,2025,2025A,Transitorio,"0,00","97,00","1.649,00","17,00",1052200,0.0,97.0,1649.0,17.0
23,Córdoba,23570,Pueblo Nuevo,Raíces y tubérculos,Raíces y tubérculos,Yuca,Yuca consumo en fresco,2023,2023B,Transitorio,"0,00","123,00","1.476,00","12,00",1081001,0.0,123.0,1476.0,12.0
23,Córdoba,23574,Puerto Escondido,Cereales,Cereales,Maíz,Maíz blanco tradicional,2022,2022B,Transitorio,"0,00","93,00","232,50","2,50",1010404,0.0,93.0,232.5,2.5
23,Córdoba,23574,Puerto Escondido,Raíces y tubérculos,Raíces y tubérculos,Ñame,Ñame demás variedades,2022,2022B,Transitorio,"0,00","56,00","672,00","12,00",1080699,0.0,56.0,672.0,12.0
23,Córdoba,23574,Puerto Escondido,Raíces y tubérculos,Raíces y tubérculos,Yuca,Yuca industrial,2025,2025B,Transitorio,"0,00","10,00","120,00","12,00",1081002,0.0,10.0,120.0,12.0
23,Córdoba,23580,Puerto Libertador,Cereales,Cereales,Maíz,Maíz amarillo tecnificado,2022,2022B,Transitorio,"0,00","20,00","34,00","1,70",1010401,0.0,20.0,34.0,1.7
23,Córdoba,23580,Puerto Libertador,Cereales,Cereales,Maíz,Maíz amarillo tecnificado,2023,2023B,Transitorio,"0,00","10,00","35,00","3,50",1010401,0.0,10.0,35.0,3.5
23,Córdoba,23580,Puerto Libertador,Cereales,Cereales,Maíz,Maíz amarillo tecnificado,2024,2024B,Transitorio,"0,00","10,00","35,00","3,50",1010401,0.0,10.0,35.0,3.5
23,Córdoba,23580,Puerto Libertador,Cereales,Cereales,Maíz,Maíz blanco tecnificado,2022,2022B,Transitorio,"0,00","20,00","34,00","1,70",1010403,0.0,20.0,34.0,1.7
23,Córdoba,23580,Puerto Libertador,Cereales,Cereales,Maíz,Maíz blanco tecnificado,2023,2023B,Transitorio,"0,00","15,00","52,50","3,50",1010403,0.0,15.0,52.5,3.5
23,Córdoba,23580,Puerto Libertador,Cereales,Cereales,Maíz,Maíz blanco tecnificado,2024,2024B,Transitorio,"0,00","15,00","52,50","3,50",1010403,0.0,15.0,52.5,3.5
23,Córdoba,23580,Puerto Libertador,Raíces y tubérculos,Raíces y tubérculos,Ñame,Ñame demás variedades,2022,2022B,Transitorio,"0,00","12,00","120,00","10,00",1080699,0.0,12.0,120.0,10.0
23,Córdoba,23580,Puerto Libertador,Raíces y tubérculos,Raíces y tubérculos,Yuca,Yuca industrial,2025,2025A,Transitorio,"0,00","30,00","510,00","17,00",1081002,0.0,30.0,510.0,17.0
23,Córdoba,23586,Purísima de La Concepción,Cereales,Cereales,Arroz,Arroz secano manual,2022,2022B,Transitorio,"0,00","84,00","453,60","5,40",1010102,0.0,84.0,453.6,5.4
23,Córdoba,23586,Purísima de La Concepción,Cereales,Cereales,Arroz,Arroz secano manual,2023,2023B,Transitorio,"0,00","25,00","150,00","6,00",1010102,0.0,25.0,150.0,6.0
23,Córdoba,23586,Purísima de La Concepción,Cereales,Cereales,Arroz,Arroz secano manual,2024,2024B,Transitorio,"0,00","25,00","150,00","6,00",1010102,0.0,25.0,150.0,6.0
23,Córdoba,23586,Purísima de La Concepción,Cereales,Cereales,Arroz,Arroz secano manual,2025,2025B,Transitorio,"0,00","25,00","150,00","6,00",1010102,0.0,25.0,150.0,6.0
23,Córdoba,23586,Purísima de La Concepción,Raíces y tubérculos,Raíces y tubérculos,Ñame,Ñame demás variedades,2022,2022B,Transitorio,"0,00","185,00","1.850,00","10,00",1080699,0.0,185.0,1850.0,10.0
23,Córdoba,23586,Purísima de La Concepción,Raíces y tubérculos,Raíces y tubérculos,Ñame,Ñame demás variedades,2023,2023B,Transitorio,"0,00","130,00","1.300,00","10,00",1080699,0.0,130.0,1300.0,10.0
23,Córdoba,23586,Purísima de La Concepción,Raíces y tubérculos,Raíces y tubérculos,Ñame,Ñame demás variedades,2024,2024B,Transitorio,"0,00","130,00","1.300,00","10,00",1080699,0.0,130.0,1300.0,10.0
23,Córdoba,23586,Purísima de La Concepción,Raíces y tubérculos,Raíces y tubérculos,Ñame,Ñame demás variedades,2025,2025B,Transitorio,"0,00","130,00","1.560,00","12,00",1080699,0.0,130.0,1560.0,12.0
23,Córdoba,23660,Sahagún,Oleaginosas,Oleaginosas,Ajonjolí,Ajonjolí,2022,2022A,Transitorio,"0,00","40,00","60,00","1,50",1070100,0.0,40.0,60.0,1.5
23,Córdoba,23660,Sahagún,Oleaginosas,Oleaginosas,Ajonjolí,Ajonjolí,2023,2023A,Transitorio,"0,00","47,00","70,50","1,50",1070100,0.0,47.0,70.5,1.5
23,Córdoba,23660,Sahagún,Oleaginosas,Oleaginosas,Ajonjolí,Ajonjolí,2024,2024A,Transitorio,"0,00","59,00","41,30","0,70",1070100,0.0,59.0,41.3,0.7
23,Córdoba,23660,Sahagún,Oleaginosas,Oleaginosas,Ajonjolí,Ajonjolí,2025,2025A,Transitorio,"0,00","60,00","42,00","0,70",1070100,0.0,60.0,42.0,0.7
23,Córdoba,23660,Sahagún,Cereales,Cereales,Arroz,Arroz secano manual,2022,2022B,Transitorio,"0,00","209,00","746,13","3,57",1010102,0.0,209.0,746.13,3.57
23,Córdoba,23660,Sahagún,Cereales,Cereales,Arroz,Arroz secano manual,2025,2025B,Transitorio,"0,00","890,00","3.177,30","3,57",1010102,0.0,890.0,3177.3,3.57
23,Córdoba,23660,Sahagún,Cereales,Cereales,Maíz,Maíz amarillo tecnificado,2023,2023B,Transitorio,"0,00","354,00","1.416,00","4,00",1010401,0.0,354.0,1416.0,4.0
23,Córdoba,23660,Sahagún,Cereales,Cereales,Maíz,Maíz amarillo tradicional,2023,2023B,Transitorio,"0,00","312,00","624,00","2,00",1010402,0.0,312.0,624.0,2.0
23,Córdoba,23660,Sahagún,Cereales,Cereales,Maíz,Maíz blanco tecnificado,2023,2023B,Transitorio,"0,00","544,00","1.904,00","3,50",1010403,0.0,544.0,1904.0,3.5
23,Córdoba,23660,Sahagún,Cereales,Cereales,Maíz,Maíz blanco tecnificado,2024,2024B,Transitorio,"0,00","520,00","1.820,00","3,50",1010403,0.0,520.0,1820.0,3.5
23,Córdoba,23660,Sahagún,Cereales,Cereales,Maíz,Maíz blanco tecnificado,2025,2025B,Transitorio,"0,00","490,00","1.715,00","3,50",1010403,0.0,490.0,1715.0,3.5
23,Córdoba,23660,Sahagún,Cereales,Cereales,Maíz,Maíz blanco tradicional,2023,2023B,Transitorio,"0,00","101,00","252,50","2,50",1010404,0.0,101.0,252.5,2.5
23,Córdoba,23660,Sahagún,Cereales,Cereales,Maíz,Maíz blanco tradicional,2024,2024B,Transitorio,"0,00","90,00","225,00","2,50",1010404,0.0,90.0,225.0,2.5
23,Córdoba,23660,Sahagún,Cereales,Cereales,Maíz,Maíz blanco tradicional,2025,2025B,Transitorio,"0,00","90,00","225,00","2,50",1010404,0.0,90.0,225.0,2.5
23,Córdoba,23660,Sahagún,Raíces y tubérculos,Raíces y tubérculos,Ñame,Ñame demás variedades,2022,2022B,Transitorio,"0,00","852,00","11.076,00","13,00",1080699,0.0,852.0,11076.0,13.0
23,Córdoba,23660,Sahagún,Raíces y tubérculos,Raíces y tubérculos,Ñame,Ñame demás variedades,2023,2023B,Transitorio,"0,00","979,00","12.727,00","13,00",1080699,0.0,979.0,12727.0,13.0
23,Córdoba,23660,Sahagún,Raíces y tubérculos,Raíces y tubérculos,Ñame,Ñame demás variedades,2024,2024B,Transitorio,"0,00","985,00","12.805,00","13,00",1080699,0.0,985.0,12805.0,13.0
23,Córdoba,23660,Sahagún,Raíces y tubérculos,Raíces y tubérculos,Ñame,Ñame demás variedades,2025,2025B,Transitorio,"0,00","1.020,00","13.260,00","13,00",1080699,0.0,1020.0,13260.0,13.0
23,Córdoba,23660,Sahagún,Hortalizas,Hortalizas de fruto,Patilla,Patilla,2025,2025A,Transitorio,"0,00","135,00","1.755,00","13,00",1052200,0.0,135.0,1755.0,13.0
23,Córdoba,23660,Sahagún,Raíces y tubérculos,Raíces y tubérculos,Yuca,Yuca consumo en fresco,2022,2022B,Transitorio,"0,00","1.351,00","10.808,00","8,00",1081001,0.0,1351.0,10808.0,8.0
23,Córdoba,23660,Sahagún,Raíces y tubérculos,Raíces y tubérculos,Yuca,Yuca consumo en fresco,2023,2023B,Transitorio,"0,00","1.386,00","11.088,00","8,00",1081001,0.0,1386.0,11088.0,8.0
23,Córdoba,23660,Sahagún,Raíces y tubérculos,Raíces y tubérculos,Yuca,Yuca consumo en fresco,2024,2024B,Transitorio,"0,00","850,00","9.350,00","11,00",1081001,0.0,850.0,9350.0,11.0
23,Córdoba,23660,Sahagún,Raíces y tubérculos,Raíces y tubérculos,Yuca,Yuca consumo en fresco,2025,2025B,Transitorio,"0,00","1.460,00","16.060,00","11,00",1081001,0.0,1460.0,16060.0,11.0
23,Córdoba,23660,Sahagún,Raíces y tubérculos,Raíces y tubérculos,Yuca,Yuca industrial,2022,2022B,Transitorio,"0,00","273,00","6.552,00","24,00",1081002,0.0,273.0,6552.0,24.0
23,Córdoba,23660,Sahagún,Raíces y tubérculos,Raíces y tubérculos,Yuca,Yuca industrial,2023,2023B,Transitorio,"0,00","297,00","7.128,00","24,00",1081002,0.0,297.0,7128.0,24.0
23,Córdoba,23660,Sahagún,Raíces y tubérculos,Raíces y tubérculos,Yuca,Yuca industrial,2024,2024B,Transitorio,"0,00","150,00","3.000,00","20,00",1081002,0.0,150.0,3000.0,20.0
23,Córdoba,23660,Sahagún,Raíces y tubérculos,Raíces y tubérculos,Yuca,Yuca industrial,2025,2025B,Transitorio,"0,00","235,00","4.700,00","20,00",1081002,0.0,235.0,4700.0,20.0
23,Córdoba,23670,San Andrés de Sotavento,Oleaginosas,Oleaginosas,Ajonjolí,Ajonjolí,2022,2022A,Transitorio,"0,00","17,00","15,30","0,90",1070100,0.0,17.0,15.3,0.9
23,Córdoba,23670,San Andrés de Sotavento,Oleaginosas,Oleaginosas,Ajonjolí,Ajonjolí,2023,2023A,Transitorio,"0,00","9,00","8,10","0,90",1070100,0.0,9.0,8.1,0.9
23,Córdoba,23670,San Andrés de Sotavento,Oleaginosas,Oleaginosas,Ajonjolí,Ajonjolí,2024,2024A,Transitorio,"0,00","17,00","15,30","0,90",1070100,0.0,17.0,15.3,0.9
23,Córdoba,23670,San Andrés de Sotavento,Oleaginosas,Oleaginosas,Ajonjolí,Ajonjolí,2025,2025A,Transitorio,"0,00","18,00","18,00","1,00",1070100,0.0,18.0,18.0,1.0
23,Córdoba,23670,San Andrés de Sotavento,Cereales,Cereales,Arroz,Arroz secano manual,2023,2023B,Transitorio,"0,00","140,00","280,00","2,00",1010102,0.0,140.0,280.0,2.0
23,Córdoba,23670,San Andrés de Sotavento,Hortalizas,Hortalizas de fruto,Berenjena,Berenjena,2024,2024B,Transitorio,"0,00","4,00","20,00","5,00",1050800,0.0,4.0,20.0,5.0
23,Córdoba,23670,San Andrés de Sotavento,Raíces y tubérculos,Raíces y tubérculos,Ñame,Ñame demás variedades,2022,2022B,Transitorio,"0,00","40,00","280,00","7,00",1080699,0.0,40.0,280.0,7.0
23,Córdoba,23670,San Andrés de Sotavento,Raíces y tubérculos,Raíces y tubérculos,Ñame,Ñame Espino,2022,2022B,Transitorio,"0,00","30,00","225,00","7,50",1080602,0.0,30.0,225.0,7.5
23,Córdoba,23670,San Andrés de Sotavento,Raíces y tubérculos,Raíces y tubérculos,Yuca,Yuca consumo en fresco,2022,2022B,Transitorio,"0,00","184,00","1.656,00","9,00",1081001,0.0,184.0,1656.0,9.0
23,Córdoba,23672,San Antero,Hortalizas,Hortalizas de fruto,Ahuyama,Ahuyama,2025,2025B,Transitorio,"0,00","10,00","180,00","18,00",1050200,0.0,10.0,180.0,18.0
23,Córdoba,23672,San Antero,Hortalizas,Hortalizas de raíz,Batata,Batata,2025,2025B,Transitorio,"0,00","0,38","4,56","12,00",1050700,0.0,0.38,4.56,12.0
23,Córdoba,23672,San Antero,Hortalizas,Hortalizas de fruto,Berenjena,Berenjena,2025,2025B,Transitorio,"0,00","3,25","97,50","30,00",1050800,0.0,3.25,97.5,30.0
23,Córdoba,23672,San Antero,Hortalizas,Hortalizas de fruto,"Calabacín, calabaza","Calabacín, calabaza",2025,2025B,Transitorio,"0,00","0,75","11,25","15,00",1051000,0.0,0.75,11.25,15.0
23,Córdoba,23672,San Antero,Hortalizas,Hortalizas de fruto,Melón,Melón,2025,2025B,Transitorio,"0,00","1,00","10,00","10,00",1052000,0.0,1.0,10.0,10.0
23,Córdoba,23672,San Antero,Hortalizas,Hortalizas de fruto,Patilla,Patilla,2022,2022B,Transitorio,"0,00","15,00","300,00","20,00",1052200,0.0,15.0,300.0,20.0
23,Córdoba,23672,San Antero,Hortalizas,Hortalizas de fruto,Patilla,Patilla,2023,2023B,Transitorio,"0,00","10,00","200,00","20,00",1052200,0.0,10.0,200.0,20.0
23,Córdoba,23672,San Antero,Hortalizas,Hortalizas de fruto,Patilla,Patilla,2024,2024B,Transitorio,"0,00","16,00","320,00","20,00",1052200,0.0,16.0,320.0,20.0
23,Córdoba,23672,San Antero,Hortalizas,Hortalizas de fruto,Patilla,Patilla,2025,2025B,Transitorio,"0,00","79,50","2.385,00","30,00",1052200,0.0,79.5,2385.0,30.0
23,Córdoba,23672,San Antero,Hortalizas,Hortalizas de fruto,Pepino Cohombro,Pepino cohombro,2024,2024B,Transitorio,"0,00","5,00","50,00","10,00",1052300,0.0,5.0,50.0,10.0
23,Córdoba,23672,San Antero,Hortalizas,Hortalizas de fruto,Pepino Cohombro,Pepino cohombro,2025,2025B,Transitorio,"0,00","4,75","95,00","20,00",1052300,0.0,4.75,95.0,20.0
23,Córdoba,23672,San Antero,Hortalizas,Hortalizas de fruto,Tomate,Tomate,2025,2025B,Transitorio,"0,00","0,50","4,00","8,00",1052901,0.0,0.5,4.0,8.0
23,Córdoba,23672,San Antero,Raíces y tubérculos,Raíces y tubérculos,Yuca,Yuca consumo en fresco,2022,2022B,Transitorio,"0,00","300,00","3.000,00","10,00",1081001,0.0,300.0,3000.0,10.0
23,Córdoba,23672,San Antero,Raíces y tubérculos,Raíces y tubérculos,Yuca,Yuca consumo en fresco,2023,2023B,Transitorio,"0,00","300,00","3.000,00","10,00",1081001,0.0,300.0,3000.0,10.0
23,Córdoba,23675,San Bernardo del Viento,Hortalizas,Hortalizas de fruto,Ají,Ají,2023,2023B,Transitorio,"0,00","15,00","45,00","3,00",1050300,0.0,15.0,45.0,3.0
23,Córdoba,23675,San Bernardo del Viento,Hortalizas,Hortalizas de fruto,Ají,Ají,2024,2024B,Transitorio,"0,00","3,00","9,00","3,00",1050300,0.0,3.0,9.0,3.0
23,Córdoba,23675,San Bernardo del Viento,Hortalizas,Hortalizas de fruto,Ají,Ají,2025,2025B,Transitorio,"0,00","5,00","15,00","3,00",1050300,0.0,5.0,15.0,3.0
23,Córdoba,23675,San Bernardo del Viento,Hortalizas,Hortalizas de fruto,Berenjena,Berenjena,2023,2023B,Transitorio,"0,00","30,00","420,00","14,00",1050800,0.0,30.0,420.0,14.0
23,Córdoba,23675,San Bernardo del Viento,Hortalizas,Hortalizas de fruto,Berenjena,Berenjena,2024,2024B,Transitorio,"0,00","16,00","224,00","14,00",1050800,0.0,16.0,224.0,14.0
23,Córdoba,23675,San Bernardo del Viento,Hortalizas,Hortalizas de fruto,Berenjena,Berenjena,2025,2025B,Transitorio,"0,00","20,00","280,00","14,00",1050800,0.0,20.0,280.0,14.0
23,Córdoba,23675,San Bernardo del Viento,Leguminosas,Leguminosas,Habichuela,Habichuela,2023,2023B,Transitorio,"0,00","15,00","105,00","7,00",1060600,0.0,15.0,105.0,7.0
23,Córdoba,23675,San Bernardo del Viento,Raíces y tubérculos,Raíces y tubérculos,Ñame,Ñame demás variedades,2023,2023B,Transitorio,"0,00","235,00","1.645,00","7,00",1080699,0.0,235.0,1645.0,7.0
23,Córdoba,23675,San Bernardo del Viento,Raíces y tubérculos,Raíces y tubérculos,Ñame,Ñame demás variedades,2024,2024B,Transitorio,"0,00","5,00","35,00","7,00",1080699,0.0,5.0,35.0,7.0
23,Córdoba,23675,San Bernardo del Viento,Raíces y tubérculos,Raíces y tubérculos,Ñame,Ñame demás variedades,2025,2025B,Transitorio,"0,00","3,00","21,00","7,00",1080699,0.0,3.0,21.0,7.0
23,Córdoba,23675,San Bernardo del Viento,Hortalizas,Hortalizas de fruto,Patilla,Patilla,2024,2024B,Transitorio,"0,00","135,00","3.240,00","24,00",1052200,0.0,135.0,3240.0,24.0
23,Córdoba,23675,San Bernardo del Viento,Hortalizas,Hortalizas de fruto,Patilla,Patilla,2025,2025B,Transitorio,"0,00","135,00","3.240,00","24,00",1052200,0.0,135.0,3240.0,24.0
23,Córdoba,23675,San Bernardo del Viento,Raíces y tubérculos,Raíces y tubérculos,Yuca,Yuca consumo en fresco,2022,2022B,Transitorio,"0,00","126,00","1.134,00","9,00",1081001,0.0,126.0,1134.0,9.0
23,Córdoba,23675,San Bernardo del Viento,Raíces y tubérculos,Raíces y tubérculos,Yuca,Yuca consumo en fresco,2023,2023B,Transitorio,"0,00","126,00","1.134,00","9,00",1081001,0.0,126.0,1134.0,9.0
23,Córdoba,23675,San Bernardo del Viento,Raíces y tubérculos,Raíces y tubérculos,Yuca,Yuca consumo en fresco,2025,2025B,Transitorio,"0,00","6,00","54,00","9,00",1081001,0.0,6.0,54.0,9.0
23,Córdoba,23678,San Carlos,Cultivos tropicales tradicionales,Cultivos tropicales tradicionales,Algodón,Algodón,2025,2025A,Transitorio,"0,00","800,00","1.600,00","2,00",1030100,0.0,800.0,1600.0,2.0
23,Córdoba,23678,San Carlos,Cereales,Cereales,Arroz,Arroz secano manual,2022,2022B,Transitorio,"0,00","100,00","120,00","1,20",1010102,0.0,100.0,120.0,1.2
23,Córdoba,23678,San Carlos,Cereales,Cereales,Arroz,Arroz secano manual,2023,2023B,Transitorio,"0,00","130,00","156,00","1,20",1010102,0.0,130.0,156.0,1.2
23,Córdoba,23678,San Carlos,Cereales,Cereales,Arroz,Arroz secano manual,2024,2024B,Transitorio,"0,00","100,00","120,00","1,20",1010102,0.0,100.0,120.0,1.2
23,Córdoba,23678,San Carlos,Cereales,Cereales,Arroz,Arroz secano manual,2025,2025B,Transitorio,"0,00","120,00","240,00","2,00",1010102,0.0,120.0,240.0,2.0
23,Córdoba,23678,San Carlos,Leguminosas,Leguminosas,Frijol,Frijol,2022,2022A,Transitorio,"0,00","5,00","5,00","1,00",1060200,0.0,5.0,5.0,1.0
23,Córdoba,23678,San Carlos,Leguminosas,Leguminosas,Frijol,Frijol,2023,2023A,Transitorio,"0,00","5,00","5,00","1,00",1060200,0.0,5.0,5.0,1.0
23,Córdoba,23678,San Carlos,Leguminosas,Leguminosas,Frijol,Frijol,2024,2024A,Transitorio,"0,00","2,50","2,50","1,00",1060200,0.0,2.5,2.5,1.0
23,Córdoba,23678,San Carlos,Leguminosas,Leguminosas,Frijol,Frijol,2025,2025A,Transitorio,"0,00","8,00","8,39","1,05",1060200,0.0,8.0,8.39,1.05
23,Córdoba,23678,San Carlos,Cereales,Cereales,Maíz,Maíz blanco tradicional,2023,2023B,Transitorio,"0,00","30,00","60,00","2,00",1010404,0.0,30.0,60.0,2.0
23,Córdoba,23678,San Carlos,Hortalizas,Hortalizas,Otras hortalizas,Otras hortalizas,2023,2023B,Transitorio,"0,00","10,00","300,00","30,00",1059900,0.0,10.0,300.0,30.0
23,Córdoba,23678,San Carlos,Hortalizas,Hortalizas,Otras hortalizas,Otras hortalizas,2024,2024B,Transitorio,"0,00","10,00","250,00","25,00",1059900,0.0,10.0,250.0,25.0
23,Córdoba,23678,San Carlos,Hortalizas,Hortalizas,Otras hortalizas,Otras hortalizas,2025,2025B,Transitorio,"0,00","12,00","300,00","25,00",1059900,0.0,12.0,300.0,25.0
23,Córdoba,23678,San Carlos,Cereales,Cereales,Sorgo,Sorgo,2025,2025B,Transitorio,"0,00","50,00","200,00","4,00",1010700,0.0,50.0,200.0,4.0
23,Córdoba,23686,San Pelayo,Cultivos tropicales tradicionales,Cultivos tropicales tradicionales,Algodón,Algodón,2022,2022A,Transitorio,"0,00","781,00","585,75","0,75",1030100,0.0,781.0,585.75,0.75
23,Córdoba,23686,San Pelayo,Cultivos tropicales tradicionales,Cultivos tropicales tradicionales,Algodón,Algodón,2023,2023A,Transitorio,"0,00","1.050,00","1.050,00","1,00",1030100,0.0,1050.0,1050.0,1.0
23,Córdoba,23686,San Pelayo,Cultivos tropicales tradicionales,Cultivos tropicales tradicionales,Algodón,Algodón,2024,2024A,Transitorio,"0,00","500,00","500,00","1,00",1030100,0.0,500.0,500.0,1.0
23,Córdoba,23686,San Pelayo,Cultivos tropicales tradicionales,Cultivos tropicales tradicionales,Algodón,Algodón,2025,2025A,Transitorio,"0,00","600,00","600,00","1,00",1030100,0.0,600.0,600.0,1.0
23,Córdoba,23686,San Pelayo,Leguminosas,Leguminosas,Frijol,Frijol,2022,2022A,Transitorio,"0,00","120,00","120,00","1,00",1060200,0.0,120.0,120.0,1.0
23,Córdoba,23686,San Pelayo,Leguminosas,Leguminosas,Frijol,Frijol,2024,2024A,Transitorio,"0,00","70,00","195,80","2,80",1060200,0.0,70.0,195.8,2.8
23,Córdoba,23686,San Pelayo,Leguminosas,Leguminosas,Frijol,Frijol,2025,2025A,Transitorio,"0,00","80,00","223,78","2,80",1060200,0.0,80.0,223.78,2.8
23,Córdoba,23807,Tierralta,Cereales,Cereales,Arroz,Arroz secano manual,2022,2022B,Transitorio,"0,00","4.200,00","12.516,00","2,98",1010102,0.0,4200.0,12516.0,2.98
23,Córdoba,23807,Tierralta,Cereales,Cereales,Arroz,Arroz secano manual,2023,2023B,Transitorio,"0,00","2.500,00","7.450,00","2,98",1010102,0.0,2500.0,7450.0,2.98
23,Córdoba,23807,Tierralta,Cereales,Cereales,Arroz,Arroz secano manual,2024,2024B,Transitorio,"0,00","2.930,00","8.731,40","2,98",1010102,0.0,2930.0,8731.4,2.98
23,Córdoba,23807,Tierralta,Cereales,Cereales,Arroz,Arroz secano manual,2025,2025B,Transitorio,"0,00","3.210,00","9.630,00","3,00",1010102,0.0,3210.0,9630.0,3.0
23,Córdoba,23815,Tuchín,Raíces y tubérculos,Raíces y tubérculos,Yuca,Yuca consumo en fresco,2022,2022B,Transitorio,"0,00","420,00","3.360,00","8,00",1081001,0.0,420.0,3360.0,8.0
23,Córdoba,23855,Valencia,Hortalizas,Hortalizas de fruto,Berenjena,Berenjena,2023,2023B,Transitorio,"0,00","1,50","15,00","10,00",1050800,0.0,1.5,15.0,10.0
23,Córdoba,23855,Valencia,Hortalizas,Hortalizas de fruto,Berenjena,Berenjena,2024,2024B,Transitorio,"0,00","3,00","30,00","10,00",1050800,0.0,3.0,30.0,10.0
23,Córdoba,23855,Valencia,Hortalizas,Hortalizas de fruto,Berenjena,Berenjena,2025,2025B,Transitorio,"0,00","1,00","10,00","10,00",1050800,0.0,1.0,10.0,10.0
25,Cundinamarca,25001,Agua de Dios,Cereales,Cereales,Sorgo,Sorgo,2025,2025A,Transitorio,"0,00","2,00","10,00","5,00",1010700,0.0,2.0,10.0,5.0
25,Cundinamarca,25120,Cabrera,Leguminosas,Leguminosas,Frijol,Frijol,2024,2024B,Transitorio,"0,00","2.500,00","4.750,00","1,90",1060200,0.0,2500.0,4750.0,1.9
25,Cundinamarca,25120,Cabrera,Leguminosas,Leguminosas,Frijol,Frijol,2025,2025B,Transitorio,"0,00","2.500,00","3.321,68","1,33",1060200,0.0,2500.0,3321.68,1.33
25,Cundinamarca,25126,Cajicá,Hortalizas,Hortalizas de raíz,Ajo,Ajo,2024,2024B,Transitorio,"0,00","6,00","102,00","17,00",1050400,0.0,6.0,102.0,17.0
25,Cundinamarca,25148,Caparrapí,Raíces y tubérculos,Raíces y tubérculos,Arracacha,Arracacha,2024,2024A,Transitorio,"0,00","5,00","20,00","4,00",1080200,0.0,5.0,20.0,4.0
25,Cundinamarca,25148,Caparrapí,Raíces y tubérculos,Raíces y tubérculos,Arracacha,Arracacha,2025,2025A,Transitorio,"0,00","3,00","12,00","4,00",1080200,0.0,3.0,12.0,4.0
25,Cundinamarca,25148,Caparrapí,Cereales,Cereales,Maíz,Maíz blanco tradicional,2025,2025A,Transitorio,"0,00","7,00","21,00","3,00",1010404,0.0,7.0,21.0,3.0
25,Cundinamarca,25151,Cáqueza,Hortalizas,Hortalizas de fruto,Ahuyama,Ahuyama,2022,2022A,Transitorio,"0,00","41,00","615,00","15,00",1050200,0.0,41.0,615.0,15.0
25,Cundinamarca,25151,Cáqueza,Cereales,Cereales,Maíz,Maíz blanco tradicional,2022,2022B,Transitorio,"0,00","40,00","120,00","3,00",1010404,0.0,40.0,120.0,3.0
25,Cundinamarca,25151,Cáqueza,Cereales,Cereales,Maíz,Maíz blanco tradicional,2023,2023B,Transitorio,"0,00","40,00","100,00","2,50",1010404,0.0,40.0,100.0,2.5
25,Cundinamarca,25154,Carmen de Carupa,Raíces y tubérculos,Raíces y tubérculos,Arracacha,Arracacha,2025,2025B,Transitorio,"0,00","0,50","1,50","3,00",1080200,0.0,0.5,1.5,3.0
25,Cundinamarca,25154,Carmen de Carupa,Cereales,Cereales,Maíz,Maíz amarillo tradicional,2022,2022B,Transitorio,"0,00","10,00","12,58","1,26",1010402,0.0,10.0,12.58,1.26
25,Cundinamarca,25154,Carmen de Carupa,Cereales,Cereales,Maíz,Maíz amarillo tradicional,2023,2023B,Transitorio,"0,00","13,00","16,36","1,26",1010402,0.0,13.0,16.36,1.26
25,Cundinamarca,25154,Carmen de Carupa,Cereales,Cereales,Maíz,Maíz amarillo tradicional,2025,2025B,Transitorio,"0,00","30,00","16,78","0,56",1010402,0.0,30.0,16.78,0.56
25,Cundinamarca,25154,Carmen de Carupa,Cereales,Cereales,Maíz,Maíz blanco tradicional,2022,2022B,Transitorio,"0,00","5,00","6,29","1,26",1010404,0.0,5.0,6.29,1.26
25,Cundinamarca,25154,Carmen de Carupa,Cereales,Cereales,Maíz,Maíz blanco tradicional,2023,2023B,Transitorio,"0,00","5,00","6,29","1,26",1010404,0.0,5.0,6.29,1.26
25,Cundinamarca,25181,Choachí,Cereales,Cereales,Maíz,Maíz amarillo tradicional,2022,2022B,Transitorio,"0,00","15,00","33,56","2,24",1010402,0.0,15.0,33.56,2.24
25,Cundinamarca,25181,Choachí,Cereales,Cereales,Maíz,Maíz amarillo tradicional,2023,2023B,Transitorio,"0,00","10,00","12,58","1,26",1010402,0.0,10.0,12.58,1.26
25,Cundinamarca,25181,Choachí,Cereales,Cereales,Maíz,Maíz amarillo tradicional,2024,2024B,Transitorio,"0,00","5,00","2,80","0,56",1010402,0.0,5.0,2.8,0.56
25,Cundinamarca,25181,Choachí,Cereales,Cereales,Maíz,Maíz amarillo tradicional,2025,2025B,Transitorio,"0,00","5,00","10,00","2,00",1010402,0.0,5.0,10.0,2.0
25,Cundinamarca,25181,Choachí,Cereales,Cereales,Maíz,Maíz blanco tradicional,2022,2022B,Transitorio,"0,00","5,00","11,19","2,24",1010404,0.0,5.0,11.19,2.24
25,Cundinamarca,25181,Choachí,Cereales,Cereales,Maíz,Maíz blanco tradicional,2023,2023B,Transitorio,"0,00","5,00","6,29","1,26",1010404,0.0,5.0,6.29,1.26
25,Cundinamarca,25181,Choachí,Cereales,Cereales,Maíz,Maíz blanco tradicional,2024,2024B,Transitorio,"0,00","5,00","2,80","0,56",1010404,0.0,5.0,2.8,0.56
25,Cundinamarca,25181,Choachí,Cereales,Cereales,Maíz,Maíz blanco tradicional,2025,2025B,Transitorio,"0,00","5,00","10,00","2,00",1010404,0.0,5.0,10.0,2.0
25,Cundinamarca,25258,El Peñón,Raíces y tubérculos,Raíces y tubérculos,Yuca,Yuca consumo en fresco,2022,2022B,Transitorio,"0,00","100,00","700,00","7,00",1081001,0.0,100.0,700.0,7.0
25,Cundinamarca,25258,El Peñón,Raíces y tubérculos,Raíces y tubérculos,Yuca,Yuca consumo en fresco,2023,2023B,Transitorio,"0,00","75,00","525,00","7,00",1081001,0.0,75.0,525.0,7.0
25,Cundinamarca,25293,Gachalá,Raíces y tubérculos,Raíces y tubérculos,Arracacha,Arracacha,2025,2025A,Transitorio,"0,00","10,00","100,00","10,00",1080200,0.0,10.0,100.0,10.0
25,Cundinamarca,25293,Gachalá,Cereales,Cereales,Maíz,Maíz amarillo tradicional,2024,2024B,Transitorio,"0,00","200,00","800,00","4,00",1010402,0.0,200.0,800.0,4.0
25,Cundinamarca,25293,Gachalá,Cereales,Cereales,Maíz,Maíz amarillo tradicional,2025,2025B,Transitorio,"0,00","200,00","800,00","4,00",1010402,0.0,200.0,800.0,4.0
25,Cundinamarca,25293,Gachalá,Raíces y tubérculos,Raíces y tubérculos,Papa,Papa todas las variedades,2022,2022A,Transitorio,"0,00","2,00","40,00","20,00",1080701,0.0,2.0,40.0,20.0
25,Cundinamarca,25293,Gachalá,Raíces y tubérculos,Raíces y tubérculos,Papa,Papa todas las variedades,2023,2023A,Transitorio,"0,00","2,00","28,00","14,00",1080701,0.0,2.0,28.0,14.0
25,Cundinamarca,25295,Gachancipá,Cereales,Cereales,Maíz,Maíz amarillo tradicional,2024,2024A,Transitorio,"0,00","0,50","0,42","0,84",1010402,0.0,0.5,0.42,0.84
25,Cundinamarca,25295,Gachancipá,Cereales,Cereales,Maíz,Maíz blanco tradicional,2024,2024A,Transitorio,"0,00","0,80","0,45","0,56",1010404,0.0,0.8,0.45,0.56
25,Cundinamarca,25295,Gachancipá,Raíces y tubérculos,Raíces y tubérculos,Papa,Papa todas las variedades,2024,2024A,Transitorio,"0,00","8,00","148,00","18,50",1080701,0.0,8.0,148.0,18.5
25,Cundinamarca,25307,Girardot,Cereales,Cereales,Maíz,Maíz blanco tecnificado,2024,2024B,Transitorio,"0,00","1,00","3,00","3,00",1010403,0.0,1.0,3.0,3.0
25,Cundinamarca,25307,Girardot,Cereales,Cereales,Maíz,Maíz blanco tradicional,2024,2024B,Transitorio,"0,00","3,00","9,00","3,00",1010404,0.0,3.0,9.0,3.0
25,Cundinamarca,25317,Guachetá,Leguminosas,Leguminosas,Frijol,Frijol,2022,2022B,Transitorio,"0,00","5,00","14,00","2,80",1060200,0.0,5.0,14.0,2.8
25,Cundinamarca,25317,Guachetá,Cereales,Cereales,Maíz,Maíz amarillo tradicional,2022,2022B,Transitorio,"0,00","10,00","20,00","2,00",1010402,0.0,10.0,20.0,2.0
25,Cundinamarca,25317,Guachetá,Cereales,Cereales,Maíz,Maíz amarillo tradicional,2023,2023B,Transitorio,"0,00","10,00","20,00","2,00",1010402,0.0,10.0,20.0,2.0
25,Cundinamarca,25317,Guachetá,Cereales,Cereales,Maíz,Maíz amarillo tradicional,2024,2024B,Transitorio,"0,00","5,00","10,00","2,00",1010402,0.0,5.0,10.0,2.0
25,Cundinamarca,25335,Guayabetal,Leguminosas,Leguminosas,Frijol,Frijol,2022,2022A,Transitorio,"0,00","600,00","840,00","1,40",1060200,0.0,600.0,840.0,1.4
25,Cundinamarca,25335,Guayabetal,Leguminosas,Leguminosas,Frijol,Frijol,2023,2023A,Transitorio,"0,00","550,00","825,00","1,50",1060200,0.0,550.0,825.0,1.5
25,Cundinamarca,25335,Guayabetal,Leguminosas,Leguminosas,Frijol,Frijol,2024,2024A,Transitorio,"0,00","440,00","660,00","1,50",1060200,0.0,440.0,660.0,1.5
25,Cundinamarca,25335,Guayabetal,Leguminosas,Leguminosas,Frijol,Frijol,2025,2025A,Transitorio,"0,00","452,00","678,00","1,50",1060200,0.0,452.0,678.0,1.5
25,Cundinamarca,25339,Gutiérrez,Leguminosas,Leguminosas,Frijol,Frijol,2022,2022A,Transitorio,"0,00","3.750,00","7.500,00","2,00",1060200,0.0,3750.0,7500.0,2.0
25,Cundinamarca,25339,Gutiérrez,Leguminosas,Leguminosas,Frijol,Frijol,2023,2023A,Transitorio,"0,00","3,68","6,99","1,90",1060200,0.0,3.68,6.99,1.9
25,Cundinamarca,25339,Gutiérrez,Cereales,Cereales,Maíz,Maíz amarillo tradicional,2022,2022A,Transitorio,"0,00","2.040,00","2.856,00","1,40",1010402,0.0,2040.0,2856.0,1.4
25,Cundinamarca,25339,Gutiérrez,Cereales,Cereales,Maíz,Maíz amarillo tradicional,2023,2023A,Transitorio,"0,00","2.011,00","3.016,50","1,50",1010402,0.0,2011.0,3016.5,1.5
25,Cundinamarca,25339,Gutiérrez,Cereales,Cereales,Maíz,Maíz amarillo tradicional,2025,2025A,Transitorio,"0,00","1.500,00","2.400,00","1,60",1010402,0.0,1500.0,2400.0,1.6
25,Cundinamarca,25368,Jerusalén,Raíces y tubérculos,Raíces y tubérculos,Yuca,Yuca consumo en fresco,2022,2022B,Transitorio,"0,00","10,00","80,00","8,00",1081001,0.0,10.0,80.0,8.0
25,Cundinamarca,25368,Jerusalén,Raíces y tubérculos,Raíces y tubérculos,Yuca,Yuca consumo en fresco,2023,2023B,Transitorio,"0,00","5,00","25,00","5,00",1081001,0.0,5.0,25.0,5.0
25,Cundinamarca,25372,Junín,Raíces y tubérculos,Raíces y tubérculos,Achira,Achira,2023,2023B,Transitorio,"0,00","1,00","2,00","2,00",1080100,0.0,1.0,2.0,2.0
25,Cundinamarca,25372,Junín,Raíces y tubérculos,Raíces y tubérculos,Achira,Achira,2024,2024B,Transitorio,"0,00","2,00","6,00","3,00",1080100,0.0,2.0,6.0,3.0
25,Cundinamarca,25372,Junín,Raíces y tubérculos,Raíces y tubérculos,Achira,Achira,2025,2025B,Transitorio,"0,00","2,00","6,00","3,00",1080100,0.0,2.0,6.0,3.0
25,Cundinamarca,25372,Junín,Raíces y tubérculos,Raíces y tubérculos,Arracacha,Arracacha,2023,2023B,Transitorio,"0,00","16,00","80,00","5,00",1080200,0.0,16.0,80.0,5.0
25,Cundinamarca,25372,Junín,Raíces y tubérculos,Raíces y tubérculos,Arracacha,Arracacha,2024,2024B,Transitorio,"0,00","14,00","70,00","5,00",1080200,0.0,14.0,70.0,5.0
25,Cundinamarca,25372,Junín,Raíces y tubérculos,Raíces y tubérculos,Arracacha,Arracacha,2025,2025B,Transitorio,"0,00","23,00","115,00","5,00",1080200,0.0,23.0,115.0,5.0
25,Cundinamarca,25372,Junín,Leguminosas,Leguminosas,Arveja,Arveja,2024,2024B,Transitorio,"0,00","20,00","23,36","1,17",1060100,0.0,20.0,23.36,1.17
25,Cundinamarca,25372,Junín,Leguminosas,Leguminosas,Arveja,Arveja,2025,2025B,Transitorio,"0,00","24,00","28,04","1,17",1060100,0.0,24.0,28.04,1.17
25,Cundinamarca,25372,Junín,Leguminosas,Leguminosas,Frijol,Frijol,2024,2024B,Transitorio,"0,00","52,00","109,09","2,10",1060200,0.0,52.0,109.09,2.1
25,Cundinamarca,25372,Junín,Leguminosas,Leguminosas,Frijol,Frijol,2025,2025B,Transitorio,"0,00","52,00","156,00","3,00",1060200,0.0,52.0,156.0,3.0
25,Cundinamarca,25372,Junín,Leguminosas,Leguminosas,Haba,Haba,2022,2022B,Transitorio,"0,00","20,00","20,00","1,00",1060500,0.0,20.0,20.0,1.0
25,Cundinamarca,25372,Junín,Leguminosas,Leguminosas,Haba,Haba,2023,2023B,Transitorio,"0,00","16,00","3,54","0,22",1060500,0.0,16.0,3.54,0.22
25,Cundinamarca,25372,Junín,Leguminosas,Leguminosas,Haba,Haba,2024,2024B,Transitorio,"0,00","13,00","2,88","0,22",1060500,0.0,13.0,2.88,0.22
25,Cundinamarca,25372,Junín,Leguminosas,Leguminosas,Haba,Haba,2025,2025B,Transitorio,"0,00","13,00","6,50","0,50",1060500,0.0,13.0,6.5,0.5
25,Cundinamarca,25372,Junín,Cereales,Cereales,Maíz,Maíz amarillo tradicional,2022,2022B,Transitorio,"0,00","1.090,00","2.180,00","2,00",1010402,0.0,1090.0,2180.0,2.0
25,Cundinamarca,25372,Junín,Cereales,Cereales,Maíz,Maíz amarillo tradicional,2023,2023B,Transitorio,"0,00","1.320,00","2.237,29","1,69",1010402,0.0,1320.0,2237.29,1.69
25,Cundinamarca,25372,Junín,Cereales,Cereales,Maíz,Maíz amarillo tradicional,2024,2024B,Transitorio,"0,00","1.245,00","696,36","0,56",1010402,0.0,1245.0,696.36,0.56
25,Cundinamarca,25372,Junín,Cereales,Cereales,Maíz,Maíz amarillo tradicional,2025,2025B,Transitorio,"0,00","1.300,00","727,12","0,56",1010402,0.0,1300.0,727.12,0.56
25,Cundinamarca,25372,Junín,Raíces y tubérculos,Raíces y tubérculos,Papa,Papa criolla,2025,2025B,Transitorio,"0,00","8,00","112,00","14,00",1080702,0.0,8.0,112.0,14.0
25,Cundinamarca,25372,Junín,Raíces y tubérculos,Raíces y tubérculos,Papa,Papa todas las variedades,2024,2024B,Transitorio,"0,00","53,00","742,00","14,00",1080701,0.0,53.0,742.0,14.0
25,Cundinamarca,25372,Junín,Raíces y tubérculos,Raíces y tubérculos,Papa,Papa todas las variedades,2025,2025B,Transitorio,"0,00","80,00","1.120,00","14,00",1080701,0.0,80.0,1120.0,14.0
25,Cundinamarca,25372,Junín,Raíces y tubérculos,Raíces y tubérculos,Yuca,Yuca consumo en fresco,2025,2025B,Transitorio,"0,00","20,00","160,00","8,00",1081001,0.0,20.0,160.0,8.0
25,Cundinamarca,25398,La Peña,Cereales,Cereales,Maíz,Maíz amarillo tradicional,2022,2022A,Transitorio,"0,00","60,00","70,47","1,17",1010402,0.0,60.0,70.47,1.17
25,Cundinamarca,25398,La Peña,Cereales,Cereales,Maíz,Maíz amarillo tradicional,2023,2023A,Transitorio,"0,00","4,00","3,92","0,98",1010402,0.0,4.0,3.92,0.98
25,Cundinamarca,25398,La Peña,Cereales,Cereales,Maíz,Maíz amarillo tradicional,2024,2024A,Transitorio,"0,00","5,00","4,89","0,98",1010402,0.0,5.0,4.89,0.98
25,Cundinamarca,25398,La Peña,Cereales,Cereales,Maíz,Maíz amarillo tradicional,2025,2025A,Transitorio,"0,00","5,00","17,50","3,50",1010402,0.0,5.0,17.5,3.5
25,Cundinamarca,25438,Medina,Hortalizas,Hortalizas de fruto,Ahuyama,Ahuyama,2024,2024B,Transitorio,"0,00","1,30","5,20","4,00",1050200,0.0,1.3,5.2,4.0
25,Cundinamarca,25438,Medina,Hortalizas,Hortalizas de fruto,Ahuyama,Ahuyama,2025,2025B,Transitorio,"0,00","1,00","4,00","4,00",1050200,0.0,1.0,4.0,4.0
25,Cundinamarca,25438,Medina,Hortalizas,Hortalizas de tallo,Cebolla de rama,Cebolla de rama,2024,2024B,Transitorio,"0,00","1,00","4,00","4,00",1051200,0.0,1.0,4.0,4.0
25,Cundinamarca,25438,Medina,Leguminosas,Leguminosas,Frijol,Frijol,2024,2024B,Transitorio,"0,00","1,00","1,20","1,20",1060200,0.0,1.0,1.2,1.2
25,Cundinamarca,25438,Medina,Leguminosas,Leguminosas,Frijol,Frijol,2025,2025B,Transitorio,"0,00","1,00","1,20","1,20",1060200,0.0,1.0,1.2,1.2
25,Cundinamarca,25438,Medina,Raíces y tubérculos,Raíces y tubérculos,Ñame,Ñame demás variedades,2025,2025B,Transitorio,"0,00","3,00","28,20","9,40",1080699,0.0,3.0,28.2,9.4
25,Cundinamarca,25488,Nilo,Cereales,Cereales,Maíz,Maíz amarillo tradicional,2024,2024B,Transitorio,"0,00","8,00","12,00","1,50",1010402,0.0,8.0,12.0,1.5
25,Cundinamarca,25488,Nilo,Cereales,Cereales,Maíz,Maíz amarillo tradicional,2025,2025B,Transitorio,"0,00","8,00","16,00","2,00",1010402,0.0,8.0,16.0,2.0
25,Cundinamarca,25488,Nilo,Cereales,Cereales,Maíz,Maíz blanco tradicional,2024,2024B,Transitorio,"0,00","4,00","6,00","1,50",1010404,0.0,4.0,6.0,1.5
25,Cundinamarca,25488,Nilo,Cereales,Cereales,Maíz,Maíz blanco tradicional,2025,2025B,Transitorio,"0,00","7,00","10,50","1,50",1010404,0.0,7.0,10.5,1.5
25,Cundinamarca,25506,Venecia,Hortalizas,Hortalizas de fruto,Pimentón,Pimentón,2024,2024B,Transitorio,"0,00","3,00","18,00","6,00",1052500,0.0,3.0,18.0,6.0
25,Cundinamarca,25513,Pacho,Raíces y tubérculos,Raíces y tubérculos,Yuca,Yuca consumo en fresco,2024,2024B,Transitorio,"0,00","25,00","400,00","16,00",1081001,0.0,25.0,400.0,16.0
25,Cundinamarca,25513,Pacho,Raíces y tubérculos,Raíces y tubérculos,Yuca,Yuca consumo en fresco,2025,2025B,Transitorio,"0,00","25,00","400,00","16,00",1081001,0.0,25.0,400.0,16.0
25,Cundinamarca,25592,Quebradanegra,Cereales,Cereales,Maíz,Maíz amarillo tecnificado,2025,2025B,Transitorio,"0,00","22,00","66,00","3,00",1010401,0.0,22.0,66.0,3.0
25,Cundinamarca,25596,Quipile,Raíces y tubérculos,Raíces y tubérculos,Yuca,Yuca consumo en fresco,2025,2025A,Transitorio,"0,00","1,00","13,00","13,00",1081001,0.0,1.0,13.0,13.0
25,Cundinamarca,25599,Apulo,Raíces y tubérculos,Raíces y tubérculos,Yuca,Yuca consumo en fresco,2022,2022B,Transitorio,"0,00","47,00","611,00","13,00",1081001,0.0,47.0,611.0,13.0
25,Cundinamarca,25612,Ricaurte,Cultivos tropicales tradicionales,Cultivos tropicales tradicionales,Algodón,Algodón,2025,2025B,Transitorio,"0,00","11,60","9,28","0,80",1030100,0.0,11.6,9.28,0.8
25,Cundinamarca,25612,Ricaurte,Raíces y tubérculos,Raíces y tubérculos,Yuca,Yuca consumo en fresco,2024,2024A,Transitorio,"0,00","18,00","144,00","8,00",1081001,0.0,18.0,144.0,8.0
25,Cundinamarca,25612,Ricaurte,Raíces y tubérculos,Raíces y tubérculos,Yuca,Yuca consumo en fresco,2024,2024B,Transitorio,"0,00","18,00","144,00","8,00",1081001,0.0,18.0,144.0,8.0
25,Cundinamarca,25653,San Cayetano,Leguminosas,Leguminosas,Arveja,Arveja,2022,2022B,Transitorio,"0,00","7,00","12,43","1,78",1060100,0.0,7.0,12.43,1.78
25,Cundinamarca,25653,San Cayetano,Leguminosas,Leguminosas,Arveja,Arveja,2023,2023B,Transitorio,"0,00","7,00","12,43","1,78",1060100,0.0,7.0,12.43,1.78
25,Cundinamarca,25653,San Cayetano,Leguminosas,Leguminosas,Arveja,Arveja,2024,2024B,Transitorio,"0,00","7,00","12,43","1,78",1060100,0.0,7.0,12.43,1.78
25,Cundinamarca,25653,San Cayetano,Leguminosas,Leguminosas,Arveja,Arveja,2025,2025B,Transitorio,"0,00","6,00","10,65","1,78",1060100,0.0,6.0,10.65,1.78
25,Cundinamarca,25653,San Cayetano,Cereales,Cereales,Maíz,Maíz amarillo tradicional,2022,2022A,Transitorio,"0,00","10,00","20,00","2,00",1010402,0.0,10.0,20.0,2.0
25,Cundinamarca,25653,San Cayetano,Cereales,Cereales,Maíz,Maíz amarillo tradicional,2023,2023A,Transitorio,"0,00","7,00","9,10","1,30",1010402,0.0,7.0,9.1,1.3
25,Cundinamarca,25653,San Cayetano,Cereales,Cereales,Maíz,Maíz amarillo tradicional,2024,2024A,Transitorio,"0,00","3,50","4,55","1,30",1010402,0.0,3.5,4.55,1.3
25,Cundinamarca,25653,San Cayetano,Cereales,Cereales,Maíz,Maíz amarillo tradicional,2025,2025A,Transitorio,"0,00","4,00","5,20","1,30",1010402,0.0,4.0,5.2,1.3
25,Cundinamarca,25736,Sesquilé,Leguminosas,Leguminosas,Haba,Haba,2022,2022B,Transitorio,"0,00","2,00","3,27","1,64",1060500,0.0,2.0,3.27,1.64
25,Cundinamarca,25745,Simijaca,Leguminosas,Leguminosas,Frijol,Frijol,2022,2022B,Transitorio,"0,00","170,00","356,64","2,10",1060200,0.0,170.0,356.64,2.1
25,Cundinamarca,25754,Soacha,Leguminosas,Leguminosas,Haba,Haba,2024,2024B,Transitorio,"0,00","2,10","4,65","2,21",1060500,0.0,2.1,4.65,2.21
25,Cundinamarca,25758,Sopó,Cereales,Cereales,Maíz,Maíz amarillo tradicional,2023,2023B,Transitorio,"0,00","22,00","66,00","3,00",1010402,0.0,22.0,66.0,3.0
25,Cundinamarca,25758,Sopó,Cereales,Cereales,Maíz,Maíz blanco tradicional,2023,2023B,Transitorio,"0,00","4,00","8,00","2,00",1010404,0.0,4.0,8.0,2.0
25,Cundinamarca,25758,Sopó,Cereales,Cereales,Maíz,Maíz blanco tradicional,2024,2024B,Transitorio,"0,00","1,00","2,00","2,00",1010404,0.0,1.0,2.0,2.0
25,Cundinamarca,25777,Supatá,Cereales,Cereales,Maíz,Maíz blanco tradicional,2025,2025A,Transitorio,"0,00","2,00","4,00","2,00",1010404,0.0,2.0,4.0,2.0
25,Cundinamarca,25779,Susa,Cereales,Cereales,Maíz,Maíz blanco tradicional,2024,2024A,Transitorio,"0,00","2,00","1,96","0,98",1010404,0.0,2.0,1.96,0.98
25,Cundinamarca,25807,Tibirita,Leguminosas,Leguminosas,Frijol,Frijol,2024,2024B,Transitorio,"0,00","68,00","190,21","2,80",1060200,0.0,68.0,190.21,2.8
25,Cundinamarca,25807,Tibirita,Cereales,Cereales,Maíz,Maíz amarillo tecnificado,2024,2024B,Transitorio,"0,00","8,00","6,71","0,84",1010401,0.0,8.0,6.71,0.84
25,Cundinamarca,25807,Tibirita,Cereales,Cereales,Maíz,Maíz blanco tecnificado,2024,2024B,Transitorio,"0,00","2,00","1,68","0,84",1010403,0.0,2.0,1.68,0.84
25,Cundinamarca,25807,Tibirita,Raíces y tubérculos,Raíces y tubérculos,Papa,Papa todas las variedades,2025,2025A,Transitorio,"0,00","450,00","10.800,00","24,00",1080701,0.0,450.0,10800.0,24.0
25,Cundinamarca,25807,Tibirita,Hortalizas,Hortalizas de fruto,Tomate,Tomate,2024,2024B,Transitorio,"0,00","5,00","275,00","55,00",1052901,0.0,5.0,275.0,55.0
25,Cundinamarca,25807,Tibirita,Hortalizas,Hortalizas de fruto,Tomate,Tomate,2025,2025B,Transitorio,"0,00","5,00","350,00","70,00",1052901,0.0,5.0,350.0,70.0
25,Cundinamarca,25815,Tocaima,Hortalizas,Hortalizas de fruto,Melón,Melón,2025,2025B,Transitorio,"0,00","10,00","250,00","25,00",1052000,0.0,10.0,250.0,25.0
25,Cundinamarca,25823,Topaipí,Cereales,Cereales,Maíz,Maíz blanco tradicional,2025,2025A,Transitorio,"0,00","6,00","4,80","0,80",1010404,0.0,6.0,4.8,0.8
25,Cundinamarca,25841,Ubaque,Hortalizas,Hortalizas de fruto,Ahuyama,Ahuyama,2024,2024B,Transitorio,"0,00","20,00","120,00","6,00",1050200,0.0,20.0,120.0,6.0
25,Cundinamarca,25841,Ubaque,Hortalizas,Hortalizas de fruto,Ahuyama,Ahuyama,2025,2025B,Transitorio,"0,00","15,00","90,00","6,00",1050200,0.0,15.0,90.0,6.0
25,Cundinamarca,25841,Ubaque,Leguminosas,Leguminosas,Arveja,Arveja,2022,2022B,Transitorio,"0,00","10,00","20,00","2,00",1060100,0.0,10.0,20.0,2.0
25,Cundinamarca,25841,Ubaque,Hortalizas,Hortalizas de fruto,"Calabacín, calabaza","Calabacín, calabaza",2025,2025A,Transitorio,"0,00","18,00","144,00","8,00",1051000,0.0,18.0,144.0,8.0
25,Cundinamarca,25841,Ubaque,Hortalizas,Hortalizas de fruto,Tomate,Tomate,2022,2022B,Transitorio,"0,00","60,00","2.940,00","49,00",1052901,0.0,60.0,2940.0,49.0
25,Cundinamarca,25851,Útica,Cereales,Cereales,Maíz,Maíz amarillo tecnificado,2022,2022A,Transitorio,"0,00","14,00","19,60","1,40",1010401,0.0,14.0,19.6,1.4
25,Cundinamarca,25851,Útica,Cereales,Cereales,Maíz,Maíz blanco tecnificado,2022,2022A,Transitorio,"0,00","2,00","2,60","1,30",1010403,0.0,2.0,2.6,1.3
25,Cundinamarca,25867,Vianí,Leguminosas,Leguminosas,Arveja,Arveja,2022,2022B,Transitorio,"0,00","6,00","8,40","1,40",1060100,0.0,6.0,8.4,1.4
25,Cundinamarca,25867,Vianí,Hortalizas,Hortalizas de fruto,Guatila,Guatila,2025,2025B,Transitorio,"0,00","1,00","6,00","6,00",1051800,0.0,1.0,6.0,6.0
25,Cundinamarca,25867,Vianí,Cereales,Cereales,Maíz,Maíz amarillo tradicional,2022,2022B,Transitorio,"0,00","9,00","5,40","0,60",1010402,0.0,9.0,5.4,0.6
25,Cundinamarca,25873,Villapinzón,Cereales,Cereales,Maíz,Maíz amarillo tradicional,2022,2022B,Transitorio,"0,00","37,00","74,00","2,00",1010402,0.0,37.0,74.0,2.0
25,Cundinamarca,25873,Villapinzón,Cereales,Cereales,Maíz,Maíz amarillo tradicional,2023,2023B,Transitorio,"0,00","50,00","100,00","2,00",1010402,0.0,50.0,100.0,2.0
25,Cundinamarca,25873,Villapinzón,Cereales,Cereales,Maíz,Maíz amarillo tradicional,2024,2024B,Transitorio,"0,00","14,00","23,49","1,68",1010402,0.0,14.0,23.49,1.68
25,Cundinamarca,25873,Villapinzón,Cereales,Cereales,Maíz,Maíz amarillo tradicional,2025,2025B,Transitorio,"0,00","65,00","109,07","1,68",1010402,0.0,65.0,109.07,1.68
25,Cundinamarca,25873,Villapinzón,Cereales,Cereales,Maíz,Maíz blanco tradicional,2022,2022B,Transitorio,"0,00","8,00","16,00","2,00",1010404,0.0,8.0,16.0,2.0
25,Cundinamarca,25873,Villapinzón,Cereales,Cereales,Maíz,Maíz blanco tradicional,2023,2023B,Transitorio,"0,00","10,00","20,00","2,00",1010404,0.0,10.0,20.0,2.0
25,Cundinamarca,25873,Villapinzón,Cereales,Cereales,Maíz,Maíz blanco tradicional,2024,2024B,Transitorio,"0,00","20,00","40,00","2,00",1010404,0.0,20.0,40.0,2.0
25,Cundinamarca,25873,Villapinzón,Cereales,Cereales,Maíz,Maíz blanco tradicional,2025,2025B,Transitorio,"0,00","10,00","16,78","1,68",1010404,0.0,10.0,16.78,1.68
25,Cundinamarca,25875,Villeta,Raíces y tubérculos,Raíces y tubérculos,Arracacha,Arracacha,2024,2024A,Transitorio,"0,00","15,00","180,00","12,00",1080200,0.0,15.0,180.0,12.0
25,Cundinamarca,25878,Viotá,Cereales,Cereales,Maíz,Maíz amarillo tradicional,2025,2025B,Transitorio,"0,00","5,00","6,50","1,30",1010402,0.0,5.0,6.5,1.3
25,Cundinamarca,25885,Yacopí,Raíces y tubérculos,Raíces y tubérculos,Arracacha,Arracacha,2025,2025A,Transitorio,"0,00","5,00","40,00","8,00",1080200,0.0,5.0,40.0,8.0
25,Cundinamarca,25885,Yacopí,Cereales,Cereales,Maíz,Maíz blanco tecnificado,2024,2024A,Transitorio,"0,00","46,00","174,80","3,80",1010403,0.0,46.0,174.8,3.8
25,Cundinamarca,25885,Yacopí,Cereales,Cereales,Maíz,Maíz blanco tecnificado,2025,2025A,Transitorio,"0,00","10,00","38,00","3,80",1010403,0.0,10.0,38.0,3.8
25,Cundinamarca,25899,Zipaquirá,Cereales,Cereales,Maíz,Maíz amarillo tradicional,2022,2022B,Transitorio,"0,00","12,00","9,60","0,80",1010402,0.0,12.0,9.6,0.8
25,Cundinamarca,25899,Zipaquirá,Cereales,Cereales,Maíz,Maíz amarillo tradicional,2023,2023B,Transitorio,"0,00","19,00","23,91","1,26",1010402,0.0,19.0,23.91,1.26
27,Chocó,27001,Quibdó,Cereales,Cereales,Arroz,Arroz secano manual,2024,2024B,Transitorio,"0,00","430,00","1.935,00","4,50",1010102,0.0,430.0,1935.0,4.5
27,Chocó,27001,Quibdó,"Cultivos para condimentos, bebidas medicinales y aromáticas",Condimentos,Jengibre,Jengibre,2022,2022B,Transitorio,"0,00","2,00","6,00","3,00",1021400,0.0,2.0,6.0,3.0
27,Chocó,27001,Quibdó,"Cultivos para condimentos, bebidas medicinales y aromáticas",Condimentos,Jengibre,Jengibre,2023,2023A,Transitorio,"0,00","6,00","18,00","3,00",1021400,0.0,6.0,18.0,3.0
27,Chocó,27001,Quibdó,"Cultivos para condimentos, bebidas medicinales y aromáticas",Condimentos,Jengibre,Jengibre,2024,2024B,Transitorio,"0,00","2,50","7,50","3,00",1021400,0.0,2.5,7.5,3.0
27,Chocó,27001,Quibdó,Cereales,Cereales,Maíz,Maíz amarillo tradicional,2022,2022B,Transitorio,"0,00","80,00","67,20","0,84",1010402,0.0,80.0,67.2,0.84
27,Chocó,27001,Quibdó,Cereales,Cereales,Maíz,Maíz amarillo tradicional,2024,2024B,Transitorio,"0,00","8,00","6,72","0,84",1010402,0.0,8.0,6.72,0.84
27,Chocó,27001,Quibdó,Raíces y tubérculos,Raíces y tubérculos,"Malanga, achín, yota, papa china, bore","Malanga, achín, yota, papa china, bore",2024,2024B,Transitorio,"0,00","1,00","8,00","8,00",1080400,0.0,1.0,8.0,8.0
27,Chocó,27001,Quibdó,Raíces y tubérculos,Raíces y tubérculos,Yuca,Yuca consumo en fresco,2024,2024B,Transitorio,"0,00","110,00","660,00","6,00",1081001,0.0,110.0,660.0,6.0
27,Chocó,27006,Acandí,Raíces y tubérculos,Raíces y tubérculos,Ñame,Ñame demás variedades,2022,2022B,Transitorio,"0,00","90,00","1.800,00","20,00",1080699,0.0,90.0,1800.0,20.0
27,Chocó,27006,Acandí,Raíces y tubérculos,Raíces y tubérculos,Ñame,Ñame demás variedades,2023,2023B,Transitorio,"0,00","130,00","2.600,00","20,00",1080699,0.0,130.0,2600.0,20.0
27,Chocó,27006,Acandí,Raíces y tubérculos,Raíces y tubérculos,Ñame,Ñame demás variedades,2024,2024B,Transitorio,"0,00","130,00","2.600,00","20,00",1080699,0.0,130.0,2600.0,20.0
27,Chocó,27006,Acandí,Raíces y tubérculos,Raíces y tubérculos,Ñame,Ñame demás variedades,2025,2025B,Transitorio,"0,00","100,00","2.000,00","20,00",1080699,0.0,100.0,2000.0,20.0
27,Chocó,27006,Acandí,Raíces y tubérculos,Raíces y tubérculos,Yuca,Yuca consumo en fresco,2022,2022B,Transitorio,"0,00","80,00","1.200,00","15,00",1081001,0.0,80.0,1200.0,15.0
27,Chocó,27006,Acandí,Raíces y tubérculos,Raíces y tubérculos,Yuca,Yuca consumo en fresco,2024,2024B,Transitorio,"0,00","210,00","4.200,00","20,00",1081001,0.0,210.0,4200.0,20.0
27,Chocó,27006,Acandí,Raíces y tubérculos,Raíces y tubérculos,Yuca,Yuca consumo en fresco,2025,2025B,Transitorio,"0,00","110,00","1.980,00","18,00",1081001,0.0,110.0,1980.0,18.0
27,Chocó,27025,Alto Baudó,Cereales,Cereales,Maíz,Maíz amarillo tradicional,2024,2024A,Transitorio,"0,00","70,00","42,00","0,60",1010402,0.0,70.0,42.0,0.6
27,Chocó,27025,Alto Baudó,Raíces y tubérculos,Raíces y tubérculos,Ñame,Ñame demás variedades,2024,2024A,Transitorio,"0,00","40,00","320,00","8,00",1080699,0.0,40.0,320.0,8.0
27,Chocó,27025,Alto Baudó,Raíces y tubérculos,Raíces y tubérculos,Ñame,Ñame demás variedades,2024,2024B,Transitorio,"0,00","45,00","360,00","8,00",1080699,0.0,45.0,360.0,8.0
27,Chocó,27025,Alto Baudó,Raíces y tubérculos,Raíces y tubérculos,Yuca,Yuca consumo en fresco,2024,2024B,Transitorio,"0,00","40,00","320,00","8,00",1081001,0.0,40.0,320.0,8.0
27,Chocó,27050,Atrato,Raíces y tubérculos,Raíces y tubérculos,"Malanga, achín, yota, papa china, bore","Malanga, achín, yota, papa china, bore",2025,2025B,Transitorio,"0,00","30,00","210,00","7,00",1080400,0.0,30.0,210.0,7.0
27,Chocó,27050,Atrato,Raíces y tubérculos,Raíces y tubérculos,Yuca,Yuca consumo en fresco,2025,2025B,Transitorio,"0,00","90,00","630,00","7,00",1081001,0.0,90.0,630.0,7.0
27,Chocó,27075,Bahía Solano,Raíces y tubérculos,Raíces y tubérculos,"Malanga, achín, yota, papa china, bore","Malanga, achín, yota, papa china, bore",2022,2022B,Transitorio,"0,00","7,00","49,00","7,00",1080400,0.0,7.0,49.0,7.0
27,Chocó,27075,Bahía Solano,Raíces y tubérculos,Raíces y tubérculos,"Malanga, achín, yota, papa china, bore","Malanga, achín, yota, papa china, bore",2023,2023B,Transitorio,"0,00","6,50","45,50","7,00",1080400,0.0,6.5,45.5,7.0
27,Chocó,27075,Bahía Solano,Raíces y tubérculos,Raíces y tubérculos,Ñame,Ñame demás variedades,2022,2022B,Transitorio,"0,00","1,00","2,00","2,00",1080699,0.0,1.0,2.0,2.0
27,Chocó,27075,Bahía Solano,Raíces y tubérculos,Raíces y tubérculos,Ñame,Ñame demás variedades,2023,2023B,Transitorio,"0,00","1,00","2,00","2,00",1080699,0.0,1.0,2.0,2.0
27,Chocó,27075,Bahía Solano,Raíces y tubérculos,Raíces y tubérculos,Yuca,Yuca consumo en fresco,2022,2022B,Transitorio,"0,00","24,00","216,00","9,00",1081001,0.0,24.0,216.0,9.0
27,Chocó,27077,Bajo Baudó,Cereales,Cereales,Arroz,Arroz secano manual,2022,2022B,Transitorio,"0,00","415,00","1.185,24","2,86",1010102,0.0,415.0,1185.24,2.86
27,Chocó,27077,Bajo Baudó,Cereales,Cereales,Arroz,Arroz secano manual,2023,2023B,Transitorio,"0,00","90,00","234,00","2,60",1010102,0.0,90.0,234.0,2.6
27,Chocó,27077,Bajo Baudó,Cereales,Cereales,Arroz,Arroz secano manual,2024,2024B,Transitorio,"0,00","90,00","234,00","2,60",1010102,0.0,90.0,234.0,2.6
27,Chocó,27077,Bajo Baudó,Cereales,Cereales,Maíz,Maíz amarillo tradicional,2022,2022B,Transitorio,"0,00","297,00","445,50","1,50",1010402,0.0,297.0,445.5,1.5
27,Chocó,27077,Bajo Baudó,Cereales,Cereales,Maíz,Maíz amarillo tradicional,2023,2023B,Transitorio,"0,00","150,00","225,00","1,50",1010402,0.0,150.0,225.0,1.5
27,Chocó,27077,Bajo Baudó,Cereales,Cereales,Maíz,Maíz amarillo tradicional,2024,2024B,Transitorio,"0,00","85,00","127,50","1,50",1010402,0.0,85.0,127.5,1.5
27,Chocó,27077,Bajo Baudó,Raíces y tubérculos,Raíces y tubérculos,"Malanga, achín, yota, papa china, bore","Malanga, achín, yota, papa china, bore",2024,2024B,Transitorio,"0,00","23,00","50,60","2,20",1080400,0.0,23.0,50.6,2.2
27,Chocó,27077,Bajo Baudó,Raíces y tubérculos,Raíces y tubérculos,Ñame,Ñame demás variedades,2024,2024B,Transitorio,"0,00","21,00","48,30","2,30",1080699,0.0,21.0,48.3,2.3
27,Chocó,27077,Bajo Baudó,Raíces y tubérculos,Raíces y tubérculos,Yuca,Yuca consumo en fresco,2024,2024B,Transitorio,"0,00","23,00","48,30","2,10",1081001,0.0,23.0,48.3,2.1
27,Chocó,27099,Bojayá,Cereales,Cereales,Arroz,Arroz secano manual,2022,2022B,Transitorio,"0,00","55,00","165,00","3,00",1010102,0.0,55.0,165.0,3.0
27,Chocó,27099,Bojayá,Cereales,Cereales,Arroz,Arroz secano manual,2024,2024B,Transitorio,"0,00","80,00","240,00","3,00",1010102,0.0,80.0,240.0,3.0
27,Chocó,27150,Carmen del Darién,Raíces y tubérculos,Raíces y tubérculos,Yuca,Yuca consumo en fresco,2022,2022B,Transitorio,"0,00","2.250,00","28.125,00","12,50",1081001,0.0,2250.0,28125.0,12.5
27,Chocó,27150,Carmen del Darién,Raíces y tubérculos,Raíces y tubérculos,Yuca,Yuca consumo en fresco,2023,2023B,Transitorio,"0,00","2.180,00","26.160,00","12,00",1081001,0.0,2180.0,26160.0,12.0
27,Chocó,27150,Carmen del Darién,Raíces y tubérculos,Raíces y tubérculos,Yuca,Yuca industrial,2024,2024B,Transitorio,"0,00","1.100,00","12.100,00","11,00",1081002,0.0,1100.0,12100.0,11.0
27,Chocó,27160,Cértegui,Raíces y tubérculos,Raíces y tubérculos,"Malanga, achín, yota, papa china, bore","Malanga, achín, yota, papa china, bore",2022,2022A,Transitorio,"0,00","3,00","6,00","2,00",1080400,0.0,3.0,6.0,2.0
27,Chocó,27160,Cértegui,Raíces y tubérculos,Raíces y tubérculos,"Malanga, achín, yota, papa china, bore","Malanga, achín, yota, papa china, bore",2023,2023A,Transitorio,"0,00","3,00","6,00","2,00",1080400,0.0,3.0,6.0,2.0
27,Chocó,27491,Nóvita,Raíces y tubérculos,Raíces y tubérculos,Ñame,Ñame demás variedades,2022,2022B,Transitorio,"0,00","75,00","375,00","5,00",1080699,0.0,75.0,375.0,5.0
27,Chocó,27491,Nóvita,Raíces y tubérculos,Raíces y tubérculos,Ñame,Ñame demás variedades,2023,2023B,Transitorio,"0,00","170,00","510,00","3,00",1080699,0.0,170.0,510.0,3.0
27,Chocó,27491,Nóvita,Raíces y tubérculos,Raíces y tubérculos,Yuca,Yuca consumo en fresco,2022,2022B,Transitorio,"0,00","110,00","550,00","5,00",1081001,0.0,110.0,550.0,5.0
27,Chocó,27491,Nóvita,Raíces y tubérculos,Raíces y tubérculos,Yuca,Yuca consumo en fresco,2023,2023B,Transitorio,"0,00","210,00","1.260,00","6,00",1081001,0.0,210.0,1260.0,6.0
27,Chocó,27493,Nuevo Belén de Bajirá *,Cereales,Cereales,Maíz,Maíz blanco tradicional,2025,2025B,Transitorio,"0,00","30,00","30,00","1,00",1010404,0.0,30.0,30.0,1.0
27,Chocó,27495,Nuquí,Cereales,Cereales,Arroz,Arroz secano manual,2022,2022B,Transitorio,"0,00","80,00","332,80","4,16",1010102,0.0,80.0,332.8,4.16
27,Chocó,27495,Nuquí,Cereales,Cereales,Arroz,Arroz secano manual,2023,2023B,Transitorio,"0,00","76,00","361,76","4,76",1010102,0.0,76.0,361.76,4.76
27,Chocó,27495,Nuquí,Cereales,Cereales,Maíz,Maíz blanco tradicional,2022,2022B,Transitorio,"0,00","50,00","125,00","2,50",1010404,0.0,50.0,125.0,2.5
27,Chocó,27495,Nuquí,Cereales,Cereales,Maíz,Maíz blanco tradicional,2023,2023B,Transitorio,"0,00","46,00","115,00","2,50",1010404,0.0,46.0,115.0,2.5
27,Chocó,27600,Río Quito,Cereales,Cereales,Arroz,Arroz secano manual,2023,2023B,Transitorio,"0,00","14,80","44,03","2,98",1010102,0.0,14.8,44.03,2.98
27,Chocó,27600,Río Quito,Cereales,Cereales,Arroz,Arroz secano manual,2024,2024B,Transitorio,"0,00","41,60","123,76","2,98",1010102,0.0,41.6,123.76,2.98
27,Chocó,27600,Río Quito,Cereales,Cereales,Arroz,Arroz secano manual,2025,2025B,Transitorio,"0,00","30,00","48,00","1,60",1010102,0.0,30.0,48.0,1.6
27,Chocó,27600,Río Quito,Cereales,Cereales,Maíz,Maíz amarillo tradicional,2022,2022B,Transitorio,"0,00","19,00","20,90","1,10",1010402,0.0,19.0,20.9,1.1
27,Chocó,27600,Río Quito,Cereales,Cereales,Maíz,Maíz amarillo tradicional,2023,2023B,Transitorio,"0,00","9,80","10,78","1,10",1010402,0.0,9.8,10.78,1.1
27,Chocó,27600,Río Quito,Cereales,Cereales,Maíz,Maíz amarillo tradicional,2024,2024B,Transitorio,"0,00","285,00","313,50","1,10",1010402,0.0,285.0,313.5,1.1
27,Chocó,27600,Río Quito,Raíces y tubérculos,Raíces y tubérculos,"Malanga, achín, yota, papa china, bore","Malanga, achín, yota, papa china, bore",2022,2022B,Transitorio,"0,00","3,00","3,30","1,10",1080400,0.0,3.0,3.3,1.1
27,Chocó,27600,Río Quito,Raíces y tubérculos,Raíces y tubérculos,"Malanga, achín, yota, papa china, bore","Malanga, achín, yota, papa china, bore",2023,2023B,Transitorio,"0,00","4,00","8,00","2,00",1080400,0.0,4.0,8.0,2.0
27,Chocó,27600,Río Quito,Raíces y tubérculos,Raíces y tubérculos,"Malanga, achín, yota, papa china, bore","Malanga, achín, yota, papa china, bore",2024,2024B,Transitorio,"0,00","4,00","8,00","2,00",1080400,0.0,4.0,8.0,2.0
27,Chocó,27600,Río Quito,Raíces y tubérculos,Raíces y tubérculos,"Malanga, achín, yota, papa china, bore","Malanga, achín, yota, papa china, bore",2025,2025B,Transitorio,"0,00","15,00","30,00","2,00",1080400,0.0,15.0,30.0,2.0
27,Chocó,27600,Río Quito,Raíces y tubérculos,Raíces y tubérculos,Ñame,Ñame demás variedades,2022,2022B,Transitorio,"0,00","4,80","14,40","3,00",1080699,0.0,4.8,14.4,3.0
27,Chocó,27600,Río Quito,Raíces y tubérculos,Raíces y tubérculos,Ñame,Ñame demás variedades,2023,2023B,Transitorio,"0,00","4,00","10,00","2,50",1080699,0.0,4.0,10.0,2.5
27,Chocó,27600,Río Quito,Raíces y tubérculos,Raíces y tubérculos,Ñame,Ñame demás variedades,2024,2024B,Transitorio,"0,00","10,27","25,67","2,50",1080699,0.0,10.27,25.67,2.5
27,Chocó,27600,Río Quito,Raíces y tubérculos,Raíces y tubérculos,Ñame,Ñame demás variedades,2025,2025B,Transitorio,"0,00","20,00","50,00","2,50",1080699,0.0,20.0,50.0,2.5
27,Chocó,27600,Río Quito,Raíces y tubérculos,Raíces y tubérculos,Yuca,Yuca consumo en fresco,2022,2022B,Transitorio,"0,00","4,80","24,00","5,00",1081001,0.0,4.8,24.0,5.0
27,Chocó,27600,Río Quito,Raíces y tubérculos,Raíces y tubérculos,Yuca,Yuca consumo en fresco,2023,2023B,Transitorio,"0,00","6,00","30,00","5,00",1081001,0.0,6.0,30.0,5.0
27,Chocó,27600,Río Quito,Raíces y tubérculos,Raíces y tubérculos,Yuca,Yuca consumo en fresco,2024,2024B,Transitorio,"0,00","141,25","706,25","5,00",1081001,0.0,141.25,706.25,5.0
27,Chocó,27600,Río Quito,Raíces y tubérculos,Raíces y tubérculos,Yuca,Yuca consumo en fresco,2025,2025B,Transitorio,"0,00","150,00","750,00","5,00",1081001,0.0,150.0,750.0,5.0
27,Chocó,27660,San José del Palmar,Raíces y tubérculos,Raíces y tubérculos,Yuca,Yuca consumo en fresco,2024,2024A,Transitorio,"0,00","5,00","50,00","10,00",1081001,0.0,5.0,50.0,10.0
27,Chocó,27745,Sipí,Cereales,Cereales,Arroz,Arroz secano manual,2022,2022B,Transitorio,"0,00","11,50","26,45","2,30",1010102,0.0,11.5,26.45,2.3
27,Chocó,27745,Sipí,Cereales,Cereales,Arroz,Arroz secano manual,2023,2023B,Transitorio,"0,00","11,80","27,14","2,30",1010102,0.0,11.8,27.14,2.3
27,Chocó,27745,Sipí,Cereales,Cereales,Maíz,Maíz amarillo tradicional,2022,2022B,Transitorio,"0,00","4,00","2,80","0,70",1010402,0.0,4.0,2.8,0.7
27,Chocó,27745,Sipí,Cereales,Cereales,Maíz,Maíz amarillo tradicional,2023,2023B,Transitorio,"0,00","3,00","2,10","0,70",1010402,0.0,3.0,2.1,0.7
27,Chocó,27745,Sipí,Raíces y tubérculos,Raíces y tubérculos,"Malanga, achín, yota, papa china, bore","Malanga, achín, yota, papa china, bore",2023,2023A,Transitorio,"0,00","3,00","12,00","4,00",1080400,0.0,3.0,12.0,4.0
27,Chocó,27745,Sipí,Raíces y tubérculos,Raíces y tubérculos,Ñame,Ñame Diamante,2023,2023A,Transitorio,"0,00","8,80","52,80","6,00",1080601,0.0,8.8,52.8,6.0
27,Chocó,27745,Sipí,Raíces y tubérculos,Raíces y tubérculos,Yuca,Yuca consumo en fresco,2023,2023A,Transitorio,"0,00","8,00","48,00","6,00",1081001,0.0,8.0,48.0,6.0
27,Chocó,27787,Tadó,Cereales,Cereales,Maíz,Maíz blanco tradicional,2022,2022B,Transitorio,"0,00","5,00","6,30","1,26",1010404,0.0,5.0,6.3,1.26
27,Chocó,27787,Tadó,Raíces y tubérculos,Raíces y tubérculos,"Malanga, achín, yota, papa china, bore","Malanga, achín, yota, papa china, bore",2022,2022B,Transitorio,"0,00","7,00","56,00","8,00",1080400,0.0,7.0,56.0,8.0
27,Chocó,27787,Tadó,Raíces y tubérculos,Raíces y tubérculos,"Malanga, achín, yota, papa china, bore","Malanga, achín, yota, papa china, bore",2023,2023B,Transitorio,"0,00","12,00","96,00","8,00",1080400,0.0,12.0,96.0,8.0
27,Chocó,27787,Tadó,Raíces y tubérculos,Raíces y tubérculos,Ñame,Ñame demás variedades,2022,2022B,Transitorio,"0,00","5,00","75,00","15,00",1080699,0.0,5.0,75.0,15.0
27,Chocó,27787,Tadó,Raíces y tubérculos,Raíces y tubérculos,Ñame,Ñame demás variedades,2023,2023B,Transitorio,"0,00","9,00","135,00","15,00",1080699,0.0,9.0,135.0,15.0
27,Chocó,27787,Tadó,Raíces y tubérculos,Raíces y tubérculos,Yuca,Yuca consumo en fresco,2022,2022B,Transitorio,"0,00","15,00","225,00","15,00",1081001,0.0,15.0,225.0,15.0
27,Chocó,27787,Tadó,Raíces y tubérculos,Raíces y tubérculos,Yuca,Yuca consumo en fresco,2023,2023B,Transitorio,"0,00","15,00","225,00","15,00",1081001,0.0,15.0,225.0,15.0
27,Chocó,27800,Unguía,Raíces y tubérculos,Raíces y tubérculos,Ñame,Ñame demás variedades,2022,2022B,Transitorio,"0,00","4,00","40,00","10,00",1080699,0.0,4.0,40.0,10.0
27,Chocó,27800,Unguía,Raíces y tubérculos,Raíces y tubérculos,Ñame,Ñame demás variedades,2023,2023B,Transitorio,"0,00","7,00","70,00","10,00",1080699,0.0,7.0,70.0,10.0
27,Chocó,27800,Unguía,Raíces y tubérculos,Raíces y tubérculos,Yuca,Yuca consumo en fresco,2022,2022B,Transitorio,"0,00","68,00","680,00","10,00",1081001,0.0,68.0,680.0,10.0
27,Chocó,27800,Unguía,Raíces y tubérculos,Raíces y tubérculos,Yuca,Yuca consumo en fresco,2023,2023B,Transitorio,"0,00","84,00","840,00","10,00",1081001,0.0,84.0,840.0,10.0
27,Chocó,27810,Unión Panamericana,Raíces y tubérculos,Raíces y tubérculos,"Malanga, achín, yota, papa china, bore","Malanga, achín, yota, papa china, bore",2022,2022A,Transitorio,"0,00","1,00","3,00","3,00",1080400,0.0,1.0,3.0,3.0
41,Huila,41001,Neiva,Cultivos tropicales tradicionales,Cultivos tropicales tradicionales,Algodón,Algodón,2022,2022B,Transitorio,"0,00","4,00","6,80","1,70",1030100,0.0,4.0,6.8,1.7
41,Huila,41001,Neiva,Cultivos tropicales tradicionales,Cultivos tropicales tradicionales,Algodón,Algodón,2023,2023B,Transitorio,"0,00","4,00","6,80","1,70",1030100,0.0,4.0,6.8,1.7
41,Huila,41001,Neiva,Hortalizas,Hortalizas de tallo,Cebolla de rama,Cebolla de rama,2022,2022B,Transitorio,"0,00","7,00","91,00","13,00",1051200,0.0,7.0,91.0,13.0
41,Huila,41001,Neiva,Hortalizas,Hortalizas de tallo,Cebolla de rama,Cebolla de rama,2023,2023B,Transitorio,"0,00","7,00","91,00","13,00",1051200,0.0,7.0,91.0,13.0
41,Huila,41001,Neiva,Cultivos tropicales tradicionales,Cultivos tropicales tradicionales,Tabaco,Tabaco,2025,2025A,Transitorio,"0,00","10,00","22,00","2,20",1030700,0.0,10.0,22.0,2.2
41,Huila,41006,Acevedo,Raíces y tubérculos,Raíces y tubérculos,Arracacha,Arracacha,2022,2022B,Transitorio,"0,00","100,00","900,00","9,00",1080200,0.0,100.0,900.0,9.0
41,Huila,41006,Acevedo,Raíces y tubérculos,Raíces y tubérculos,Arracacha,Arracacha,2023,2023B,Transitorio,"0,00","110,00","990,00","9,00",1080200,0.0,110.0,990.0,9.0
41,Huila,41006,Acevedo,Raíces y tubérculos,Raíces y tubérculos,Arracacha,Arracacha,2024,2024B,Transitorio,"0,00","120,00","1.080,00","9,00",1080200,0.0,120.0,1080.0,9.0
41,Huila,41006,Acevedo,Raíces y tubérculos,Raíces y tubérculos,Arracacha,Arracacha,2025,2025B,Transitorio,"0,00","120,00","1.200,00","10,00",1080200,0.0,120.0,1200.0,10.0
41,Huila,41006,Acevedo,Hortalizas,Hortalizas de tallo,Cebolla de rama,Cebolla de rama,2022,2022B,Transitorio,"0,00","30,00","300,00","10,00",1051200,0.0,30.0,300.0,10.0
41,Huila,41006,Acevedo,Hortalizas,Hortalizas de tallo,Cebolla de rama,Cebolla de rama,2023,2023B,Transitorio,"0,00","20,00","240,00","12,00",1051200,0.0,20.0,240.0,12.0
41,Huila,41006,Acevedo,Hortalizas,Hortalizas de tallo,Cebolla de rama,Cebolla de rama,2024,2024B,Transitorio,"0,00","20,00","240,00","12,00",1051200,0.0,20.0,240.0,12.0
41,Huila,41020,Algeciras,Raíces y tubérculos,Raíces y tubérculos,Achira,Achira,2023,2023A,Transitorio,"0,00","1,00","1,00","1,00",1080100,0.0,1.0,1.0,1.0
41,Huila,41020,Algeciras,Raíces y tubérculos,Raíces y tubérculos,Yuca,Yuca consumo en fresco,2022,2022B,Transitorio,"0,00","6,00","30,00","5,00",1081001,0.0,6.0,30.0,5.0
41,Huila,41020,Algeciras,Raíces y tubérculos,Raíces y tubérculos,Yuca,Yuca consumo en fresco,2023,2023B,Transitorio,"0,00","5,00","25,00","5,00",1081001,0.0,5.0,25.0,5.0
41,Huila,41020,Algeciras,Raíces y tubérculos,Raíces y tubérculos,Yuca,Yuca consumo en fresco,2024,2024B,Transitorio,"0,00","7,00","35,00","5,00",1081001,0.0,7.0,35.0,5.0
41,Huila,41020,Algeciras,Raíces y tubérculos,Raíces y tubérculos,Yuca,Yuca consumo en fresco,2025,2025B,Transitorio,"0,00","8,00","56,00","7,00",1081001,0.0,8.0,56.0,7.0
41,Huila,41132,Campoalegre,Raíces y tubérculos,Raíces y tubérculos,Achira,Achira,2023,2023B,Transitorio,"0,00","4,00","8,00","2,00",1080100,0.0,4.0,8.0,2.0
41,Huila,41132,Campoalegre,Cultivos tropicales tradicionales,Cultivos tropicales tradicionales,Algodón,Algodón,2022,2022B,Transitorio,"0,00","100,00","110,00","1,10",1030100,0.0,100.0,110.0,1.1
41,Huila,41132,Campoalegre,Cultivos tropicales tradicionales,Cultivos tropicales tradicionales,Algodón,Algodón,2023,2023B,Transitorio,"0,00","100,00","110,00","1,10",1030100,0.0,100.0,110.0,1.1
41,Huila,41132,Campoalegre,Cultivos tropicales tradicionales,Cultivos tropicales tradicionales,Algodón,Algodón,2024,2024B,Transitorio,"0,00","200,00","220,00","1,10",1030100,0.0,200.0,220.0,1.1
41,Huila,41132,Campoalegre,Cultivos tropicales tradicionales,Cultivos tropicales tradicionales,Algodón,Algodón,2025,2025B,Transitorio,"0,00","230,00","299,00","1,30",1030100,0.0,230.0,299.0,1.3
41,Huila,41132,Campoalegre,Cereales,Cereales,Sorgo,Sorgo,2024,2024A,Transitorio,"0,00","25,00","100,00","4,00",1010700,0.0,25.0,100.0,4.0
41,Huila,41206,Colombia,Raíces y tubérculos,Raíces y tubérculos,Achira,Achira,2025,2025A,Transitorio,"0,00","1,00","2,00","2,00",1080100,0.0,1.0,2.0,2.0
41,Huila,41206,Colombia,Hortalizas,Hortalizas de tallo,Cebolla de rama,Cebolla de rama,2022,2022B,Transitorio,"0,00","2,00","10,00","5,00",1051200,0.0,2.0,10.0,5.0
41,Huila,41298,Garzón,Raíces y tubérculos,Raíces y tubérculos,Arracacha,Arracacha,2022,2022A,Transitorio,"0,00","4,00","24,00","6,00",1080200,0.0,4.0,24.0,6.0
41,Huila,41298,Garzón,Raíces y tubérculos,Raíces y tubérculos,Yuca,Yuca consumo en fresco,2022,2022A,Transitorio,"0,00","45,00","405,00","9,00",1081001,0.0,45.0,405.0,9.0
41,Huila,41349,Hobo,Raíces y tubérculos,Raíces y tubérculos,Achira,Achira,2023,2023A,Transitorio,"0,00","2,50","6,25","2,50",1080100,0.0,2.5,6.25,2.5
41,Huila,41357,Íquira,Raíces y tubérculos,Raíces y tubérculos,Achira,Achira,2025,2025A,Transitorio,"0,00","2,00","5,00","2,50",1080100,0.0,2.0,5.0,2.5
41,Huila,41378,La Argentina,Cereales,Cereales,Maíz,Maíz blanco tecnificado,2023,2023A,Transitorio,"0,00","20,00","90,00","4,50",1010403,0.0,20.0,90.0,4.5
41,Huila,41378,La Argentina,Cereales,Cereales,Maíz,Maíz blanco tradicional,2023,2023A,Transitorio,"0,00","20,00","40,00","2,00",1010404,0.0,20.0,40.0,2.0
41,Huila,41396,La Plata,Raíces y tubérculos,Raíces y tubérculos,Achira,Achira,2022,2022B,Transitorio,"0,00","10,00","24,00","2,40",1080100,0.0,10.0,24.0,2.4
41,Huila,41396,La Plata,Raíces y tubérculos,Raíces y tubérculos,Achira,Achira,2023,2023B,Transitorio,"0,00","7,00","16,80","2,40",1080100,0.0,7.0,16.8,2.4
41,Huila,41524,Palermo,Raíces y tubérculos,Raíces y tubérculos,Achira,Achira,2024,2024B,Transitorio,"0,00","4,00","10,00","2,50",1080100,0.0,4.0,10.0,2.5
41,Huila,41524,Palermo,Raíces y tubérculos,Raíces y tubérculos,Achira,Achira,2025,2025B,Transitorio,"0,00","5,00","12,50","2,50",1080100,0.0,5.0,12.5,2.5
41,Huila,41524,Palermo,Cultivos tropicales tradicionales,Cultivos tropicales tradicionales,Algodón,Algodón,2022,2022B,Transitorio,"0,00","10,00","25,00","2,50",1030100,0.0,10.0,25.0,2.5
41,Huila,41524,Palermo,Cultivos tropicales tradicionales,Cultivos tropicales tradicionales,Algodón,Algodón,2023,2023B,Transitorio,"0,00","9,00","25,20","2,80",1030100,0.0,9.0,25.2,2.8
41,Huila,41524,Palermo,Cultivos tropicales tradicionales,Cultivos tropicales tradicionales,Algodón,Algodón,2024,2024B,Transitorio,"0,00","9,00","27,00","3,00",1030100,0.0,9.0,27.0,3.0
41,Huila,41524,Palermo,Cultivos tropicales tradicionales,Cultivos tropicales tradicionales,Algodón,Algodón,2025,2025B,Transitorio,"0,00","10,00","30,00","3,00",1030100,0.0,10.0,30.0,3.0
41,Huila,41530,Palestina,Raíces y tubérculos,Raíces y tubérculos,Arracacha,Arracacha,2022,2022B,Transitorio,"0,00","35,00","192,50","5,50",1080200,0.0,35.0,192.5,5.5
41,Huila,41530,Palestina,Raíces y tubérculos,Raíces y tubérculos,Arracacha,Arracacha,2023,2023B,Transitorio,"0,00","38,00","209,00","5,50",1080200,0.0,38.0,209.0,5.5
41,Huila,41530,Palestina,Raíces y tubérculos,Raíces y tubérculos,Arracacha,Arracacha,2024,2024B,Transitorio,"0,00","38,00","209,00","5,50",1080200,0.0,38.0,209.0,5.5
41,Huila,41530,Palestina,Raíces y tubérculos,Raíces y tubérculos,Arracacha,Arracacha,2025,2025B,Transitorio,"0,00","5,00","30,00","6,00",1080200,0.0,5.0,30.0,6.0
41,Huila,41530,Palestina,Raíces y tubérculos,Raíces y tubérculos,Yuca,Yuca consumo en fresco,2022,2022B,Transitorio,"0,00","240,00","1.800,00","7,50",1081001,0.0,240.0,1800.0,7.5
41,Huila,41530,Palestina,Raíces y tubérculos,Raíces y tubérculos,Yuca,Yuca consumo en fresco,2023,2023B,Transitorio,"0,00","268,00","2.010,00","7,50",1081001,0.0,268.0,2010.0,7.5
41,Huila,41530,Palestina,Raíces y tubérculos,Raíces y tubérculos,Yuca,Yuca consumo en fresco,2024,2024B,Transitorio,"0,00","268,00","2.010,00","7,50",1081001,0.0,268.0,2010.0,7.5
41,Huila,41530,Palestina,Raíces y tubérculos,Raíces y tubérculos,Yuca,Yuca consumo en fresco,2025,2025B,Transitorio,"0,00","150,00","1.200,00","8,00",1081001,0.0,150.0,1200.0,8.0
41,Huila,41551,Pitalito,Hortalizas,Hortalizas de tallo,Cebolla de rama,Cebolla de rama,2023,2023B,Transitorio,"0,00","18,00","126,00","7,00",1051200,0.0,18.0,126.0,7.0
41,Huila,41551,Pitalito,Hortalizas,Hortalizas de tallo,Cebolla de rama,Cebolla de rama,2024,2024B,Transitorio,"0,00","18,00","126,00","7,00",1051200,0.0,18.0,126.0,7.0
41,Huila,41551,Pitalito,Hortalizas,Hortalizas de tallo,Cebolla de rama,Cebolla de rama,2025,2025B,Transitorio,"0,00","18,00","126,00","7,00",1051200,0.0,18.0,126.0,7.0
41,Huila,41615,Rivera,Raíces y tubérculos,Raíces y tubérculos,Arracacha,Arracacha,2022,2022A,Transitorio,"0,00","1,00","12,00","12,00",1080200,0.0,1.0,12.0,12.0
41,Huila,41615,Rivera,Raíces y tubérculos,Raíces y tubérculos,Yuca,Yuca consumo en fresco,2023,2023B,Transitorio,"0,00","36,00","288,00","8,00",1081001,0.0,36.0,288.0,8.0
41,Huila,41668,San Agustín,Raíces y tubérculos,Raíces y tubérculos,Arracacha,Arracacha,2022,2022B,Transitorio,"0,00","40,00","280,00","7,00",1080200,0.0,40.0,280.0,7.0
41,Huila,41668,San Agustín,Raíces y tubérculos,Raíces y tubérculos,Yuca,Yuca consumo en fresco,2022,2022B,Transitorio,"0,00","160,00","1.120,00","7,00",1081001,0.0,160.0,1120.0,7.0
41,Huila,41676,Santa María,Leguminosas,Leguminosas,Arveja,Arveja,2022,2022A,Transitorio,"0,00","2,00","2,00","1,00",1060100,0.0,2.0,2.0,1.0
41,Huila,41676,Santa María,Leguminosas,Leguminosas,Arveja,Arveja,2023,2023A,Transitorio,"0,00","15,00","15,00","1,00",1060100,0.0,15.0,15.0,1.0
41,Huila,41676,Santa María,Cereales,Cereales,Maíz,Maíz amarillo tradicional,2022,2022A,Transitorio,"0,00","7,00","8,40","1,20",1010402,0.0,7.0,8.4,1.2
41,Huila,41676,Santa María,Cereales,Cereales,Maíz,Maíz amarillo tradicional,2024,2024B,Transitorio,"0,00","5,00","7,00","1,40",1010402,0.0,5.0,7.0,1.4
41,Huila,41676,Santa María,Cereales,Cereales,Maíz,Maíz blanco tradicional,2022,2022A,Transitorio,"0,00","2,00","2,60","1,30",1010404,0.0,2.0,2.6,1.3
41,Huila,41676,Santa María,Cereales,Cereales,Maíz,Maíz blanco tradicional,2024,2024B,Transitorio,"0,00","2,00","2,80","1,40",1010404,0.0,2.0,2.8,1.4
41,Huila,41801,Teruel,Hortalizas,Hortalizas de tallo,Cebolla de rama,Cebolla de rama,2023,2023B,Transitorio,"0,00","1,20","24,00","20,00",1051200,0.0,1.2,24.0,20.0
41,Huila,41807,Timaná,Raíces y tubérculos,Raíces y tubérculos,Arracacha,Arracacha,2022,2022B,Transitorio,"0,00","7,00","105,00","15,00",1080200,0.0,7.0,105.0,15.0
41,Huila,41807,Timaná,Raíces y tubérculos,Raíces y tubérculos,Arracacha,Arracacha,2023,2023B,Transitorio,"0,00","8,50","127,50","15,00",1080200,0.0,8.5,127.5,15.0
41,Huila,41807,Timaná,Raíces y tubérculos,Raíces y tubérculos,Yuca,Yuca consumo en fresco,2022,2022B,Transitorio,"0,00","30,00","300,00","10,00",1081001,0.0,30.0,300.0,10.0
41,Huila,41807,Timaná,Raíces y tubérculos,Raíces y tubérculos,Yuca,Yuca consumo en fresco,2023,2023B,Transitorio,"0,00","35,00","350,00","10,00",1081001,0.0,35.0,350.0,10.0
44,La Guajira,44001,Riohacha,Raíces y tubérculos,Raíces y tubérculos,"Malanga, achín, yota, papa china, bore","Malanga, achín, yota, papa china, bore",2022,2022A,Transitorio,"0,00","28,00","336,00","12,00",1080400,0.0,28.0,336.0,12.0
44,La Guajira,44001,Riohacha,Raíces y tubérculos,Raíces y tubérculos,"Malanga, achín, yota, papa china, bore","Malanga, achín, yota, papa china, bore",2023,2023A,Transitorio,"0,00","30,00","330,00","11,00",1080400,0.0,30.0,330.0,11.0
44,La Guajira,44001,Riohacha,Raíces y tubérculos,Raíces y tubérculos,"Malanga, achín, yota, papa china, bore","Malanga, achín, yota, papa china, bore",2024,2024A,Transitorio,"0,00","50,00","550,00","11,00",1080400,0.0,50.0,550.0,11.0
44,La Guajira,44001,Riohacha,Raíces y tubérculos,Raíces y tubérculos,"Malanga, achín, yota, papa china, bore","Malanga, achín, yota, papa china, bore",2025,2025A,Transitorio,"0,00","210,00","2.310,00","11,00",1080400,0.0,210.0,2310.0,11.0
44,La Guajira,44001,Riohacha,Raíces y tubérculos,Raíces y tubérculos,Ñame,Ñame demás variedades,2022,2022A,Transitorio,"0,00","77,00","770,00","10,00",1080699,0.0,77.0,770.0,10.0
44,La Guajira,44001,Riohacha,Raíces y tubérculos,Raíces y tubérculos,Ñame,Ñame demás variedades,2023,2023A,Transitorio,"0,00","60,00","570,00","9,50",1080699,0.0,60.0,570.0,9.5
44,La Guajira,44001,Riohacha,Raíces y tubérculos,Raíces y tubérculos,Ñame,Ñame demás variedades,2024,2024A,Transitorio,"0,00","100,00","950,00","9,50",1080699,0.0,100.0,950.0,9.5
44,La Guajira,44001,Riohacha,Raíces y tubérculos,Raíces y tubérculos,Ñame,Ñame demás variedades,2025,2025A,Transitorio,"0,00","245,00","2.327,50","9,50",1080699,0.0,245.0,2327.5,9.5
44,La Guajira,44035,Albania,Hortalizas,Hortalizas de fruto,Ahuyama,Ahuyama,2025,2025A,Transitorio,"0,00","30,00","150,00","5,00",1050200,0.0,30.0,150.0,5.0
44,La Guajira,44035,Albania,Cereales,Cereales,Maíz,Maíz amarillo tradicional,2022,2022A,Transitorio,"0,00","245,00","245,00","1,00",1010402,0.0,245.0,245.0,1.0
44,La Guajira,44035,Albania,Cereales,Cereales,Maíz,Maíz amarillo tradicional,2023,2023A,Transitorio,"0,00","350,00","350,00","1,00",1010402,0.0,350.0,350.0,1.0
44,La Guajira,44035,Albania,Cereales,Cereales,Maíz,Maíz amarillo tradicional,2024,2024A,Transitorio,"0,00","200,00","200,00","1,00",1010402,0.0,200.0,200.0,1.0
44,La Guajira,44035,Albania,Cereales,Cereales,Maíz,Maíz amarillo tradicional,2025,2025A,Transitorio,"0,00","125,00","125,00","1,00",1010402,0.0,125.0,125.0,1.0
44,La Guajira,44035,Albania,Cereales,Cereales,Maíz,Maíz blanco tradicional,2022,2022A,Transitorio,"0,00","218,00","218,00","1,00",1010404,0.0,218.0,218.0,1.0
44,La Guajira,44035,Albania,Cereales,Cereales,Maíz,Maíz blanco tradicional,2023,2023A,Transitorio,"0,00","280,00","280,00","1,00",1010404,0.0,280.0,280.0,1.0
44,La Guajira,44035,Albania,Cereales,Cereales,Maíz,Maíz blanco tradicional,2024,2024A,Transitorio,"0,00","200,00","200,00","1,00",1010404,0.0,200.0,200.0,1.0
44,La Guajira,44035,Albania,Cereales,Cereales,Maíz,Maíz blanco tradicional,2025,2025A,Transitorio,"0,00","95,00","95,00","1,00",1010404,0.0,95.0,95.0,1.0
44,La Guajira,44035,Albania,Raíces y tubérculos,Raíces y tubérculos,"Malanga, achín, yota, papa china, bore","Malanga, achín, yota, papa china, bore",2024,2024B,Transitorio,"0,00","24,00","144,00","6,00",1080400,0.0,24.0,144.0,6.0
44,La Guajira,44035,Albania,Cereales,Cereales,Sorgo,Sorgo,2023,2023A,Transitorio,"0,00","12,00","48,00","4,00",1010700,0.0,12.0,48.0,4.0
44,La Guajira,44078,Barrancas,Cultivos tropicales tradicionales,Cultivos tropicales tradicionales,Algodón,Algodón,2022,2022A,Transitorio,"0,00","40,00","48,00","1,20",1030100,0.0,40.0,48.0,1.2
44,La Guajira,44078,Barrancas,Cultivos tropicales tradicionales,Cultivos tropicales tradicionales,Algodón,Algodón,2023,2023A,Transitorio,"0,00","60,00","72,00","1,20",1030100,0.0,60.0,72.0,1.2
44,La Guajira,44098,Distracción,Cultivos tropicales tradicionales,Cultivos tropicales tradicionales,Algodón,Algodón,2023,2023A,Transitorio,"0,00","97,00","77,60","0,80",1030100,0.0,97.0,77.6,0.8
44,La Guajira,44098,Distracción,Cultivos tropicales tradicionales,Cultivos tropicales tradicionales,Algodón,Algodón,2024,2024A,Transitorio,"0,00","120,00","240,00","2,00",1030100,0.0,120.0,240.0,2.0
44,La Guajira,44098,Distracción,Cultivos tropicales tradicionales,Cultivos tropicales tradicionales,Algodón,Algodón,2025,2025A,Transitorio,"0,00","65,00","130,00","2,00",1030100,0.0,65.0,130.0,2.0
44,La Guajira,44110,El Molino,Hortalizas,Hortalizas de fruto,Ahuyama,Ahuyama,2025,2025A,Transitorio,"0,00","25,00","125,00","5,00",1050200,0.0,25.0,125.0,5.0
44,La Guajira,44110,El Molino,Oleaginosas,Oleaginosas,Ajonjolí,Ajonjolí,2025,2025A,Transitorio,"0,00","3,00","2,70","0,90",1070100,0.0,3.0,2.7,0.9
44,La Guajira,44110,El Molino,Cereales,Cereales,Maíz,Maíz amarillo tecnificado,2022,2022A,Transitorio,"0,00","14,80","44,40","3,00",1010401,0.0,14.8,44.4,3.0
44,La Guajira,44110,El Molino,Cereales,Cereales,Maíz,Maíz amarillo tecnificado,2025,2025A,Transitorio,"0,00","35,00","122,50","3,50",1010401,0.0,35.0,122.5,3.5
44,La Guajira,44110,El Molino,Cereales,Cereales,Maíz,Maíz blanco tecnificado,2022,2022B,Transitorio,"0,00","14,60","43,80","3,00",1010403,0.0,14.6,43.8,3.0
44,La Guajira,44279,Fonseca,Cultivos tropicales tradicionales,Cultivos tropicales tradicionales,Algodón,Algodón,2022,2022A,Transitorio,"0,00","600,00","900,00","1,50",1030100,0.0,600.0,900.0,1.5
44,La Guajira,44279,Fonseca,Cultivos tropicales tradicionales,Cultivos tropicales tradicionales,Algodón,Algodón,2024,2024A,Transitorio,"0,00","210,00","315,00","1,50",1030100,0.0,210.0,315.0,1.5
44,La Guajira,44279,Fonseca,Cultivos tropicales tradicionales,Cultivos tropicales tradicionales,Algodón,Algodón,2025,2025A,Transitorio,"0,00","70,00","175,00","2,50",1030100,0.0,70.0,175.0,2.5
44,La Guajira,44378,Hatonuevo,Raíces y tubérculos,Raíces y tubérculos,Yuca,Yuca consumo en fresco,2025,2025A,Transitorio,"0,00","30,00","360,00","12,00",1081001,0.0,30.0,360.0,12.0
44,La Guajira,44430,Maicao,Raíces y tubérculos,Raíces y tubérculos,Yuca,Yuca consumo en fresco,2022,2022B,Transitorio,"0,00","85,00","1.190,00","14,00",1081001,0.0,85.0,1190.0,14.0
44,La Guajira,44650,San Juan del Cesar,Cultivos tropicales tradicionales,Cultivos tropicales tradicionales,Algodón,Algodón,2022,2022A,Transitorio,"0,00","110,00","275,00","2,50",1030100,0.0,110.0,275.0,2.5
44,La Guajira,44650,San Juan del Cesar,Cultivos tropicales tradicionales,Cultivos tropicales tradicionales,Algodón,Algodón,2023,2023A,Transitorio,"0,00","260,00","650,00","2,50",1030100,0.0,260.0,650.0,2.5
44,La Guajira,44650,San Juan del Cesar,Cultivos tropicales tradicionales,Cultivos tropicales tradicionales,Algodón,Algodón,2024,2024A,Transitorio,"0,00","190,00","475,00","2,50",1030100,0.0,190.0,475.0,2.5
44,La Guajira,44650,San Juan del Cesar,Cultivos tropicales tradicionales,Cultivos tropicales tradicionales,Algodón,Algodón,2025,2025A,Transitorio,"0,00","113,00","282,50","2,50",1030100,0.0,113.0,282.5,2.5
44,La Guajira,44650,San Juan del Cesar,Raíces y tubérculos,Raíces y tubérculos,"Malanga, achín, yota, papa china, bore","Malanga, achín, yota, papa china, bore",2025,2025A,Transitorio,"0,00","89,00","934,50","10,50",1080400,0.0,89.0,934.5,10.5
44,La Guajira,44650,San Juan del Cesar,Raíces y tubérculos,Raíces y tubérculos,Ñame,Ñame demás variedades,2025,2025A,Transitorio,"0,00","128,00","1.536,00","12,00",1080699,0.0,128.0,1536.0,12.0
44,La Guajira,44855,Urumita,Raíces y tubérculos,Raíces y tubérculos,Yuca,Yuca consumo en fresco,2023,2023B,Transitorio,"0,00","15,00","165,00","11,00",1081001,0.0,15.0,165.0,11.0
44,La Guajira,44874,Villanueva,Raíces y tubérculos,Raíces y tubérculos,Arracacha,Arracacha,2022,2022A,Transitorio,"0,00","3,80","22,80","6,00",1080200,0.0,3.8,22.8,6.0
47,Magdalena,47030,Algarrobo,Raíces y tubérculos,Raíces y tubérculos,Yuca,Yuca consumo en fresco,2022,2022B,Transitorio,"0,00","250,00","1.000,00","4,00",1081001,0.0,250.0,1000.0,4.0
47,Magdalena,47170,Chivolo,Hortalizas,Hortalizas de fruto,Ahuyama,Ahuyama,2022,2022A,Transitorio,"0,00","4,00","40,00","10,00",1050200,0.0,4.0,40.0,10.0
47,Magdalena,47170,Chivolo,Hortalizas,Hortalizas de fruto,Ahuyama,Ahuyama,2023,2023A,Transitorio,"0,00","2,00","22,00","11,00",1050200,0.0,2.0,22.0,11.0
47,Magdalena,47170,Chivolo,Leguminosas,Leguminosas,Frijol,Frijol,2022,2022B,Transitorio,"0,00","2,00","1,20","0,60",1060200,0.0,2.0,1.2,0.6
47,Magdalena,47170,Chivolo,Raíces y tubérculos,Raíces y tubérculos,Ñame,Ñame demás variedades,2022,2022A,Transitorio,"0,00","10,00","70,00","7,00",1080699,0.0,10.0,70.0,7.0
47,Magdalena,47189,Ciénaga,Cereales,Cereales,Maíz,Maíz blanco tradicional,2022,2022B,Transitorio,"0,00","110,00","88,00","0,80",1010404,0.0,110.0,88.0,0.8
47,Magdalena,47189,Ciénaga,Hortalizas,Hortalizas de fruto,Tomate,Tomate,2022,2022B,Transitorio,"0,00","45,00","540,00","12,00",1052901,0.0,45.0,540.0,12.0
47,Magdalena,47205,Concordia,Hortalizas,Hortalizas de raíz,Batata,Batata,2022,2022B,Transitorio,"0,00","8,00","48,00","6,00",1050700,0.0,8.0,48.0,6.0
47,Magdalena,47205,Concordia,Hortalizas,Hortalizas de raíz,Batata,Batata,2023,2023B,Transitorio,"0,00","8,00","48,00","6,00",1050700,0.0,8.0,48.0,6.0
47,Magdalena,47205,Concordia,Hortalizas,Hortalizas de raíz,Batata,Batata,2024,2024B,Transitorio,"0,00","8,00","48,00","6,00",1050700,0.0,8.0,48.0,6.0
47,Magdalena,47205,Concordia,Leguminosas,Leguminosas,Frijol,Frijol,2023,2023B,Transitorio,"0,00","2,00","1,00","0,50",1060200,0.0,2.0,1.0,0.5
47,Magdalena,47245,El Banco,Hortalizas,Hortalizas de fruto,Ahuyama,Ahuyama,2022,2022B,Transitorio,"0,00","350,00","3.500,00","10,00",1050200,0.0,350.0,3500.0,10.0
47,Magdalena,47245,El Banco,Hortalizas,Hortalizas de fruto,Ají,Ají,2024,2024B,Transitorio,"0,00","4,00","14,00","3,50",1050300,0.0,4.0,14.0,3.5
47,Magdalena,47245,El Banco,Hortalizas,Hortalizas de fruto,Ají,Ají,2025,2025B,Transitorio,"0,00","4,00","14,00","3,50",1050300,0.0,4.0,14.0,3.5
47,Magdalena,47245,El Banco,Hortalizas,Hortalizas de raíz,Batata,Batata,2022,2022B,Transitorio,"0,00","1,00","2,00","2,00",1050700,0.0,1.0,2.0,2.0
47,Magdalena,47245,El Banco,Hortalizas,Hortalizas de raíz,Batata,Batata,2023,2023B,Transitorio,"0,00","1,00","2,00","2,00",1050700,0.0,1.0,2.0,2.0
47,Magdalena,47245,El Banco,Raíces y tubérculos,Raíces y tubérculos,Yuca,Yuca consumo en fresco,2022,2022B,Transitorio,"0,00","200,00","2.000,00","10,00",1081001,0.0,200.0,2000.0,10.0
47,Magdalena,47245,El Banco,Raíces y tubérculos,Raíces y tubérculos,Yuca,Yuca consumo en fresco,2023,2023B,Transitorio,"0,00","200,00","2.000,00","10,00",1081001,0.0,200.0,2000.0,10.0
47,Magdalena,47245,El Banco,Raíces y tubérculos,Raíces y tubérculos,Yuca,Yuca consumo en fresco,2024,2024B,Transitorio,"0,00","200,00","2.000,00","10,00",1081001,0.0,200.0,2000.0,10.0
47,Magdalena,47245,El Banco,Raíces y tubérculos,Raíces y tubérculos,Yuca,Yuca consumo en fresco,2025,2025B,Transitorio,"0,00","200,00","2.000,00","10,00",1081001,0.0,200.0,2000.0,10.0
47,Magdalena,47245,El Banco,Raíces y tubérculos,Raíces y tubérculos,Yuca,Yuca industrial,2022,2022B,Transitorio,"0,00","10,00","200,00","20,00",1081002,0.0,10.0,200.0,20.0
47,Magdalena,47258,El Piñón,Cereales,Cereales,Arroz,Arroz secano manual,2024,2024B,Transitorio,"0,00","85,00","255,00","3,00",1010102,0.0,85.0,255.0,3.0
47,Magdalena,47258,El Piñón,Cereales,Cereales,Arroz,Arroz secano manual,2025,2025B,Transitorio,"0,00","89,00","267,00","3,00",1010102,0.0,89.0,267.0,3.0
47,Magdalena,47288,Fundación,Hortalizas,Hortalizas de raíz,Batata,Batata,2022,2022B,Transitorio,"0,00","35,00","210,00","6,00",1050700,0.0,35.0,210.0,6.0
47,Magdalena,47288,Fundación,Hortalizas,Hortalizas de raíz,Batata,Batata,2023,2023B,Transitorio,"0,00","35,00","210,00","6,00",1050700,0.0,35.0,210.0,6.0
47,Magdalena,47288,Fundación,Hortalizas,Hortalizas de raíz,Batata,Batata,2024,2024B,Transitorio,"0,00","35,00","210,00","6,00",1050700,0.0,35.0,210.0,6.0
47,Magdalena,47288,Fundación,"Cultivos para condimentos, bebidas medicinales y aromáticas",Condimentos,Jengibre,Jengibre,2022,2022B,Transitorio,"0,00","1,00","10,50","10,50",1021400,0.0,1.0,10.5,10.5
47,Magdalena,47288,Fundación,"Cultivos para condimentos, bebidas medicinales y aromáticas",Condimentos,Jengibre,Jengibre,2023,2023B,Transitorio,"0,00","1,00","10,50","10,50",1021400,0.0,1.0,10.5,10.5
47,Magdalena,47288,Fundación,"Cultivos para condimentos, bebidas medicinales y aromáticas",Condimentos,Jengibre,Jengibre,2024,2024B,Transitorio,"0,00","1,00","10,50","10,50",1021400,0.0,1.0,10.5,10.5
47,Magdalena,47570,Puebloviejo,Hortalizas,Hortalizas de fruto,Ahuyama,Ahuyama,2024,2024B,Transitorio,"0,00","80,00","2.000,00","25,00",1050200,0.0,80.0,2000.0,25.0
47,Magdalena,47570,Puebloviejo,Hortalizas,Hortalizas de fruto,Ahuyama,Ahuyama,2025,2025B,Transitorio,"0,00","80,00","2.000,00","25,00",1050200,0.0,80.0,2000.0,25.0
47,Magdalena,47570,Puebloviejo,Hortalizas,Hortalizas de fruto,Ají,Ají,2024,2024B,Transitorio,"0,00","25,00","375,00","15,00",1050300,0.0,25.0,375.0,15.0
47,Magdalena,47570,Puebloviejo,Hortalizas,Hortalizas de fruto,Ají,Ají,2025,2025B,Transitorio,"0,00","25,00","375,00","15,00",1050300,0.0,25.0,375.0,15.0
47,Magdalena,47570,Puebloviejo,Leguminosas,Leguminosas,Frijol,Frijol,2025,2025A,Transitorio,"0,00","10,00","13,99","1,40",1060200,0.0,10.0,13.99,1.4
47,Magdalena,47570,Puebloviejo,Hortalizas,Hortalizas de fruto,Patilla,Patilla,2025,2025A,Transitorio,"0,00","20,00","500,00","25,00",1052200,0.0,20.0,500.0,25.0
47,Magdalena,47570,Puebloviejo,Raíces y tubérculos,Raíces y tubérculos,Yuca,Yuca consumo en fresco,2022,2022B,Transitorio,"0,00","12,30","87,33","7,10",1081001,0.0,12.3,87.33,7.1
47,Magdalena,47570,Puebloviejo,Raíces y tubérculos,Raíces y tubérculos,Yuca,Yuca consumo en fresco,2023,2023B,Transitorio,"0,00","12,30","87,33","7,10",1081001,0.0,12.3,87.33,7.1
47,Magdalena,47570,Puebloviejo,Raíces y tubérculos,Raíces y tubérculos,Yuca,Yuca consumo en fresco,2024,2024B,Transitorio,"0,00","22,00","440,00","20,00",1081001,0.0,22.0,440.0,20.0
47,Magdalena,47570,Puebloviejo,Raíces y tubérculos,Raíces y tubérculos,Yuca,Yuca consumo en fresco,2025,2025B,Transitorio,"0,00","25,00","500,00","20,00",1081001,0.0,25.0,500.0,20.0
47,Magdalena,47660,Sabanas de San Ángel,Hortalizas,Hortalizas de fruto,Ahuyama,Ahuyama,2022,2022B,Transitorio,"0,00","65,00","552,50","8,50",1050200,0.0,65.0,552.5,8.5
47,Magdalena,47675,Salamina,Cereales,Cereales,Maíz,Maíz amarillo tradicional,2022,2022A,Transitorio,"0,00","110,00","330,00","3,00",1010402,0.0,110.0,330.0,3.0
47,Magdalena,47675,Salamina,Cereales,Cereales,Maíz,Maíz blanco tradicional,2022,2022A,Transitorio,"0,00","100,00","300,00","3,00",1010404,0.0,100.0,300.0,3.0
47,Magdalena,47675,Salamina,Raíces y tubérculos,Raíces y tubérculos,Yuca,Yuca consumo en fresco,2022,2022A,Transitorio,"0,00","100,00","1.600,00","16,00",1081001,0.0,100.0,1600.0,16.0
47,Magdalena,47692,San Sebastián de Buenavista,Leguminosas,Leguminosas,Frijol,Frijol,2024,2024A,Transitorio,"0,00","17,00","13,60","0,80",1060200,0.0,17.0,13.6,0.8
47,Magdalena,47692,San Sebastián de Buenavista,Leguminosas,Leguminosas,Frijol,Frijol,2025,2025A,Transitorio,"0,00","20,00","16,00","0,80",1060200,0.0,20.0,16.0,0.8
47,Magdalena,47703,San Zenón,Oleaginosas,Oleaginosas,Ajonjolí,Ajonjolí,2023,2023B,Transitorio,"0,00","7,20","6,84","0,95",1070100,0.0,7.2,6.84,0.95
47,Magdalena,47703,San Zenón,Oleaginosas,Oleaginosas,Ajonjolí,Ajonjolí,2024,2024B,Transitorio,"0,00","7,00","6,65","0,95",1070100,0.0,7.0,6.65,0.95
47,Magdalena,47703,San Zenón,Oleaginosas,Oleaginosas,Ajonjolí,Ajonjolí,2025,2025B,Transitorio,"0,00","7,00","6,65","0,95",1070100,0.0,7.0,6.65,0.95
47,Magdalena,47720,Santa Bárbara de Pinto,Hortalizas,Hortalizas de fruto,Ají,Ají,2025,2025B,Transitorio,"0,00","7,00","22,40","3,20",1050300,0.0,7.0,22.4,3.2
47,Magdalena,47720,Santa Bárbara de Pinto,Hortalizas,Hortalizas de fruto,Patilla,Patilla,2025,2025B,Transitorio,"0,00","5,00","100,00","20,00",1052200,0.0,5.0,100.0,20.0
47,Magdalena,47720,Santa Bárbara de Pinto,Hortalizas,Hortalizas de fruto,Pimentón,Pimentón,2025,2025B,Transitorio,"0,00","0,60","1,50","2,50",1052500,0.0,0.6,1.5,2.5
47,Magdalena,47745,Sitionuevo,Hortalizas,Hortalizas de fruto,Ahuyama,Ahuyama,2025,2025A,Transitorio,"0,00","140,00","840,00","6,00",1050200,0.0,140.0,840.0,6.0
47,Magdalena,47745,Sitionuevo,Hortalizas,Hortalizas de fruto,Ají,Ají,2024,2024B,Transitorio,"0,00","250,00","2.000,00","8,00",1050300,0.0,250.0,2000.0,8.0
47,Magdalena,47745,Sitionuevo,Hortalizas,Hortalizas de fruto,Ají,Ají,2025,2025B,Transitorio,"0,00","21,00","378,00","18,00",1050300,0.0,21.0,378.0,18.0
47,Magdalena,47745,Sitionuevo,Cereales,Cereales,Maíz,Maíz amarillo tradicional,2023,2023B,Transitorio,"0,00","800,00","800,00","1,00",1010402,0.0,800.0,800.0,1.0
47,Magdalena,47745,Sitionuevo,Cereales,Cereales,Maíz,Maíz blanco tradicional,2023,2023B,Transitorio,"0,00","130,00","390,00","3,00",1010404,0.0,130.0,390.0,3.0
47,Magdalena,47745,Sitionuevo,Hortalizas,Hortalizas de fruto,Patilla,Patilla,2023,2023B,Transitorio,"0,00","30,00","150,00","5,00",1052200,0.0,30.0,150.0,5.0
47,Magdalena,47745,Sitionuevo,Hortalizas,Hortalizas de fruto,Tomate,Tomate,2023,2023A,Transitorio,"0,00","10,00","170,00","17,00",1052901,0.0,10.0,170.0,17.0
47,Magdalena,47745,Sitionuevo,Hortalizas,Hortalizas de fruto,Tomate,Tomate,2024,2024A,Transitorio,"0,00","10,00","170,00","17,00",1052901,0.0,10.0,170.0,17.0
47,Magdalena,47798,Tenerife,Raíces y tubérculos,Raíces y tubérculos,Ñame,Ñame demás variedades,2022,2022B,Transitorio,"0,00","1,20","12,00","10,00",1080699,0.0,1.2,12.0,10.0
47,Magdalena,47798,Tenerife,Raíces y tubérculos,Raíces y tubérculos,Ñame,Ñame demás variedades,2023,2023B,Transitorio,"0,00","1,20","10,80","9,00",1080699,0.0,1.2,10.8,9.0
47,Magdalena,47798,Tenerife,Raíces y tubérculos,Raíces y tubérculos,Ñame,Ñame demás variedades,2024,2024B,Transitorio,"0,00","2,00","18,00","9,00",1080699,0.0,2.0,18.0,9.0
47,Magdalena,47798,Tenerife,Raíces y tubérculos,Raíces y tubérculos,Ñame,Ñame demás variedades,2025,2025B,Transitorio,"0,00","2,00","18,00","9,00",1080699,0.0,2.0,18.0,9.0
47,Magdalena,47980,Zona Bananera,Hortalizas,Hortalizas de fruto,Patilla,Patilla,2025,2025A,Transitorio,"0,00","10,00","170,00","17,00",1052200,0.0,10.0,170.0,17.0
50,Meta,50001,Villavicencio,Cultivos tropicales tradicionales,Cultivos tropicales tradicionales,Algodón,Algodón,2024,2024A,Transitorio,"0,00","65,00","227,50","3,50",1030100,0.0,65.0,227.5,3.5
50,Meta,50001,Villavicencio,Cultivos tropicales tradicionales,Cultivos tropicales tradicionales,Algodón,Algodón,2025,2025A,Transitorio,"0,00","45,00","135,00","3,00",1030100,0.0,45.0,135.0,3.0
50,Meta,50001,Villavicencio,Oleaginosas,Oleaginosas,Soya,Soya,2024,2024A,Transitorio,"0,00","400,00","800,00","2,00",1070600,0.0,400.0,800.0,2.0
50,Meta,50006,Acacías,Cereales,Cereales,Arroz,Arroz secano mecanizado,2022,2022B,Transitorio,"0,00","411,00","1.849,50","4,50",1010103,0.0,411.0,1849.5,4.5
50,Meta,50006,Acacías,Cereales,Cereales,Arroz,Arroz secano mecanizado,2023,2023B,Transitorio,"0,00","482,00","2.169,00","4,50",1010103,0.0,482.0,2169.0,4.5
50,Meta,50006,Acacías,Cereales,Cereales,Arroz,Arroz secano mecanizado,2024,2024B,Transitorio,"0,00","787,00","3.541,50","4,50",1010103,0.0,787.0,3541.5,4.5
50,Meta,50006,Acacías,Cereales,Cereales,Arroz,Arroz secano mecanizado,2025,2025B,Transitorio,"0,00","702,00","3.159,00","4,50",1010103,0.0,702.0,3159.0,4.5
50,Meta,50006,Acacías,Cereales,Cereales,Maíz,Maíz amarillo tecnificado,2022,2022B,Transitorio,"0,00","64,00","89,49","1,40",1010401,0.0,64.0,89.49,1.4
50,Meta,50006,Acacías,Cereales,Cereales,Maíz,Maíz amarillo tecnificado,2023,2023B,Transitorio,"0,00","45,00","225,00","5,00",1010401,0.0,45.0,225.0,5.0
50,Meta,50006,Acacías,Cereales,Cereales,Maíz,Maíz amarillo tecnificado,2024,2024B,Transitorio,"0,00","40,00","55,93","1,40",1010401,0.0,40.0,55.93,1.4
50,Meta,50006,Acacías,Cereales,Cereales,Maíz,Maíz amarillo tecnificado,2025,2025B,Transitorio,"0,00","50,00","69,92","1,40",1010401,0.0,50.0,69.92,1.4
50,Meta,50110,Barranca de Upía,Cereales,Cereales,Maíz,Maíz amarillo tecnificado,2022,2022B,Transitorio,"0,00","366,00","1.464,00","4,00",1010401,0.0,366.0,1464.0,4.0
50,Meta,50110,Barranca de Upía,Cereales,Cereales,Maíz,Maíz amarillo tradicional,2023,2023B,Transitorio,"0,00","30,00","90,00","3,00",1010402,0.0,30.0,90.0,3.0
50,Meta,50124,Cabuyaro,Cereales,Cereales,Maíz,Maíz amarillo tecnificado,2022,2022B,Transitorio,"0,00","240,00","1.440,00","6,00",1010401,0.0,240.0,1440.0,6.0
50,Meta,50124,Cabuyaro,Oleaginosas,Oleaginosas,Soya,Soya,2023,2023A,Transitorio,"0,00","150,00","375,00","2,50",1070600,0.0,150.0,375.0,2.5
50,Meta,50124,Cabuyaro,Oleaginosas,Oleaginosas,Soya,Soya,2024,2024A,Transitorio,"0,00","350,00","875,00","2,50",1070600,0.0,350.0,875.0,2.5
50,Meta,50150,Castilla La Nueva,Cereales,Cereales,Arroz,Arroz secano mecanizado,2022,2022B,Transitorio,"0,00","50,00","200,00","4,00",1010103,0.0,50.0,200.0,4.0
50,Meta,50150,Castilla La Nueva,Cereales,Cereales,Arroz,Arroz secano mecanizado,2023,2023B,Transitorio,"0,00","25,00","100,00","4,00",1010103,0.0,25.0,100.0,4.0
50,Meta,50150,Castilla La Nueva,Cereales,Cereales,Maíz,Maíz blanco tecnificado,2022,2022B,Transitorio,"0,00","1,00","3,00","3,00",1010403,0.0,1.0,3.0,3.0
50,Meta,50150,Castilla La Nueva,Cereales,Cereales,Maíz,Maíz blanco tecnificado,2024,2024B,Transitorio,"0,00","1,00","3,00","3,00",1010403,0.0,1.0,3.0,3.0
50,Meta,50223,Cubarral,Hortalizas,Hortalizas de fruto,Ají,Ají,2024,2024B,Transitorio,"0,00","1,00","5,50","5,50",1050300,0.0,1.0,5.5,5.5
50,Meta,50223,Cubarral,Leguminosas,Leguminosas,Frijol,Frijol,2024,2024A,Transitorio,"0,00","5,00","5,00","1,00",1060200,0.0,5.0,5.0,1.0
50,Meta,50223,Cubarral,Hortalizas,Hortalizas de fruto,Tomate,Tomate,2024,2024B,Transitorio,"0,00","0,06","0,18","3,00",1052901,0.0,0.06,0.18,3.0
50,Meta,50223,Cubarral,Hortalizas,Hortalizas de fruto,Tomate,Tomate invernadero,2025,2025B,Transitorio,"0,00","0,06","7,92","132,00",1052902,0.0,0.06,7.92,132.0
50,Meta,50223,Cubarral,Raíces y tubérculos,Raíces y tubérculos,Yuca,Yuca consumo en fresco,2024,2024A,Transitorio,"0,00","10,00","150,00","15,00",1081001,0.0,10.0,150.0,15.0
50,Meta,50226,Cumaral,Cereales,Cereales,Arroz,Arroz secano mecanizado,2022,2022B,Transitorio,"0,00","2.269,00","15.883,00","7,00",1010103,0.0,2269.0,15883.0,7.0
50,Meta,50226,Cumaral,Cereales,Cereales,Arroz,Arroz secano mecanizado,2023,2023B,Transitorio,"0,00","2.743,00","19.201,00","7,00",1010103,0.0,2743.0,19201.0,7.0
50,Meta,50226,Cumaral,Cereales,Cereales,Arroz,Arroz secano mecanizado,2024,2024B,Transitorio,"0,00","3.214,00","22.498,00","7,00",1010103,0.0,3214.0,22498.0,7.0
50,Meta,50226,Cumaral,Cereales,Cereales,Arroz,Arroz secano mecanizado,2025,2025B,Transitorio,"0,00","975,00","8.121,75","8,33",1010103,0.0,975.0,8121.75,8.33
50,Meta,50226,Cumaral,Oleaginosas,Oleaginosas,Soya,Soya,2022,2022A,Transitorio,"0,00","940,00","1.880,00","2,00",1070600,0.0,940.0,1880.0,2.0
50,Meta,50226,Cumaral,Oleaginosas,Oleaginosas,Soya,Soya,2023,2023A,Transitorio,"0,00","900,00","1.800,00","2,00",1070600,0.0,900.0,1800.0,2.0
50,Meta,50226,Cumaral,Oleaginosas,Oleaginosas,Soya,Soya,2024,2024A,Transitorio,"0,00","1.097,00","2.194,00","2,00",1070600,0.0,1097.0,2194.0,2.0
50,Meta,50226,Cumaral,Oleaginosas,Oleaginosas,Soya,Soya,2025,2025A,Transitorio,"0,00","1.350,00","3.375,00","2,50",1070600,0.0,1350.0,3375.0,2.5
50,Meta,50245,El Calvario,Leguminosas,Leguminosas,Frijol,Frijol,2024,2024A,Transitorio,"0,00","208,00","353,60","1,70",1060200,0.0,208.0,353.6,1.7
50,Meta,50245,El Calvario,Leguminosas,Leguminosas,Frijol,Frijol,2025,2025A,Transitorio,"0,00","120,00","180,00","1,50",1060200,0.0,120.0,180.0,1.5
50,Meta,50251,El Castillo,Cereales,Cereales,Maíz,Maíz blanco tecnificado,2025,2025A,Transitorio,"0,00","100,00","500,00","5,00",1010403,0.0,100.0,500.0,5.0
50,Meta,50270,El Dorado,Leguminosas,Leguminosas,Frijol,Frijol,2022,2022B,Transitorio,"0,00","2,00","2,60","1,30",1060200,0.0,2.0,2.6,1.3
50,Meta,50270,El Dorado,Leguminosas,Leguminosas,Frijol,Frijol,2023,2023B,Transitorio,"0,00","1,00","1,30","1,30",1060200,0.0,1.0,1.3,1.3
50,Meta,50270,El Dorado,Cereales,Cereales,Maíz,Maíz blanco tecnificado,2022,2022B,Transitorio,"0,00","2,00","6,00","3,00",1010403,0.0,2.0,6.0,3.0
50,Meta,50287,Fuente de Oro,Raíces y tubérculos,Raíces y tubérculos,Yuca,Yuca consumo en fresco,2022,2022B,Transitorio,"0,00","1.700,00","25.500,00","15,00",1081001,0.0,1700.0,25500.0,15.0
50,Meta,50287,Fuente de Oro,Raíces y tubérculos,Raíces y tubérculos,Yuca,Yuca consumo en fresco,2023,2023B,Transitorio,"0,00","1.600,00","24.000,00","15,00",1081001,0.0,1600.0,24000.0,15.0
50,Meta,50313,Granada,Cultivos tropicales tradicionales,Cultivos tropicales tradicionales,Algodón,Algodón,2024,2024A,Transitorio,"0,00","26,00","78,00","3,00",1030100,0.0,26.0,78.0,3.0
50,Meta,50313,Granada,Cereales,Cereales,Arroz,Arroz riego,2023,2023A,Transitorio,"0,00","100,00","600,00","6,00",1010101,0.0,100.0,600.0,6.0
50,Meta,50313,Granada,Cereales,Cereales,Arroz,Arroz riego,2024,2024A,Transitorio,"0,00","40,00","240,00","6,00",1010101,0.0,40.0,240.0,6.0
50,Meta,50313,Granada,Cereales,Cereales,Maíz,Maíz blanco tradicional,2023,2023A,Transitorio,"0,00","5,00","11,00","2,20",1010404,0.0,5.0,11.0,2.2
50,Meta,50313,Granada,Cereales,Cereales,Maíz,Maíz blanco tradicional,2024,2024A,Transitorio,"0,00","5,00","15,00","3,00",1010404,0.0,5.0,15.0,3.0
50,Meta,50313,Granada,Cereales,Cereales,Maíz,Maíz blanco tradicional,2025,2025A,Transitorio,"0,00","1,00","2,00","2,00",1010404,0.0,1.0,2.0,2.0
50,Meta,50313,Granada,Hortalizas,Hortalizas,Otras hortalizas,Otras hortalizas,2024,2024A,Transitorio,"0,00","0,75","0,75","1,00",1059900,0.0,0.75,0.75,1.0
50,Meta,50313,Granada,Oleaginosas,Oleaginosas,Soya,Soya,2022,2022A,Transitorio,"0,00","85,00","170,00","2,00",1070600,0.0,85.0,170.0,2.0
50,Meta,50313,Granada,Oleaginosas,Oleaginosas,Soya,Soya,2023,2023A,Transitorio,"0,00","800,00","1.600,00","2,00",1070600,0.0,800.0,1600.0,2.0
50,Meta,50313,Granada,Oleaginosas,Oleaginosas,Soya,Soya,2024,2024A,Transitorio,"0,00","400,00","1.000,00","2,50",1070600,0.0,400.0,1000.0,2.5
50,Meta,50313,Granada,Oleaginosas,Oleaginosas,Soya,Soya,2025,2025A,Transitorio,"0,00","222,00","555,00","2,50",1070600,0.0,222.0,555.0,2.5
50,Meta,50318,Guamal,Cereales,Cereales,Maíz,Maíz amarillo tradicional,2023,2023B,Transitorio,"0,00","3,00","2,94","0,98",1010402,0.0,3.0,2.94,0.98
50,Meta,50318,Guamal,Cereales,Cereales,Maíz,Maíz amarillo tradicional,2024,2024B,Transitorio,"0,00","2,00","2,00","1,00",1010402,0.0,2.0,2.0,1.0
50,Meta,50318,Guamal,Raíces y tubérculos,Raíces y tubérculos,Yuca,Yuca consumo en fresco,2023,2023A,Transitorio,"0,00","3,00","15,00","5,00",1081001,0.0,3.0,15.0,5.0
50,Meta,50318,Guamal,Raíces y tubérculos,Raíces y tubérculos,Yuca,Yuca consumo en fresco,2023,2023B,Transitorio,"0,00","10,00","80,00","8,00",1081001,0.0,10.0,80.0,8.0
50,Meta,50325,Mapiripán,Cereales,Cereales,Arroz,Arroz secano mecanizado,2022,2022B,Transitorio,"0,00","160,00","560,00","3,50",1010103,0.0,160.0,560.0,3.5
50,Meta,50325,Mapiripán,Cereales,Cereales,Arroz,Arroz secano mecanizado,2024,2024B,Transitorio,"0,00","50,00","190,00","3,80",1010103,0.0,50.0,190.0,3.8
50,Meta,50325,Mapiripán,Cereales,Cereales,Arroz,Arroz secano mecanizado,2025,2025B,Transitorio,"0,00","50,00","238,00","4,76",1010103,0.0,50.0,238.0,4.76
50,Meta,50330,Mesetas,Raíces y tubérculos,Raíces y tubérculos,Yuca,Yuca consumo en fresco,2023,2023A,Transitorio,"0,00","25,00","450,00","18,00",1081001,0.0,25.0,450.0,18.0
50,Meta,50350,La Macarena,Cereales,Cereales,Maíz,Maíz blanco tradicional,2022,2022A,Transitorio,"0,00","30,00","60,00","2,00",1010404,0.0,30.0,60.0,2.0
50,Meta,50350,La Macarena,Cereales,Cereales,Maíz,Maíz blanco tradicional,2023,2023A,Transitorio,"0,00","30,00","60,00","2,00",1010404,0.0,30.0,60.0,2.0
50,Meta,50350,La Macarena,Cereales,Cereales,Maíz,Maíz blanco tradicional,2024,2024A,Transitorio,"0,00","31,00","62,00","2,00",1010404,0.0,31.0,62.0,2.0
50,Meta,50400,Lejanías,Cereales,Cereales,Arroz,Arroz secano mecanizado,2022,2022B,Transitorio,"0,00","46,00","312,80","6,80",1010103,0.0,46.0,312.8,6.8
50,Meta,50400,Lejanías,Cereales,Cereales,Arroz,Arroz secano mecanizado,2024,2024B,Transitorio,"0,00","35,00","227,50","6,50",1010103,0.0,35.0,227.5,6.5
50,Meta,50400,Lejanías,Cereales,Cereales,Arroz,Arroz secano mecanizado,2025,2025B,Transitorio,"0,00","141,00","916,50","6,50",1010103,0.0,141.0,916.5,6.5
50,Meta,50450,Puerto Concordia,Oleaginosas,Oleaginosas,Soya,Soya,2023,2023A,Transitorio,"0,00","100,00","80,00","0,80",1070600,0.0,100.0,80.0,0.8
50,Meta,50568,Puerto Gaitán,Raíces y tubérculos,Raíces y tubérculos,Yuca,Yuca consumo en fresco,2023,2023A,Transitorio,"0,00","40,00","800,00","20,00",1081001,0.0,40.0,800.0,20.0
50,Meta,50568,Puerto Gaitán,Raíces y tubérculos,Raíces y tubérculos,Yuca,Yuca consumo en fresco,2024,2024A,Transitorio,"0,00","50,00","1.000,00","20,00",1081001,0.0,50.0,1000.0,20.0
50,Meta,50573,Puerto López,Cereales,Cereales,Maíz,Maíz blanco tecnificado,2022,2022A,Transitorio,"0,00","681,00","4.086,00","6,00",1010403,0.0,681.0,4086.0,6.0
50,Meta,50573,Puerto López,Cereales,Cereales,Maíz,Maíz blanco tradicional,2022,2022A,Transitorio,"0,00","6,00","24,00","4,00",1010404,0.0,6.0,24.0,4.0
50,Meta,50573,Puerto López,Cereales,Cereales,Maíz,Maíz blanco tradicional,2023,2023A,Transitorio,"0,00","5,00","20,00","4,00",1010404,0.0,5.0,20.0,4.0
50,Meta,50573,Puerto López,Cereales,Cereales,Maíz,Maíz blanco tradicional,2024,2024A,Transitorio,"0,00","5,00","15,00","3,00",1010404,0.0,5.0,15.0,3.0
50,Meta,50573,Puerto López,Cereales,Cereales,Maíz,Maíz blanco tradicional,2025,2025A,Transitorio,"0,00","5,00","15,00","3,00",1010404,0.0,5.0,15.0,3.0
50,Meta,50577,Puerto Lleras,Cereales,Cereales,Arroz,Arroz secano mecanizado,2022,2022B,Transitorio,"0,00","2.858,00","15.719,00","5,50",1010103,0.0,2858.0,15719.0,5.5
50,Meta,50590,Puerto Rico,Cereales,Cereales,Arroz,Arroz secano mecanizado,2022,2022B,Transitorio,"0,00","1.051,00","6.831,50","6,50",1010103,0.0,1051.0,6831.5,6.5
50,Meta,50590,Puerto Rico,Cereales,Cereales,Maíz,Maíz amarillo tecnificado,2022,2022B,Transitorio,"0,00","45,00","279,00","6,20",1010401,0.0,45.0,279.0,6.2
50,Meta,50590,Puerto Rico,Cereales,Cereales,Maíz,Maíz amarillo tecnificado,2025,2025B,Transitorio,"0,00","462,00","3.696,00","8,00",1010401,0.0,462.0,3696.0,8.0
50,Meta,50590,Puerto Rico,Cereales,Cereales,Maíz,Maíz amarillo tradicional,2025,2025B,Transitorio,"0,00","19,00","95,00","5,00",1010402,0.0,19.0,95.0,5.0
50,Meta,50590,Puerto Rico,Cereales,Cereales,Maíz,Maíz blanco tecnificado,2022,2022B,Transitorio,"0,00","3,00","13,50","4,50",1010403,0.0,3.0,13.5,4.5
50,Meta,50606,Restrepo,Cereales,Cereales,Arroz,Arroz secano mecanizado,2025,2025B,Transitorio,"0,00","678,00","3.729,00","5,50",1010103,0.0,678.0,3729.0,5.5
50,Meta,50680,San Carlos de Guaroa,Oleaginosas,Oleaginosas,Soya,Soya,2022,2022A,Transitorio,"0,00","77,00","130,90","1,70",1070600,0.0,77.0,130.9,1.7
50,Meta,50680,San Carlos de Guaroa,Oleaginosas,Oleaginosas,Soya,Soya,2023,2023A,Transitorio,"0,00","60,00","102,00","1,70",1070600,0.0,60.0,102.0,1.7
50,Meta,50680,San Carlos de Guaroa,Oleaginosas,Oleaginosas,Soya,Soya,2025,2025A,Transitorio,"0,00","70,00","119,00","1,70",1070600,0.0,70.0,119.0,1.7
50,Meta,50683,San Juan de Arama,Cereales,Cereales,Arroz,Arroz riego,2022,2022B,Transitorio,"0,00","520,00","2.808,00","5,40",1010101,0.0,520.0,2808.0,5.4
50,Meta,50683,San Juan de Arama,Cereales,Cereales,Maíz,Maíz amarillo tradicional,2022,2022A,Transitorio,"0,00","30,00","114,00","3,80",1010402,0.0,30.0,114.0,3.8
50,Meta,50686,San Juanito,Raíces y tubérculos,Raíces y tubérculos,Achira,Achira,2022,2022B,Transitorio,"0,00","13,00","17,55","1,35",1080100,0.0,13.0,17.55,1.35
50,Meta,50686,San Juanito,Raíces y tubérculos,Raíces y tubérculos,Achira,Achira,2023,2023B,Transitorio,"0,00","13,00","17,55","1,35",1080100,0.0,13.0,17.55,1.35
50,Meta,50689,San Martín,Cereales,Cereales,Arroz,Arroz secano mecanizado,2022,2022B,Transitorio,"0,00","29,00","159,50","5,50",1010103,0.0,29.0,159.5,5.5
50,Meta,50689,San Martín,Cereales,Cereales,Arroz,Arroz secano mecanizado,2023,2023B,Transitorio,"0,00","25,00","137,50","5,50",1010103,0.0,25.0,137.5,5.5
50,Meta,50689,San Martín,Cereales,Cereales,Arroz,Arroz secano mecanizado,2024,2024B,Transitorio,"0,00","27,00","148,50","5,50",1010103,0.0,27.0,148.5,5.5
50,Meta,50689,San Martín,Cereales,Cereales,Arroz,Arroz secano mecanizado,2025,2025B,Transitorio,"0,00","49,00","269,50","5,50",1010103,0.0,49.0,269.5,5.5
50,Meta,50711,Vistahermosa,Leguminosas,Leguminosas,Frijol,Frijol,2023,2023B,Transitorio,"0,00","13,00","13,00","1,00",1060200,0.0,13.0,13.0,1.0
50,Meta,50711,Vistahermosa,Leguminosas,Leguminosas,Maní,Maní,2023,2023B,Transitorio,"0,00","2,00","1,80","0,90",1060700,0.0,2.0,1.8,0.9
52,Nariño,52019,Albán,Raíces y tubérculos,Raíces y tubérculos,Achira,Achira,2022,2022B,Transitorio,"0,00","10,00","80,00","8,00",1080100,0.0,10.0,80.0,8.0
52,Nariño,52019,Albán,Raíces y tubérculos,Raíces y tubérculos,Achira,Achira,2023,2023B,Transitorio,"0,00","8,00","64,00","8,00",1080100,0.0,8.0,64.0,8.0
52,Nariño,52019,Albán,Raíces y tubérculos,Raíces y tubérculos,Achira,Achira,2024,2024B,Transitorio,"0,00","1,00","6,00","6,00",1080100,0.0,1.0,6.0,6.0
52,Nariño,52019,Albán,Raíces y tubérculos,Raíces y tubérculos,Arracacha,Arracacha,2025,2025A,Transitorio,"0,00","2,00","16,00","8,00",1080200,0.0,2.0,16.0,8.0
52,Nariño,52019,Albán,Raíces y tubérculos,Raíces y tubérculos,Yuca,Yuca consumo en fresco,2022,2022A,Transitorio,"0,00","74,00","1.036,00","14,00",1081001,0.0,74.0,1036.0,14.0
52,Nariño,52019,Albán,Raíces y tubérculos,Raíces y tubérculos,Yuca,Yuca consumo en fresco,2023,2023A,Transitorio,"0,00","40,00","280,00","7,00",1081001,0.0,40.0,280.0,7.0
52,Nariño,52036,Ancuya,Raíces y tubérculos,Raíces y tubérculos,Arracacha,Arracacha,2022,2022B,Transitorio,"0,00","30,00","390,00","13,00",1080200,0.0,30.0,390.0,13.0
52,Nariño,52036,Ancuya,Raíces y tubérculos,Raíces y tubérculos,Arracacha,Arracacha,2023,2023B,Transitorio,"0,00","30,00","360,00","12,00",1080200,0.0,30.0,360.0,12.0
52,Nariño,52036,Ancuya,Raíces y tubérculos,Raíces y tubérculos,Arracacha,Arracacha,2024,2024B,Transitorio,"0,00","30,00","300,00","10,00",1080200,0.0,30.0,300.0,10.0
52,Nariño,52036,Ancuya,Raíces y tubérculos,Raíces y tubérculos,Arracacha,Arracacha,2025,2025B,Transitorio,"0,00","30,00","300,00","10,00",1080200,0.0,30.0,300.0,10.0
52,Nariño,52036,Ancuya,Cereales,Cereales,Maíz,Maíz blanco tecnificado,2023,2023A,Transitorio,"0,00","3,00","4,50","1,50",1010403,0.0,3.0,4.5,1.5
52,Nariño,52036,Ancuya,Raíces y tubérculos,Raíces y tubérculos,Yuca,Yuca consumo en fresco,2022,2022B,Transitorio,"0,00","6,00","108,00","18,00",1081001,0.0,6.0,108.0,18.0
52,Nariño,52036,Ancuya,Raíces y tubérculos,Raíces y tubérculos,Yuca,Yuca consumo en fresco,2023,2023B,Transitorio,"0,00","6,00","90,00","15,00",1081001,0.0,6.0,90.0,15.0
52,Nariño,52079,Barbacoas,Cereales,Cereales,Maíz,Maíz amarillo tradicional,2024,2024B,Transitorio,"0,00","9,00","8,55","0,95",1010402,0.0,9.0,8.55,0.95
52,Nariño,52083,Belén,Raíces y tubérculos,Raíces y tubérculos,Arracacha,Arracacha,2024,2024B,Transitorio,"0,00","1,70","13,60","8,00",1080200,0.0,1.7,13.6,8.0
52,Nariño,52083,Belén,Raíces y tubérculos,Raíces y tubérculos,Arracacha,Arracacha,2025,2025B,Transitorio,"0,00","1,70","15,30","9,00",1080200,0.0,1.7,15.3,9.0
52,Nariño,52083,Belén,Hortalizas,Hortalizas de raíz,Batata,Batata,2023,2023A,Transitorio,"0,00","1,00","10,00","10,00",1050700,0.0,1.0,10.0,10.0
52,Nariño,52083,Belén,Cereales,Cereales,Trigo,Trigo,2022,2022B,Transitorio,"0,00","1,50","1,50","1,00",1010800,0.0,1.5,1.5,1.0
52,Nariño,52083,Belén,Cereales,Cereales,Trigo,Trigo,2024,2024B,Transitorio,"0,00","1,50","1,80","1,20",1010800,0.0,1.5,1.8,1.2
52,Nariño,52083,Belén,Cereales,Cereales,Trigo,Trigo,2025,2025B,Transitorio,"0,00","0,50","0,65","1,30",1010800,0.0,0.5,0.65,1.3
52,Nariño,52083,Belén,Raíces y tubérculos,Raíces y tubérculos,Ulluco,Ulluco,2025,2025A,Transitorio,"0,00","1,00","7,00","7,00",1080900,0.0,1.0,7.0,7.0
52,Nariño,52110,Buesaco,Hortalizas,Hortalizas de raíz,Cebolla de bulbo,Cebolla de bulbo,2024,2024A,Transitorio,"0,00","5,00","60,00","12,00",1051100,0.0,5.0,60.0,12.0
52,Nariño,52110,Buesaco,Hortalizas,Hortalizas de raíz,Cebolla de bulbo,Cebolla de bulbo,2025,2025A,Transitorio,"0,00","3,00","36,00","12,00",1051100,0.0,3.0,36.0,12.0
52,Nariño,52203,Colón,Raíces y tubérculos,Raíces y tubérculos,Yuca,Yuca consumo en fresco,2022,2022B,Transitorio,"0,00","23,00","184,00","8,00",1081001,0.0,23.0,184.0,8.0
52,Nariño,52207,Consacá,Cereales,Cereales,Maíz,Maíz amarillo tradicional,2022,2022B,Transitorio,"0,00","60,00","120,00","2,00",1010402,0.0,60.0,120.0,2.0
52,Nariño,52207,Consacá,Cereales,Cereales,Maíz,Maíz blanco tradicional,2022,2022B,Transitorio,"0,00","25,00","50,00","2,00",1010404,0.0,25.0,50.0,2.0
52,Nariño,52207,Consacá,Raíces y tubérculos,Raíces y tubérculos,Yuca,Yuca consumo en fresco,2024,2024B,Transitorio,"0,00","7,00","98,00","14,00",1081001,0.0,7.0,98.0,14.0
52,Nariño,52207,Consacá,Raíces y tubérculos,Raíces y tubérculos,Yuca,Yuca consumo en fresco,2025,2025B,Transitorio,"0,00","6,00","90,00","15,00",1081001,0.0,6.0,90.0,15.0
52,Nariño,52224,Cuaspud Carlosama,Hortalizas,Hortalizas de raíz,Ajo,Ajo,2025,2025A,Transitorio,"0,00","4,00","16,00","4,00",1050400,0.0,4.0,16.0,4.0
52,Nariño,52227,Cumbal,Cereales,Cereales,Maíz,Maíz amarillo tradicional,2022,2022A,Transitorio,"0,00","9,00","12,58","1,40",1010402,0.0,9.0,12.58,1.4
52,Nariño,52227,Cumbal,Cereales,Cereales,Maíz,Maíz amarillo tradicional,2023,2023A,Transitorio,"0,00","12,00","18,00","1,50",1010402,0.0,12.0,18.0,1.5
52,Nariño,52227,Cumbal,Cereales,Cereales,Maíz,Maíz amarillo tradicional,2024,2024A,Transitorio,"0,00","12,00","19,20","1,60",1010402,0.0,12.0,19.2,1.6
52,Nariño,52227,Cumbal,Cereales,Cereales,Maíz,Maíz amarillo tradicional,2025,2025A,Transitorio,"0,00","12,50","20,00","1,60",1010402,0.0,12.5,20.0,1.6
52,Nariño,52227,Cumbal,Cereales,Cereales,Quinua,Quinua,2022,2022B,Transitorio,"0,00","0,50","0,70","1,40",1010600,0.0,0.5,0.7,1.4
52,Nariño,52227,Cumbal,Cereales,Cereales,Quinua,Quinua,2023,2023B,Transitorio,"0,00","0,50","0,75","1,50",1010600,0.0,0.5,0.75,1.5
52,Nariño,52227,Cumbal,Cereales,Cereales,Quinua,Quinua,2024,2024B,Transitorio,"0,00","0,30","0,45","1,50",1010600,0.0,0.3,0.45,1.5
52,Nariño,52227,Cumbal,Cereales,Cereales,Quinua,Quinua,2025,2025B,Transitorio,"0,00","0,30","0,45","1,50",1010600,0.0,0.3,0.45,1.5
52,Nariño,52250,El Charco,Raíces y tubérculos,Raíces y tubérculos,"Malanga, achín, yota, papa china, bore","Malanga, achín, yota, papa china, bore",2024,2024B,Transitorio,"0,00","4,00","40,00","10,00",1080400,0.0,4.0,40.0,10.0
52,Nariño,52250,El Charco,Raíces y tubérculos,Raíces y tubérculos,"Malanga, achín, yota, papa china, bore","Malanga, achín, yota, papa china, bore",2025,2025B,Transitorio,"0,00","4,00","40,00","10,00",1080400,0.0,4.0,40.0,10.0
52,Nariño,52250,El Charco,Raíces y tubérculos,Raíces y tubérculos,Ñame,Ñame demás variedades,2022,2022B,Transitorio,"0,00","3,00","60,00","20,00",1080699,0.0,3.0,60.0,20.0
52,Nariño,52250,El Charco,Raíces y tubérculos,Raíces y tubérculos,Ñame,Ñame demás variedades,2023,2023B,Transitorio,"0,00","3,50","63,00","18,00",1080699,0.0,3.5,63.0,18.0
52,Nariño,52250,El Charco,Raíces y tubérculos,Raíces y tubérculos,Ñame,Ñame demás variedades,2024,2024B,Transitorio,"0,00","1,00","18,00","18,00",1080699,0.0,1.0,18.0,18.0
52,Nariño,52250,El Charco,Raíces y tubérculos,Raíces y tubérculos,Yuca,Yuca consumo en fresco,2022,2022B,Transitorio,"0,00","13,00","221,00","17,00",1081001,0.0,13.0,221.0,17.0
52,Nariño,52250,El Charco,Raíces y tubérculos,Raíces y tubérculos,Yuca,Yuca consumo en fresco,2024,2024B,Transitorio,"0,00","14,00","210,00","15,00",1081001,0.0,14.0,210.0,15.0
52,Nariño,52254,El Peñol,Raíces y tubérculos,Raíces y tubérculos,Achira,Achira,2024,2024B,Transitorio,"0,00","0,30","1,20","4,00",1080100,0.0,0.3,1.2,4.0
52,Nariño,52254,El Peñol,Raíces y tubérculos,Raíces y tubérculos,Yuca,Yuca consumo en fresco,2024,2024A,Transitorio,"0,00","5,00","80,00","16,00",1081001,0.0,5.0,80.0,16.0
52,Nariño,52258,El Tablón de Gómez,Raíces y tubérculos,Raíces y tubérculos,Arracacha,Arracacha,2025,2025B,Transitorio,"0,00","3,00","15,00","5,00",1080200,0.0,3.0,15.0,5.0
52,Nariño,52258,El Tablón de Gómez,Leguminosas,Leguminosas,Arveja,Arveja,2022,2022B,Transitorio,"0,00","23,00","23,11","1,00",1060100,0.0,23.0,23.11,1.0
52,Nariño,52258,El Tablón de Gómez,Leguminosas,Leguminosas,Frijol,Frijol,2022,2022B,Transitorio,"0,00","14,00","15,66","1,12",1060200,0.0,14.0,15.66,1.12
52,Nariño,52258,El Tablón de Gómez,Leguminosas,Leguminosas,Frijol,Frijol,2023,2023B,Transitorio,"0,00","15,00","15,73","1,05",1060200,0.0,15.0,15.73,1.05
52,Nariño,52258,El Tablón de Gómez,Leguminosas,Leguminosas,Frijol,Frijol,2024,2024B,Transitorio,"0,00","12,00","12,59","1,05",1060200,0.0,12.0,12.59,1.05
52,Nariño,52258,El Tablón de Gómez,Leguminosas,Leguminosas,Haba,Haba,2022,2022B,Transitorio,"0,00","1,50","2,32","1,55",1060500,0.0,1.5,2.32,1.55
52,Nariño,52258,El Tablón de Gómez,Leguminosas,Leguminosas,Haba,Haba,2024,2024B,Transitorio,"0,00","1,50","5,25","3,50",1060500,0.0,1.5,5.25,3.5
52,Nariño,52258,El Tablón de Gómez,Leguminosas,Leguminosas,Haba,Haba,2025,2025B,Transitorio,"0,00","1,50","2,32","1,55",1060500,0.0,1.5,2.32,1.55
52,Nariño,52258,El Tablón de Gómez,Cereales,Cereales,Maíz,Maíz amarillo tradicional,2025,2025B,Transitorio,"0,00","17,00","19,02","1,12",1010402,0.0,17.0,19.02,1.12
52,Nariño,52258,El Tablón de Gómez,Cereales,Cereales,Maíz,Maíz blanco tradicional,2024,2024B,Transitorio,"0,00","2,00","2,24","1,12",1010404,0.0,2.0,2.24,1.12
52,Nariño,52258,El Tablón de Gómez,Raíces y tubérculos,Raíces y tubérculos,Ulluco,Ulluco,2024,2024B,Transitorio,"0,00","3,00","18,00","6,00",1080900,0.0,3.0,18.0,6.0
52,Nariño,52258,El Tablón de Gómez,Raíces y tubérculos,Raíces y tubérculos,Ulluco,Ulluco,2025,2025B,Transitorio,"0,00","2,50","15,00","6,00",1080900,0.0,2.5,15.0,6.0
52,Nariño,52260,El Tambo,Raíces y tubérculos,Raíces y tubérculos,Achira,Achira,2024,2024B,Transitorio,"0,00","1,00","0,50","0,50",1080100,0.0,1.0,0.5,0.5
52,Nariño,52260,El Tambo,Raíces y tubérculos,Raíces y tubérculos,Papa,Papa todas las variedades,2025,2025A,Transitorio,"0,00","5,00","100,00","20,00",1080701,0.0,5.0,100.0,20.0
52,Nariño,52287,Funes,Hortalizas,Hortalizas de raíz,Ajo,Ajo,2022,2022B,Transitorio,"0,00","1,00","10,00","10,00",1050400,0.0,1.0,10.0,10.0
52,Nariño,52287,Funes,Cereales,Cereales,Cebada,Cebada,2025,2025B,Transitorio,"0,00","1,00","0,90","0,90",1010300,0.0,1.0,0.9,0.9
52,Nariño,52320,Guaitarilla,Cereales,Cereales,Cebada,Cebada,2022,2022B,Transitorio,"0,00","30,00","75,00","2,50",1010300,0.0,30.0,75.0,2.5
52,Nariño,52320,Guaitarilla,Cereales,Cereales,Cebada,Cebada,2023,2023B,Transitorio,"0,00","25,00","57,50","2,30",1010300,0.0,25.0,57.5,2.3
52,Nariño,52320,Guaitarilla,Cereales,Cereales,Cebada,Cebada,2024,2024B,Transitorio,"0,00","30,00","69,00","2,30",1010300,0.0,30.0,69.0,2.3
52,Nariño,52320,Guaitarilla,Cereales,Cereales,Cebada,Cebada,2025,2025B,Transitorio,"0,00","44,00","101,20","2,30",1010300,0.0,44.0,101.2,2.3
52,Nariño,52320,Guaitarilla,Hortalizas,Hortalizas de hoja,Cilantro,Cilantro,2023,2023B,Transitorio,"0,00","2,00","8,00","4,00",1051300,0.0,2.0,8.0,4.0
52,Nariño,52320,Guaitarilla,Leguminosas,Leguminosas,Haba,Haba,2022,2022B,Transitorio,"0,00","2,00","8,00","4,00",1060500,0.0,2.0,8.0,4.0
52,Nariño,52320,Guaitarilla,Cereales,Cereales,Maíz,Maíz amarillo tecnificado,2022,2022A,Transitorio,"0,00","50,00","125,00","2,50",1010401,0.0,50.0,125.0,2.5
52,Nariño,52320,Guaitarilla,Cereales,Cereales,Maíz,Maíz amarillo tradicional,2022,2022A,Transitorio,"0,00","420,00","420,00","1,00",1010402,0.0,420.0,420.0,1.0
52,Nariño,52320,Guaitarilla,Cereales,Cereales,Maíz,Maíz amarillo tradicional,2023,2023A,Transitorio,"0,00","450,00","450,00","1,00",1010402,0.0,450.0,450.0,1.0
52,Nariño,52320,Guaitarilla,Cereales,Cereales,Maíz,Maíz amarillo tradicional,2024,2024A,Transitorio,"0,00","400,00","480,00","1,20",1010402,0.0,400.0,480.0,1.2
52,Nariño,52320,Guaitarilla,Cereales,Cereales,Maíz,Maíz blanco tradicional,2022,2022A,Transitorio,"0,00","420,00","420,00","1,00",1010404,0.0,420.0,420.0,1.0
52,Nariño,52320,Guaitarilla,Cereales,Cereales,Maíz,Maíz blanco tradicional,2023,2023A,Transitorio,"0,00","430,00","430,00","1,00",1010404,0.0,430.0,430.0,1.0
52,Nariño,52320,Guaitarilla,Cereales,Cereales,Maíz,Maíz blanco tradicional,2024,2024A,Transitorio,"0,00","400,00","480,00","1,20",1010404,0.0,400.0,480.0,1.2
52,Nariño,52320,Guaitarilla,Hortalizas,Hortalizas de fruto,Pepino Cohombro,Pepino cohombro,2024,2024B,Transitorio,"0,00","0,25","1,50","6,00",1052300,0.0,0.25,1.5,6.0
52,Nariño,52320,Guaitarilla,Cereales,Cereales,Quinua,Quinua,2022,2022B,Transitorio,"0,00","5,00","10,00","2,00",1010600,0.0,5.0,10.0,2.0
52,Nariño,52320,Guaitarilla,Cereales,Cereales,Quinua,Quinua,2023,2023B,Transitorio,"0,00","5,00","10,00","2,00",1010600,0.0,5.0,10.0,2.0
52,Nariño,52320,Guaitarilla,Cereales,Cereales,Quinua,Quinua,2024,2024B,Transitorio,"0,00","6,00","12,00","2,00",1010600,0.0,6.0,12.0,2.0
52,Nariño,52320,Guaitarilla,Cereales,Cereales,Quinua,Quinua,2025,2025B,Transitorio,"0,00","8,00","16,00","2,00",1010600,0.0,8.0,16.0,2.0
52,Nariño,52320,Guaitarilla,Cereales,Cereales,Trigo,Trigo,2023,2023B,Transitorio,"0,00","35,00","52,50","1,50",1010800,0.0,35.0,52.5,1.5
52,Nariño,52320,Guaitarilla,Cereales,Cereales,Trigo,Trigo,2024,2024B,Transitorio,"0,00","35,00","52,50","1,50",1010800,0.0,35.0,52.5,1.5
52,Nariño,52323,Gualmatán,Raíces y tubérculos,Raíces y tubérculos,Arracacha,Arracacha,2022,2022B,Transitorio,"0,00","2,00","16,00","8,00",1080200,0.0,2.0,16.0,8.0
52,Nariño,52323,Gualmatán,Raíces y tubérculos,Raíces y tubérculos,Arracacha,Arracacha,2023,2023B,Transitorio,"0,00","2,00","30,00","15,00",1080200,0.0,2.0,30.0,15.0
52,Nariño,52323,Gualmatán,Leguminosas,Leguminosas,Frijol,Frijol,2023,2023B,Transitorio,"0,00","3,00","3,60","1,20",1060200,0.0,3.0,3.6,1.2
52,Nariño,52323,Gualmatán,Leguminosas,Leguminosas,Frijol,Frijol,2024,2024B,Transitorio,"0,00","2,00","1,60","0,80",1060200,0.0,2.0,1.6,0.8
52,Nariño,52323,Gualmatán,Raíces y tubérculos,Raíces y tubérculos,Ulluco,Ulluco,2024,2024A,Transitorio,"0,00","2,00","12,00","6,00",1080900,0.0,2.0,12.0,6.0
52,Nariño,52352,Iles,Cereales,Cereales,Cebada,Cebada,2025,2025B,Transitorio,"0,00","5,00","12,50","2,50",1010300,0.0,5.0,12.5,2.5
52,Nariño,52352,Iles,Cereales,Cereales,Trigo,Trigo,2025,2025B,Transitorio,"0,00","6,00","18,00","3,00",1010800,0.0,6.0,18.0,3.0
52,Nariño,52354,Imués,Cereales,Cereales,Cebada,Cebada,2022,2022B,Transitorio,"0,00","80,00","280,00","3,50",1010300,0.0,80.0,280.0,3.5
52,Nariño,52354,Imués,Cereales,Cereales,Cebada,Cebada,2023,2023B,Transitorio,"0,00","42,00","117,60","2,80",1010300,0.0,42.0,117.6,2.8
52,Nariño,52354,Imués,Cereales,Cereales,Cebada,Cebada,2024,2024B,Transitorio,"0,00","50,00","140,00","2,80",1010300,0.0,50.0,140.0,2.8
52,Nariño,52354,Imués,Cereales,Cereales,Cebada,Cebada,2025,2025B,Transitorio,"0,00","50,00","150,00","3,00",1010300,0.0,50.0,150.0,3.0
52,Nariño,52354,Imués,Cereales,Cereales,Maíz,Maíz amarillo tradicional,2022,2022B,Transitorio,"0,00","57,00","62,70","1,10",1010402,0.0,57.0,62.7,1.1
52,Nariño,52354,Imués,Cereales,Cereales,Trigo,Trigo,2022,2022B,Transitorio,"0,00","155,00","310,00","2,00",1010800,0.0,155.0,310.0,2.0
52,Nariño,52354,Imués,Cereales,Cereales,Trigo,Trigo,2023,2023B,Transitorio,"0,00","402,00","804,00","2,00",1010800,0.0,402.0,804.0,2.0
52,Nariño,52354,Imués,Cereales,Cereales,Trigo,Trigo,2024,2024B,Transitorio,"0,00","200,00","400,00","2,00",1010800,0.0,200.0,400.0,2.0
52,Nariño,52354,Imués,Cereales,Cereales,Trigo,Trigo,2025,2025B,Transitorio,"0,00","70,00","161,00","2,30",1010800,0.0,70.0,161.0,2.3
52,Nariño,52356,Ipiales,Raíces y tubérculos,Raíces y tubérculos,Yuca,Yuca consumo en fresco,2022,2022B,Transitorio,"0,00","10,00","80,00","8,00",1081001,0.0,10.0,80.0,8.0
52,Nariño,52378,La Cruz,Cereales,Cereales,Maíz,Maíz amarillo tradicional,2022,2022B,Transitorio,"0,00","12,00","14,40","1,20",1010402,0.0,12.0,14.4,1.2
52,Nariño,52378,La Cruz,Cereales,Cereales,Maíz,Maíz amarillo tradicional,2023,2023B,Transitorio,"0,00","12,00","14,40","1,20",1010402,0.0,12.0,14.4,1.2
52,Nariño,52378,La Cruz,Cereales,Cereales,Maíz,Maíz amarillo tradicional,2024,2024B,Transitorio,"0,00","14,00","16,80","1,20",1010402,0.0,14.0,16.8,1.2
52,Nariño,52378,La Cruz,Cereales,Cereales,Maíz,Maíz amarillo tradicional,2025,2025B,Transitorio,"0,00","18,00","27,00","1,50",1010402,0.0,18.0,27.0,1.5
52,Nariño,52378,La Cruz,Cereales,Cereales,Maíz,Maíz blanco tradicional,2022,2022B,Transitorio,"0,00","45,00","54,00","1,20",1010404,0.0,45.0,54.0,1.2
52,Nariño,52378,La Cruz,Cereales,Cereales,Maíz,Maíz blanco tradicional,2023,2023B,Transitorio,"0,00","40,00","48,00","1,20",1010404,0.0,40.0,48.0,1.2
52,Nariño,52378,La Cruz,Cereales,Cereales,Maíz,Maíz blanco tradicional,2024,2024B,Transitorio,"0,00","42,00","50,40","1,20",1010404,0.0,42.0,50.4,1.2
52,Nariño,52378,La Cruz,Cereales,Cereales,Maíz,Maíz blanco tradicional,2025,2025B,Transitorio,"0,00","45,00","67,50","1,50",1010404,0.0,45.0,67.5,1.5
52,Nariño,52381,La Florida,Raíces y tubérculos,Raíces y tubérculos,Arracacha,Arracacha,2022,2022B,Transitorio,"0,00","5,00","10,00","2,00",1080200,0.0,5.0,10.0,2.0
52,Nariño,52381,La Florida,Leguminosas,Leguminosas,Arveja,Arveja,2025,2025A,Transitorio,"0,00","1,00","2,34","2,34",1060100,0.0,1.0,2.34,2.34
52,Nariño,52381,La Florida,Cereales,Cereales,Maíz,Maíz blanco tradicional,2022,2022B,Transitorio,"0,00","40,00","40,00","1,00",1010404,0.0,40.0,40.0,1.0
52,Nariño,52381,La Florida,Cereales,Cereales,Maíz,Maíz blanco tradicional,2023,2023B,Transitorio,"0,00","40,00","40,00","1,00",1010404,0.0,40.0,40.0,1.0
52,Nariño,52381,La Florida,Cereales,Cereales,Maíz,Maíz blanco tradicional,2024,2024B,Transitorio,"0,00","110,00","110,00","1,00",1010404,0.0,110.0,110.0,1.0
52,Nariño,52381,La Florida,Cereales,Cereales,Maíz,Maíz blanco tradicional,2025,2025B,Transitorio,"0,00","20,00","17,00","0,85",1010404,0.0,20.0,17.0,0.85
52,Nariño,52381,La Florida,Raíces y tubérculos,Raíces y tubérculos,Yuca,Yuca consumo en fresco,2022,2022B,Transitorio,"0,00","14,00","70,00","5,00",1081001,0.0,14.0,70.0,5.0
52,Nariño,52399,La Unión,Leguminosas,Leguminosas,Frijol,Frijol,2024,2024A,Transitorio,"0,00","40,00","69,93","1,75",1060200,0.0,40.0,69.93,1.75
52,Nariño,52399,La Unión,Cereales,Cereales,Maíz,Maíz amarillo tecnificado,2024,2024A,Transitorio,"0,00","225,00","652,50","2,90",1010401,0.0,225.0,652.5,2.9
52,Nariño,52399,La Unión,Cereales,Cereales,Maíz,Maíz amarillo tecnificado,2025,2025A,Transitorio,"0,00","20,00","60,00","3,00",1010401,0.0,20.0,60.0,3.0
52,Nariño,52399,La Unión,Cereales,Cereales,Maíz,Maíz amarillo tradicional,2022,2022B,Transitorio,"0,00","50,00","100,00","2,00",1010402,0.0,50.0,100.0,2.0
52,Nariño,52399,La Unión,Cereales,Cereales,Maíz,Maíz amarillo tradicional,2023,2023B,Transitorio,"0,00","52,00","98,80","1,90",1010402,0.0,52.0,98.8,1.9
52,Nariño,52399,La Unión,Cereales,Cereales,Maíz,Maíz amarillo tradicional,2025,2025A,Transitorio,"0,00","30,00","36,00","1,20",1010402,0.0,30.0,36.0,1.2
52,Nariño,52399,La Unión,Cereales,Cereales,Maíz,Maíz blanco tecnificado,2024,2024A,Transitorio,"0,00","52,00","156,00","3,00",1010403,0.0,52.0,156.0,3.0
52,Nariño,52399,La Unión,Cereales,Cereales,Maíz,Maíz blanco tecnificado,2025,2025B,Transitorio,"0,00","10,00","8,39","0,84",1010403,0.0,10.0,8.39,0.84
52,Nariño,52399,La Unión,Cereales,Cereales,Maíz,Maíz blanco tradicional,2022,2022B,Transitorio,"0,00","20,00","40,00","2,00",1010404,0.0,20.0,40.0,2.0
52,Nariño,52399,La Unión,Cereales,Cereales,Maíz,Maíz blanco tradicional,2024,2024A,Transitorio,"0,00","20,00","32,00","1,60",1010404,0.0,20.0,32.0,1.6
52,Nariño,52399,La Unión,Cereales,Cereales,Maíz,Maíz blanco tradicional,2025,2025B,Transitorio,"0,00","20,00","32,00","1,60",1010404,0.0,20.0,32.0,1.6
52,Nariño,52399,La Unión,Hortalizas,Hortalizas de fruto,Tomate,Tomate,2024,2024A,Transitorio,"0,00","5,00","35,00","7,00",1052901,0.0,5.0,35.0,7.0
52,Nariño,52411,Linares,Raíces y tubérculos,Raíces y tubérculos,Yuca,Yuca consumo en fresco,2022,2022B,Transitorio,"0,00","88,00","1.760,00","20,00",1081001,0.0,88.0,1760.0,20.0
52,Nariño,52418,Los Andes,Raíces y tubérculos,Raíces y tubérculos,Arracacha,Arracacha,2025,2025B,Transitorio,"0,00","2,00","18,00","9,00",1080200,0.0,2.0,18.0,9.0
52,Nariño,52418,Los Andes,Leguminosas,Leguminosas,Frijol,Frijol,2022,2022B,Transitorio,"0,00","26,50","33,13","1,25",1060200,0.0,26.5,33.13,1.25
52,Nariño,52418,Los Andes,Leguminosas,Leguminosas,Frijol,Frijol,2023,2023B,Transitorio,"0,00","25,00","25,00","1,00",1060200,0.0,25.0,25.0,1.0
52,Nariño,52418,Los Andes,Raíces y tubérculos,Raíces y tubérculos,Papa,Papa todas las variedades,2022,2022B,Transitorio,"0,00","4,00","36,00","9,00",1080701,0.0,4.0,36.0,9.0
52,Nariño,52418,Los Andes,Raíces y tubérculos,Raíces y tubérculos,Papa,Papa todas las variedades,2023,2023B,Transitorio,"0,00","4,00","32,00","8,00",1080701,0.0,4.0,32.0,8.0
52,Nariño,52418,Los Andes,Raíces y tubérculos,Raíces y tubérculos,Papa,Papa todas las variedades,2024,2024B,Transitorio,"0,00","2,00","18,00","9,00",1080701,0.0,2.0,18.0,9.0
52,Nariño,52418,Los Andes,Raíces y tubérculos,Raíces y tubérculos,Yuca,Yuca consumo en fresco,2022,2022B,Transitorio,"0,00","9,00","49,50","5,50",1081001,0.0,9.0,49.5,5.5
52,Nariño,52418,Los Andes,Raíces y tubérculos,Raíces y tubérculos,Yuca,Yuca consumo en fresco,2023,2023B,Transitorio,"0,00","10,00","55,00","5,50",1081001,0.0,10.0,55.0,5.5
52,Nariño,52427,Magüí,Raíces y tubérculos,Raíces y tubérculos,Yuca,Yuca consumo en fresco,2024,2024B,Transitorio,"0,00","5,00","45,00","9,00",1081001,0.0,5.0,45.0,9.0
52,Nariño,52473,Mosquera,Raíces y tubérculos,Raíces y tubérculos,"Malanga, achín, yota, papa china, bore","Malanga, achín, yota, papa china, bore",2022,2022B,Transitorio,"0,00","5,00","20,00","4,00",1080400,0.0,5.0,20.0,4.0
52,Nariño,52473,Mosquera,Raíces y tubérculos,Raíces y tubérculos,"Malanga, achín, yota, papa china, bore","Malanga, achín, yota, papa china, bore",2023,2023B,Transitorio,"0,00","6,00","24,00","4,00",1080400,0.0,6.0,24.0,4.0
52,Nariño,52473,Mosquera,Raíces y tubérculos,Raíces y tubérculos,"Malanga, achín, yota, papa china, bore","Malanga, achín, yota, papa china, bore",2025,2025B,Transitorio,"0,00","4,00","12,00","3,00",1080400,0.0,4.0,12.0,3.0
52,Nariño,52480,Nariño,Raíces y tubérculos,Raíces y tubérculos,Arracacha,Arracacha,2022,2022B,Transitorio,"0,00","2,00","3,40","1,70",1080200,0.0,2.0,3.4,1.7
52,Nariño,52480,Nariño,Raíces y tubérculos,Raíces y tubérculos,Arracacha,Arracacha,2024,2024A,Transitorio,"0,00","1,00","10,00","10,00",1080200,0.0,1.0,10.0,10.0
52,Nariño,52480,Nariño,Leguminosas,Leguminosas,Frijol,Frijol,2025,2025A,Transitorio,"0,00","2,00","2,40","1,20",1060200,0.0,2.0,2.4,1.2
52,Nariño,52480,Nariño,Cereales,Cereales,Maíz,Maíz amarillo tecnificado,2022,2022A,Transitorio,"0,00","17,50","43,75","2,50",1010401,0.0,17.5,43.75,2.5
52,Nariño,52480,Nariño,Cereales,Cereales,Maíz,Maíz amarillo tecnificado,2023,2023A,Transitorio,"0,00","18,00","36,00","2,00",1010401,0.0,18.0,36.0,2.0
52,Nariño,52480,Nariño,Cereales,Cereales,Maíz,Maíz amarillo tecnificado,2024,2024A,Transitorio,"0,00","9,00","18,00","2,00",1010401,0.0,9.0,18.0,2.0
52,Nariño,52480,Nariño,Cereales,Cereales,Maíz,Maíz amarillo tradicional,2022,2022B,Transitorio,"0,00","11,50","17,25","1,50",1010402,0.0,11.5,17.25,1.5
52,Nariño,52480,Nariño,Cereales,Cereales,Maíz,Maíz amarillo tradicional,2023,2023B,Transitorio,"0,00","12,00","24,00","2,00",1010402,0.0,12.0,24.0,2.0
52,Nariño,52480,Nariño,Cereales,Cereales,Maíz,Maíz amarillo tradicional,2024,2024B,Transitorio,"0,00","7,00","10,50","1,50",1010402,0.0,7.0,10.5,1.5
52,Nariño,52480,Nariño,Cereales,Cereales,Maíz,Maíz blanco tecnificado,2022,2022A,Transitorio,"0,00","2,00","4,00","2,00",1010403,0.0,2.0,4.0,2.0
52,Nariño,52480,Nariño,Cereales,Cereales,Maíz,Maíz blanco tecnificado,2023,2023A,Transitorio,"0,00","2,00","4,00","2,00",1010403,0.0,2.0,4.0,2.0
52,Nariño,52480,Nariño,Cereales,Cereales,Maíz,Maíz blanco tecnificado,2024,2024A,Transitorio,"0,00","1,00","2,00","2,00",1010403,0.0,1.0,2.0,2.0
52,Nariño,52480,Nariño,Cereales,Cereales,Maíz,Maíz blanco tecnificado,2025,2025A,Transitorio,"0,00","1,00","2,00","2,00",1010403,0.0,1.0,2.0,2.0
52,Nariño,52480,Nariño,Cereales,Cereales,Maíz,Maíz blanco tradicional,2022,2022B,Transitorio,"0,00","5,50","8,25","1,50",1010404,0.0,5.5,8.25,1.5
52,Nariño,52480,Nariño,Cereales,Cereales,Maíz,Maíz blanco tradicional,2023,2023B,Transitorio,"0,00","6,00","9,00","1,50",1010404,0.0,6.0,9.0,1.5
52,Nariño,52480,Nariño,Raíces y tubérculos,Raíces y tubérculos,Papa,Papa todas las variedades,2024,2024A,Transitorio,"0,00","10,00","100,00","10,00",1080701,0.0,10.0,100.0,10.0
52,Nariño,52480,Nariño,Raíces y tubérculos,Raíces y tubérculos,Ulluco,Ulluco,2022,2022B,Transitorio,"0,00","1,00","1,50","1,50",1080900,0.0,1.0,1.5,1.5
52,Nariño,52480,Nariño,Raíces y tubérculos,Raíces y tubérculos,Ulluco,Ulluco,2024,2024A,Transitorio,"0,00","1,00","10,00","10,00",1080900,0.0,1.0,10.0,10.0
52,Nariño,52480,Nariño,Raíces y tubérculos,Raíces y tubérculos,Yuca,Yuca consumo en fresco,2022,2022A,Transitorio,"0,00","2,50","4,25","1,70",1081001,0.0,2.5,4.25,1.7
52,Nariño,52506,Ospina,Cereales,Cereales,Cebada,Cebada,2025,2025B,Transitorio,"0,00","30,00","90,00","3,00",1010300,0.0,30.0,90.0,3.0
52,Nariño,52506,Ospina,Cereales,Cereales,Quinua,Quinua,2023,2023B,Transitorio,"0,00","15,00","37,50","2,50",1010600,0.0,15.0,37.5,2.5
52,Nariño,52506,Ospina,Cereales,Cereales,Quinua,Quinua,2024,2024B,Transitorio,"0,00","13,00","32,50","2,50",1010600,0.0,13.0,32.5,2.5
52,Nariño,52506,Ospina,Cereales,Cereales,Quinua,Quinua,2025,2025B,Transitorio,"0,00","10,00","22,00","2,20",1010600,0.0,10.0,22.0,2.2
52,Nariño,52506,Ospina,Cereales,Cereales,Trigo,Trigo,2025,2025B,Transitorio,"0,00","5,00","15,00","3,00",1010800,0.0,5.0,15.0,3.0
52,Nariño,52520,Francisco Pizarro,Cereales,Cereales,Arroz,Arroz secano manual,2022,2022B,Transitorio,"0,00","2,00","2,00","1,00",1010102,0.0,2.0,2.0,1.0
52,Nariño,52520,Francisco Pizarro,Cereales,Cereales,Maíz,Maíz amarillo tradicional,2025,2025A,Transitorio,"0,00","2,50","2,80","1,12",1010402,0.0,2.5,2.8,1.12
52,Nariño,52520,Francisco Pizarro,Raíces y tubérculos,Raíces y tubérculos,"Malanga, achín, yota, papa china, bore","Malanga, achín, yota, papa china, bore",2023,2023B,Transitorio,"0,00","2,00","10,00","5,00",1080400,0.0,2.0,10.0,5.0
52,Nariño,52520,Francisco Pizarro,Raíces y tubérculos,Raíces y tubérculos,Yuca,Yuca consumo en fresco,2023,2023B,Transitorio,"0,00","10,00","80,00","8,00",1081001,0.0,10.0,80.0,8.0
52,Nariño,52565,Providencia,Raíces y tubérculos,Raíces y tubérculos,Arracacha,Arracacha,2022,2022B,Transitorio,"0,00","3,00","27,00","9,00",1080200,0.0,3.0,27.0,9.0
52,Nariño,52565,Providencia,Raíces y tubérculos,Raíces y tubérculos,Arracacha,Arracacha,2023,2023B,Transitorio,"0,00","3,00","30,00","10,00",1080200,0.0,3.0,30.0,10.0
52,Nariño,52565,Providencia,Raíces y tubérculos,Raíces y tubérculos,Arracacha,Arracacha,2024,2024B,Transitorio,"0,00","2,00","25,60","12,80",1080200,0.0,2.0,25.6,12.8
52,Nariño,52565,Providencia,Raíces y tubérculos,Raíces y tubérculos,Papa,Papa criolla,2024,2024B,Transitorio,"0,00","23,00","414,00","18,00",1080702,0.0,23.0,414.0,18.0
52,Nariño,52565,Providencia,Raíces y tubérculos,Raíces y tubérculos,Ulluco,Ulluco,2022,2022B,Transitorio,"0,00","10,00","220,00","22,00",1080900,0.0,10.0,220.0,22.0
52,Nariño,52565,Providencia,Raíces y tubérculos,Raíces y tubérculos,Ulluco,Ulluco,2023,2023B,Transitorio,"0,00","10,00","180,00","18,00",1080900,0.0,10.0,180.0,18.0
52,Nariño,52565,Providencia,Raíces y tubérculos,Raíces y tubérculos,Ulluco,Ulluco,2024,2024B,Transitorio,"0,00","10,00","130,00","13,00",1080900,0.0,10.0,130.0,13.0
52,Nariño,52565,Providencia,Raíces y tubérculos,Raíces y tubérculos,Yuca,Yuca consumo en fresco,2022,2022B,Transitorio,"0,00","2,00","30,00","15,00",1081001,0.0,2.0,30.0,15.0
52,Nariño,52565,Providencia,Raíces y tubérculos,Raíces y tubérculos,Yuca,Yuca consumo en fresco,2023,2023B,Transitorio,"0,00","2,00","30,00","15,00",1081001,0.0,2.0,30.0,15.0
52,Nariño,52573,Puerres,Leguminosas,Leguminosas,Haba,Haba,2022,2022B,Transitorio,"0,00","3,00","1,33","0,44",1060500,0.0,3.0,1.33,0.44
52,Nariño,52573,Puerres,Leguminosas,Leguminosas,Haba,Haba,2023,2023B,Transitorio,"0,00","3,00","3,98","1,33",1060500,0.0,3.0,3.98,1.33
52,Nariño,52573,Puerres,Leguminosas,Leguminosas,Haba,Haba,2025,2025B,Transitorio,"0,00","2,50","3,32","1,33",1060500,0.0,2.5,3.32,1.33
52,Nariño,52573,Puerres,Cereales,Cereales,Maíz,Maíz amarillo tradicional,2022,2022B,Transitorio,"0,00","3,00","1,59","0,53",1010402,0.0,3.0,1.59,0.53
52,Nariño,52573,Puerres,Cereales,Cereales,Maíz,Maíz amarillo tradicional,2023,2023B,Transitorio,"0,00","3,50","1,86","0,53",1010402,0.0,3.5,1.86,0.53
52,Nariño,52573,Puerres,Cereales,Cereales,Maíz,Maíz amarillo tradicional,2024,2024B,Transitorio,"0,00","3,50","1,86","0,53",1010402,0.0,3.5,1.86,0.53
52,Nariño,52573,Puerres,Cereales,Cereales,Maíz,Maíz amarillo tradicional,2025,2025B,Transitorio,"0,00","3,80","2,44","0,64",1010402,0.0,3.8,2.44,0.64
52,Nariño,52573,Puerres,Cereales,Cereales,Maíz,Maíz blanco tradicional,2022,2022B,Transitorio,"0,00","1,50","0,80","0,53",1010404,0.0,1.5,0.8,0.53
52,Nariño,52612,Ricaurte,Cereales,Cereales,Maíz,Maíz amarillo tradicional,2023,2023B,Transitorio,"0,00","60,00","72,00","1,20",1010402,0.0,60.0,72.0,1.2
52,Nariño,52612,Ricaurte,Cereales,Cereales,Maíz,Maíz amarillo tradicional,2024,2024B,Transitorio,"0,00","60,00","60,00","1,00",1010402,0.0,60.0,60.0,1.0
52,Nariño,52612,Ricaurte,Cereales,Cereales,Maíz,Maíz amarillo tradicional,2025,2025B,Transitorio,"0,00","50,00","50,00","1,00",1010402,0.0,50.0,50.0,1.0
52,Nariño,52612,Ricaurte,Raíces y tubérculos,Raíces y tubérculos,Yuca,Yuca consumo en fresco,2022,2022B,Transitorio,"0,00","15,00","75,00","5,00",1081001,0.0,15.0,75.0,5.0
52,Nariño,52678,Samaniego,Cereales,Cereales,Maíz,Maíz blanco tradicional,2024,2024B,Transitorio,"0,00","10,00","12,00","1,20",1010404,0.0,10.0,12.0,1.2
52,Nariño,52678,Samaniego,Cereales,Cereales,Maíz,Maíz blanco tradicional,2025,2025B,Transitorio,"0,00","6,00","6,60","1,10",1010404,0.0,6.0,6.6,1.1
52,Nariño,52683,Sandoná,Raíces y tubérculos,Raíces y tubérculos,Yuca,Yuca consumo en fresco,2022,2022B,Transitorio,"0,00","25,00","225,00","9,00",1081001,0.0,25.0,225.0,9.0
52,Nariño,52687,San Lorenzo,Raíces y tubérculos,Raíces y tubérculos,Yuca,Yuca consumo en fresco,2024,2024A,Transitorio,"0,00","1,00","12,50","12,50",1081001,0.0,1.0,12.5,12.5
52,Nariño,52693,San Pablo,Leguminosas,Leguminosas,Habichuela,Habichuela,2023,2023B,Transitorio,"0,00","2,00","4,00","2,00",1060600,0.0,2.0,4.0,2.0
52,Nariño,52693,San Pablo,Cereales,Cereales,Maíz,Maíz amarillo tradicional,2022,2022B,Transitorio,"0,00","35,00","63,00","1,80",1010402,0.0,35.0,63.0,1.8
52,Nariño,52693,San Pablo,Cereales,Cereales,Maíz,Maíz blanco tradicional,2022,2022B,Transitorio,"0,00","35,00","66,50","1,90",1010404,0.0,35.0,66.5,1.9
52,Nariño,52693,San Pablo,Raíces y tubérculos,Raíces y tubérculos,Papa,Papa todas las variedades,2023,2023B,Transitorio,"0,00","3,00","36,00","12,00",1080701,0.0,3.0,36.0,12.0
52,Nariño,52693,San Pablo,Hortalizas,Hortalizas de fruto,Tomate,Tomate invernadero,2022,2022B,Transitorio,"0,00","10,00","166,00","16,60",1052902,0.0,10.0,166.0,16.6
52,Nariño,52696,Santa Bárbara,Raíces y tubérculos,Raíces y tubérculos,"Malanga, achín, yota, papa china, bore","Malanga, achín, yota, papa china, bore",2024,2024B,Transitorio,"0,00","8,00","120,00","15,00",1080400,0.0,8.0,120.0,15.0
52,Nariño,52696,Santa Bárbara,Raíces y tubérculos,Raíces y tubérculos,Ñame,Ñame demás variedades,2024,2024B,Transitorio,"0,00","2,00","30,00","15,00",1080699,0.0,2.0,30.0,15.0
52,Nariño,52696,Santa Bárbara,Raíces y tubérculos,Raíces y tubérculos,Yuca,Yuca consumo en fresco,2024,2024B,Transitorio,"0,00","8,00","96,00","12,00",1081001,0.0,8.0,96.0,12.0
52,Nariño,52699,Santacruz,Cereales,Cereales,Cebada,Cebada,2024,2024B,Transitorio,"0,00","4,00","10,00","2,50",1010300,0.0,4.0,10.0,2.5
52,Nariño,52720,Sapuyes,Cereales,Cereales,Cebada,Cebada,2023,2023B,Transitorio,"0,00","12,00","39,60","3,30",1010300,0.0,12.0,39.6,3.3
52,Nariño,52720,Sapuyes,Leguminosas,Leguminosas,Frijol,Frijol,2022,2022B,Transitorio,"0,00","3,00","4,20","1,40",1060200,0.0,3.0,4.2,1.4
52,Nariño,52720,Sapuyes,Leguminosas,Leguminosas,Frijol,Frijol,2023,2023B,Transitorio,"0,00","4,00","5,59","1,40",1060200,0.0,4.0,5.59,1.4
52,Nariño,52720,Sapuyes,Leguminosas,Leguminosas,Haba,Haba,2023,2023B,Transitorio,"0,00","12,00","34,51","2,88",1060500,0.0,12.0,34.51,2.88
52,Nariño,52720,Sapuyes,Cereales,Cereales,Maíz,Maíz amarillo tradicional,2022,2022B,Transitorio,"0,00","5,00","7,50","1,50",1010402,0.0,5.0,7.5,1.5
52,Nariño,52720,Sapuyes,Cereales,Cereales,Maíz,Maíz blanco tradicional,2022,2022B,Transitorio,"0,00","15,00","22,50","1,50",1010404,0.0,15.0,22.5,1.5
52,Nariño,52720,Sapuyes,Cereales,Cereales,Trigo,Trigo,2022,2022B,Transitorio,"0,00","27,00","81,00","3,00",1010800,0.0,27.0,81.0,3.0
52,Nariño,52720,Sapuyes,Cereales,Cereales,Trigo,Trigo,2023,2023B,Transitorio,"0,00","28,00","84,00","3,00",1010800,0.0,28.0,84.0,3.0
52,Nariño,52720,Sapuyes,Cereales,Cereales,Trigo,Trigo,2024,2024B,Transitorio,"0,00","30,00","75,00","2,50",1010800,0.0,30.0,75.0,2.5
52,Nariño,52720,Sapuyes,Cereales,Cereales,Trigo,Trigo,2025,2025B,Transitorio,"0,00","20,00","50,00","2,50",1010800,0.0,20.0,50.0,2.5
52,Nariño,52720,Sapuyes,Raíces y tubérculos,Raíces y tubérculos,Ulluco,Ulluco,2025,2025B,Transitorio,"0,00","4,00","24,00","6,00",1080900,0.0,4.0,24.0,6.0
52,Nariño,52786,Taminango,Cereales,Cereales,Maíz,Maíz blanco tradicional,2022,2022B,Transitorio,"0,00","10,00","30,00","3,00",1010404,0.0,10.0,30.0,3.0
52,Nariño,52788,Tangua,Leguminosas,Leguminosas,Arveja,Arveja,2025,2025B,Transitorio,"0,00","120,00","162,00","1,35",1060100,0.0,120.0,162.0,1.35
52,Nariño,52788,Tangua,Cereales,Cereales,Cebada,Cebada,2024,2024B,Transitorio,"0,00","30,00","81,00","2,70",1010300,0.0,30.0,81.0,2.7
52,Nariño,52788,Tangua,Cereales,Cereales,Cebada,Cebada,2025,2025B,Transitorio,"0,00","10,00","30,00","3,00",1010300,0.0,10.0,30.0,3.0
52,Nariño,52788,Tangua,Cereales,Cereales,Maíz,Maíz blanco tradicional,2025,2025A,Transitorio,"0,00","18,00","12,58","0,70",1010404,0.0,18.0,12.58,0.7
52,Nariño,52788,Tangua,Cereales,Cereales,Quinua,Quinua,2024,2024B,Transitorio,"0,00","2,00","5,40","2,70",1010600,0.0,2.0,5.4,2.7
52,Nariño,52788,Tangua,Cereales,Cereales,Trigo,Trigo,2024,2024B,Transitorio,"0,00","40,00","88,00","2,20",1010800,0.0,40.0,88.0,2.2
52,Nariño,52788,Tangua,Cereales,Cereales,Trigo,Trigo,2025,2025B,Transitorio,"0,00","45,00","135,00","3,00",1010800,0.0,45.0,135.0,3.0
52,Nariño,52835,San Andrés de Tumaco,Raíces y tubérculos,Raíces y tubérculos,Ñame,Ñame demás variedades,2022,2022B,Transitorio,"0,00","2,50","12,50","5,00",1080699,0.0,2.5,12.5,5.0
52,Nariño,52835,San Andrés de Tumaco,Raíces y tubérculos,Raíces y tubérculos,Ñame,Ñame demás variedades,2023,2023B,Transitorio,"0,00","2,50","12,50","5,00",1080699,0.0,2.5,12.5,5.0
52,Nariño,52835,San Andrés de Tumaco,Raíces y tubérculos,Raíces y tubérculos,Ñame,Ñame demás variedades,2024,2024B,Transitorio,"0,00","2,50","12,50","5,00",1080699,0.0,2.5,12.5,5.0
52,Nariño,52835,San Andrés de Tumaco,Raíces y tubérculos,Raíces y tubérculos,Yuca,Yuca consumo en fresco,2022,2022B,Transitorio,"0,00","255,00","3.570,00","14,00",1081001,0.0,255.0,3570.0,14.0
52,Nariño,52885,Yacuanquer,Cereales,Cereales,Trigo,Trigo,2023,2023B,Transitorio,"0,00","30,00","51,00","1,70",1010800,0.0,30.0,51.0,1.7
52,Nariño,52885,Yacuanquer,Raíces y tubérculos,Raíces y tubérculos,Yuca,Yuca consumo en fresco,2022,2022B,Transitorio,"0,00","9,50","114,00","12,00",1081001,0.0,9.5,114.0,12.0
54,Norte de Santander,54003,Ábrego,Cultivos tropicales tradicionales,Cultivos tropicales tradicionales,Tabaco,Tabaco,2022,2022B,Transitorio,"0,00","5,00","7,50","1,50",1030700,0.0,5.0,7.5,1.5
54,Norte de Santander,54003,Ábrego,Cultivos tropicales tradicionales,Cultivos tropicales tradicionales,Tabaco,Tabaco,2023,2023B,Transitorio,"0,00","7,90","11,85","1,50",1030700,0.0,7.9,11.85,1.5
54,Norte de Santander,54003,Ábrego,Cultivos tropicales tradicionales,Cultivos tropicales tradicionales,Tabaco,Tabaco,2024,2024B,Transitorio,"0,00","3,00","4,50","1,50",1030700,0.0,3.0,4.5,1.5
54,Norte de Santander,54125,Cácota,Leguminosas,Leguminosas,Haba,Haba,2022,2022A,Transitorio,"0,00","5,00","8,19","1,64",1060500,0.0,5.0,8.19,1.64
54,Norte de Santander,54125,Cácota,Cereales,Cereales,Trigo,Trigo,2025,2025A,Transitorio,"0,00","2,00","4,00","2,00",1010800,0.0,2.0,4.0,2.0
54,Norte de Santander,54172,Chinácota,Raíces y tubérculos,Raíces y tubérculos,Papa,Papa todas las variedades,2024,2024B,Transitorio,"0,00","1,00","15,00","15,00",1080701,0.0,1.0,15.0,15.0
54,Norte de Santander,54172,Chinácota,Raíces y tubérculos,Raíces y tubérculos,Papa,Papa todas las variedades,2025,2025B,Transitorio,"0,00","1,00","15,00","15,00",1080701,0.0,1.0,15.0,15.0
54,Norte de Santander,54174,Chitagá,Cereales,Cereales,Maíz,Maíz amarillo tecnificado,2022,2022B,Transitorio,"0,00","50,00","260,00","5,20",1010401,0.0,50.0,260.0,5.2
54,Norte de Santander,54174,Chitagá,Cereales,Cereales,Maíz,Maíz amarillo tecnificado,2023,2023B,Transitorio,"0,00","58,00","290,00","5,00",1010401,0.0,58.0,290.0,5.0
54,Norte de Santander,54174,Chitagá,Cereales,Cereales,Maíz,Maíz amarillo tecnificado,2024,2024B,Transitorio,"0,00","59,00","295,00","5,00",1010401,0.0,59.0,295.0,5.0
54,Norte de Santander,54174,Chitagá,Cereales,Cereales,Maíz,Maíz amarillo tecnificado,2025,2025B,Transitorio,"0,00","65,00","357,50","5,50",1010401,0.0,65.0,357.5,5.5
54,Norte de Santander,54174,Chitagá,Cereales,Cereales,Maíz,Maíz blanco tecnificado,2022,2022B,Transitorio,"0,00","21,00","94,50","4,50",1010403,0.0,21.0,94.5,4.5
54,Norte de Santander,54174,Chitagá,Cereales,Cereales,Maíz,Maíz blanco tecnificado,2023,2023B,Transitorio,"0,00","20,00","90,00","4,50",1010403,0.0,20.0,90.0,4.5
54,Norte de Santander,54174,Chitagá,Cereales,Cereales,Maíz,Maíz blanco tecnificado,2024,2024B,Transitorio,"0,00","20,80","93,60","4,50",1010403,0.0,20.8,93.6,4.5
54,Norte de Santander,54174,Chitagá,Cereales,Cereales,Maíz,Maíz blanco tecnificado,2025,2025B,Transitorio,"0,00","24,00","108,00","4,50",1010403,0.0,24.0,108.0,4.5
54,Norte de Santander,54206,Convención,Hortalizas,Hortalizas,Otras hortalizas,Otras hortalizas,2022,2022B,Transitorio,"0,00","1,00","4,00","4,00",1059900,0.0,1.0,4.0,4.0
54,Norte de Santander,54206,Convención,Hortalizas,Hortalizas,Otras hortalizas,Otras hortalizas,2023,2023B,Transitorio,"0,00","2,00","8,00","4,00",1059900,0.0,2.0,8.0,4.0
54,Norte de Santander,54245,El Carmen,Cereales,Cereales,Maíz,Maíz blanco tradicional,2023,2023B,Transitorio,"0,00","40,00","104,00","2,60",1010404,0.0,40.0,104.0,2.6
54,Norte de Santander,54313,Gramalote,Hortalizas,Hortalizas de fruto,Ahuyama,Ahuyama,2025,2025A,Transitorio,"0,00","0,10","2,00","20,00",1050200,0.0,0.1,2.0,20.0
54,Norte de Santander,54313,Gramalote,Leguminosas,Leguminosas,Frijol,Frijol,2024,2024B,Transitorio,"0,00","10,00","6,00","0,60",1060200,0.0,10.0,6.0,0.6
54,Norte de Santander,54377,Labateca,Cereales,Cereales,Maíz,Maíz amarillo tradicional,2022,2022B,Transitorio,"0,00","39,00","78,00","2,00",1010402,0.0,39.0,78.0,2.0
54,Norte de Santander,54377,Labateca,Cereales,Cereales,Maíz,Maíz amarillo tradicional,2023,2023B,Transitorio,"0,00","39,00","78,00","2,00",1010402,0.0,39.0,78.0,2.0
54,Norte de Santander,54377,Labateca,Cereales,Cereales,Maíz,Maíz amarillo tradicional,2024,2024B,Transitorio,"0,00","28,00","56,00","2,00",1010402,0.0,28.0,56.0,2.0
54,Norte de Santander,54377,Labateca,Cereales,Cereales,Maíz,Maíz amarillo tradicional,2025,2025B,Transitorio,"0,00","35,00","53,83","1,54",1010402,0.0,35.0,53.83,1.54
54,Norte de Santander,54377,Labateca,Cereales,Cereales,Maíz,Maíz blanco tradicional,2022,2022B,Transitorio,"0,00","8,00","16,00","2,00",1010404,0.0,8.0,16.0,2.0
54,Norte de Santander,54377,Labateca,Cereales,Cereales,Maíz,Maíz blanco tradicional,2023,2023B,Transitorio,"0,00","8,00","16,00","2,00",1010404,0.0,8.0,16.0,2.0
54,Norte de Santander,54377,Labateca,Cereales,Cereales,Maíz,Maíz blanco tradicional,2024,2024B,Transitorio,"0,00","5,00","10,00","2,00",1010404,0.0,5.0,10.0,2.0
54,Norte de Santander,54377,Labateca,Cereales,Cereales,Maíz,Maíz blanco tradicional,2025,2025B,Transitorio,"0,00","10,00","20,00","2,00",1010404,0.0,10.0,20.0,2.0
54,Norte de Santander,54398,La Playa,Cultivos tropicales tradicionales,Cultivos tropicales tradicionales,Tabaco,Tabaco,2024,2024A,Transitorio,"0,00","4,98","9,96","2,00",1030700,0.0,4.98,9.96,2.0
54,Norte de Santander,54520,Pamplonita,Hortalizas,Hortalizas de tallo,Cebolla de rama,Cebolla de rama,2022,2022B,Transitorio,"0,00","3,00","24,00","8,00",1051200,0.0,3.0,24.0,8.0
54,Norte de Santander,54520,Pamplonita,Hortalizas,Hortalizas de tallo,Cebolla de rama,Cebolla de rama,2023,2023B,Transitorio,"0,00","2,00","16,00","8,00",1051200,0.0,2.0,16.0,8.0
54,Norte de Santander,54520,Pamplonita,Hortalizas,Hortalizas de raíz,Zanahoria,Zanahoria,2023,2023B,Transitorio,"0,00","8,00","112,00","14,00",1053000,0.0,8.0,112.0,14.0
54,Norte de Santander,54599,Ragonvalia,Raíces y tubérculos,Raíces y tubérculos,Arracacha,Arracacha,2025,2025B,Transitorio,"0,00","3,00","48,00","16,00",1080200,0.0,3.0,48.0,16.0
54,Norte de Santander,54599,Ragonvalia,Hortalizas,Hortalizas de fruto,Tomate,Tomate,2025,2025A,Transitorio,"0,00","1,00","28,00","28,00",1052901,0.0,1.0,28.0,28.0
54,Norte de Santander,54680,Santiago,Leguminosas,Leguminosas,Frijol,Frijol,2022,2022B,Transitorio,"0,00","9,80","11,76","1,20",1060200,0.0,9.8,11.76,1.2
54,Norte de Santander,54680,Santiago,Leguminosas,Leguminosas,Frijol,Frijol,2023,2023B,Transitorio,"0,00","2,00","2,00","1,00",1060200,0.0,2.0,2.0,1.0
54,Norte de Santander,54680,Santiago,Leguminosas,Leguminosas,Frijol,Frijol,2025,2025B,Transitorio,"0,00","4,50","4,50","1,00",1060200,0.0,4.5,4.5,1.0
54,Norte de Santander,54680,Santiago,Raíces y tubérculos,Raíces y tubérculos,Yuca,Yuca consumo en fresco,2022,2022B,Transitorio,"0,00","8,00","96,00","12,00",1081001,0.0,8.0,96.0,12.0
54,Norte de Santander,54680,Santiago,Raíces y tubérculos,Raíces y tubérculos,Yuca,Yuca consumo en fresco,2023,2023B,Transitorio,"0,00","8,00","94,40","11,80",1081001,0.0,8.0,94.4,11.8
54,Norte de Santander,54743,Silos,Cereales,Cereales,Maíz,Maíz amarillo tradicional,2022,2022B,Transitorio,"0,00","27,00","37,80","1,40",1010402,0.0,27.0,37.8,1.4
54,Norte de Santander,54743,Silos,Cereales,Cereales,Maíz,Maíz amarillo tradicional,2024,2024B,Transitorio,"0,00","35,00","19,58","0,56",1010402,0.0,35.0,19.58,0.56
54,Norte de Santander,54743,Silos,Cereales,Cereales,Maíz,Maíz amarillo tradicional,2025,2025B,Transitorio,"0,00","47,00","39,43","0,84",1010402,0.0,47.0,39.43,0.84
54,Norte de Santander,54743,Silos,Cereales,Cereales,Trigo,Trigo,2023,2023A,Transitorio,"0,00","16,00","32,00","2,00",1010800,0.0,16.0,32.0,2.0
54,Norte de Santander,54743,Silos,Cereales,Cereales,Trigo,Trigo,2024,2024A,Transitorio,"0,00","4,00","8,00","2,00",1010800,0.0,4.0,8.0,2.0
54,Norte de Santander,54743,Silos,Cereales,Cereales,Trigo,Trigo,2025,2025A,Transitorio,"0,00","2,00","4,00","2,00",1010800,0.0,2.0,4.0,2.0
54,Norte de Santander,54810,Tibú,Cereales,Cereales,Maíz,Maíz amarillo tradicional,2022,2022B,Transitorio,"0,00","881,00","2.202,50","2,50",1010402,0.0,881.0,2202.5,2.5
54,Norte de Santander,54810,Tibú,Cereales,Cereales,Maíz,Maíz amarillo tradicional,2023,2023B,Transitorio,"0,00","645,00","1.548,00","2,40",1010402,0.0,645.0,1548.0,2.4
54,Norte de Santander,54871,Villa Caro,Raíces y tubérculos,Raíces y tubérculos,Arracacha,Arracacha,2024,2024A,Transitorio,"0,00","11,00","110,00","10,00",1080200,0.0,11.0,110.0,10.0
54,Norte de Santander,54871,Villa Caro,Cereales,Cereales,Maíz,Maíz blanco tecnificado,2022,2022A,Transitorio,"0,00","1,00","2,00","2,00",1010403,0.0,1.0,2.0,2.0
54,Norte de Santander,54871,Villa Caro,Cereales,Cereales,Maíz,Maíz blanco tradicional,2022,2022B,Transitorio,"0,00","0,50","0,75","1,50",1010404,0.0,0.5,0.75,1.5
54,Norte de Santander,54871,Villa Caro,Cereales,Cereales,Maíz,Maíz blanco tradicional,2023,2023B,Transitorio,"0,00","1,00","1,50","1,50",1010404,0.0,1.0,1.5,1.5
63,Quindío,63130,Calarcá,Cereales,Cereales,Maíz,Maíz amarillo tradicional,2025,2025B,Transitorio,"0,00","1,80","0,76","0,42",1010402,0.0,1.8,0.76,0.42
63,Quindío,63130,Calarcá,Hortalizas,Hortalizas de fruto,Pepino Cohombro,Pepino cohombro,2025,2025B,Transitorio,"0,00","1,30","13,00","10,00",1052300,0.0,1.3,13.0,10.0
63,Quindío,63130,Calarcá,Raíces y tubérculos,Raíces y tubérculos,Yuca,Yuca consumo en fresco,2022,2022B,Transitorio,"0,00","2,00","32,00","16,00",1081001,0.0,2.0,32.0,16.0
63,Quindío,63190,Circasia,Raíces y tubérculos,Raíces y tubérculos,Yuca,Yuca consumo en fresco,2024,2024B,Transitorio,"0,00","12,00","144,00","12,00",1081001,0.0,12.0,144.0,12.0
63,Quindío,63212,Córdoba,Raíces y tubérculos,Raíces y tubérculos,Arracacha,Arracacha,2022,2022A,Transitorio,"0,00","1,00","8,00","8,00",1080200,0.0,1.0,8.0,8.0
63,Quindío,63212,Córdoba,Raíces y tubérculos,Raíces y tubérculos,Arracacha,Arracacha,2023,2023A,Transitorio,"0,00","1,00","8,00","8,00",1080200,0.0,1.0,8.0,8.0
63,Quindío,63212,Córdoba,Raíces y tubérculos,Raíces y tubérculos,Yuca,Yuca consumo en fresco,2022,2022B,Transitorio,"0,00","8,00","56,00","7,00",1081001,0.0,8.0,56.0,7.0
63,Quindío,63212,Córdoba,Raíces y tubérculos,Raíces y tubérculos,Yuca,Yuca consumo en fresco,2023,2023B,Transitorio,"0,00","10,00","70,00","7,00",1081001,0.0,10.0,70.0,7.0
63,Quindío,63470,Montenegro,Hortalizas,Hortalizas de fruto,Tomate,Tomate invernadero,2023,2023A,Transitorio,"0,00","82,00","2.460,00","30,00",1052902,0.0,82.0,2460.0,30.0
63,Quindío,63548,Pijao,Leguminosas,Leguminosas,Arveja,Arveja,2025,2025A,Transitorio,"0,00","3,00","4,50","1,50",1060100,0.0,3.0,4.5,1.5
63,Quindío,63548,Pijao,Leguminosas,Leguminosas,Frijol,Frijol,2023,2023B,Transitorio,"0,00","0,50","1,00","2,00",1060200,0.0,0.5,1.0,2.0
63,Quindío,63548,Pijao,Leguminosas,Leguminosas,Habichuela,Habichuela,2025,2025A,Transitorio,"0,00","3,00","30,00","10,00",1060600,0.0,3.0,30.0,10.0
63,Quindío,63548,Pijao,Cereales,Cereales,Maíz,Maíz amarillo tradicional,2023,2023B,Transitorio,"0,00","2,00","4,00","2,00",1010402,0.0,2.0,4.0,2.0
63,Quindío,63548,Pijao,Cereales,Cereales,Maíz,Maíz blanco tradicional,2022,2022B,Transitorio,"0,00","1,00","3,00","3,00",1010404,0.0,1.0,3.0,3.0
63,Quindío,63548,Pijao,Cereales,Cereales,Maíz,Maíz blanco tradicional,2023,2023B,Transitorio,"0,00","1,00","2,00","2,00",1010404,0.0,1.0,2.0,2.0
63,Quindío,63548,Pijao,Cereales,Cereales,Maíz,Maíz blanco tradicional,2025,2025B,Transitorio,"0,00","0,50","0,75","1,50",1010404,0.0,0.5,0.75,1.5
63,Quindío,63548,Pijao,Raíces y tubérculos,Raíces y tubérculos,Yuca,Yuca consumo en fresco,2022,2022A,Transitorio,"0,00","2,30","11,50","5,00",1081001,0.0,2.3,11.5,5.0
63,Quindío,63548,Pijao,Raíces y tubérculos,Raíces y tubérculos,Yuca,Yuca consumo en fresco,2023,2023A,Transitorio,"0,00","1,00","5,00","5,00",1081001,0.0,1.0,5.0,5.0
63,Quindío,63594,Quimbaya,"Cultivos para condimentos, bebidas medicinales y aromáticas",Condimentos,Jengibre,Jengibre,2022,2022B,Transitorio,"0,00","0,64","2,56","4,00",1021400,0.0,0.64,2.56,4.0
63,Quindío,63594,Quimbaya,Raíces y tubérculos,Raíces y tubérculos,Yuca,Yuca consumo en fresco,2023,2023B,Transitorio,"0,00","78,00","1.404,00","18,00",1081001,0.0,78.0,1404.0,18.0
63,Quindío,63690,Salento,Raíces y tubérculos,Raíces y tubérculos,Arracacha,Arracacha,2023,2023B,Transitorio,"0,00","4,48","35,84","8,00",1080200,0.0,4.48,35.84,8.0
63,Quindío,63690,Salento,Raíces y tubérculos,Raíces y tubérculos,Arracacha,Arracacha,2024,2024A,Transitorio,"0,00","1,90","15,20","8,00",1080200,0.0,1.9,15.2,8.0
63,Quindío,63690,Salento,Leguminosas,Leguminosas,Frijol,Frijol,2022,2022A,Transitorio,"0,00","4,70","6,57","1,40",1060200,0.0,4.7,6.57,1.4
63,Quindío,63690,Salento,Leguminosas,Leguminosas,Frijol,Frijol,2023,2023A,Transitorio,"0,00","1,00","2,00","2,00",1060200,0.0,1.0,2.0,2.0
63,Quindío,63690,Salento,Raíces y tubérculos,Raíces y tubérculos,Yuca,Yuca consumo en fresco,2025,2025A,Transitorio,"0,00","1,00","12,00","12,00",1081001,0.0,1.0,12.0,12.0
66,Risaralda,66001,Pereira,Cereales,Cereales,Maíz,Maíz blanco tecnificado,2024,2024A,Transitorio,"0,00","215,00","1.182,50","5,50",1010403,0.0,215.0,1182.5,5.5
66,Risaralda,66001,Pereira,Raíces y tubérculos,Raíces y tubérculos,Yuca,Yuca consumo en fresco,2024,2024A,Transitorio,"0,00","100,00","600,00","6,00",1081001,0.0,100.0,600.0,6.0
66,Risaralda,66075,Balboa,Raíces y tubérculos,Raíces y tubérculos,Yuca,Yuca consumo en fresco,2025,2025A,Transitorio,"0,00","3,00","27,00","9,00",1081001,0.0,3.0,27.0,9.0
66,Risaralda,66088,Belén de Umbría,Cereales,Cereales,Maíz,Maíz amarillo tecnificado,2022,2022B,Transitorio,"0,00","13,00","58,50","4,50",1010401,0.0,13.0,58.5,4.5
66,Risaralda,66088,Belén de Umbría,Cereales,Cereales,Maíz,Maíz amarillo tradicional,2022,2022B,Transitorio,"0,00","4,00","2,80","0,70",1010402,0.0,4.0,2.8,0.7
66,Risaralda,66170,Dosquebradas,Raíces y tubérculos,Raíces y tubérculos,Yuca,Yuca consumo en fresco,2023,2023B,Transitorio,"0,00","1,60","16,00","10,00",1081001,0.0,1.6,16.0,10.0
66,Risaralda,66170,Dosquebradas,Raíces y tubérculos,Raíces y tubérculos,Yuca,Yuca consumo en fresco,2024,2024B,Transitorio,"0,00","5,60","56,00","10,00",1081001,0.0,5.6,56.0,10.0
66,Risaralda,66170,Dosquebradas,Raíces y tubérculos,Raíces y tubérculos,Yuca,Yuca consumo en fresco,2025,2025B,Transitorio,"0,00","2,35","23,50","10,00",1081001,0.0,2.35,23.5,10.0
66,Risaralda,66318,Guática,Cereales,Cereales,Maíz,Maíz amarillo tradicional,2024,2024B,Transitorio,"0,00","20,00","40,00","2,00",1010402,0.0,20.0,40.0,2.0
66,Risaralda,66318,Guática,Hortalizas,Hortalizas de fruto,Pimentón,Pimentón,2024,2024B,Transitorio,"0,00","8,00","64,00","8,00",1052500,0.0,8.0,64.0,8.0
66,Risaralda,66383,La Celia,Cereales,Cereales,Maíz,Maíz amarillo tecnificado,2023,2023A,Transitorio,"0,00","12,00","36,00","3,00",1010401,0.0,12.0,36.0,3.0
66,Risaralda,66383,La Celia,Cereales,Cereales,Maíz,Maíz amarillo tradicional,2022,2022B,Transitorio,"0,00","16,00","48,00","3,00",1010402,0.0,16.0,48.0,3.0
66,Risaralda,66383,La Celia,Raíces y tubérculos,Raíces y tubérculos,Yuca,Yuca consumo en fresco,2022,2022A,Transitorio,"0,00","0,50","2,50","5,00",1081001,0.0,0.5,2.5,5.0
66,Risaralda,66440,Marsella,Cereales,Cereales,Maíz,Maíz amarillo tradicional,2025,2025A,Transitorio,"0,00","3,00","6,00","2,00",1010402,0.0,3.0,6.0,2.0
66,Risaralda,66440,Marsella,Raíces y tubérculos,Raíces y tubérculos,Yuca,Yuca consumo en fresco,2023,2023B,Transitorio,"0,00","1,00","10,00","10,00",1081001,0.0,1.0,10.0,10.0
66,Risaralda,66456,Mistrató,Raíces y tubérculos,Raíces y tubérculos,Yuca,Yuca consumo en fresco,2023,2023B,Transitorio,"0,00","10,00","100,00","10,00",1081001,0.0,10.0,100.0,10.0
66,Risaralda,66456,Mistrató,Raíces y tubérculos,Raíces y tubérculos,Yuca,Yuca consumo en fresco,2025,2025B,Transitorio,"0,00","3,00","24,00","8,00",1081001,0.0,3.0,24.0,8.0
68,Santander,68013,Aguada,Cereales,Cereales,Maíz,Maíz blanco tradicional,2022,2022B,Transitorio,"0,00","6,00","15,00","2,50",1010404,0.0,6.0,15.0,2.5
68,Santander,68013,Aguada,Cereales,Cereales,Maíz,Maíz blanco tradicional,2023,2023B,Transitorio,"0,00","4,00","10,00","2,50",1010404,0.0,4.0,10.0,2.5
68,Santander,68013,Aguada,Cereales,Cereales,Maíz,Maíz blanco tradicional,2024,2024B,Transitorio,"0,00","3,00","7,50","2,50",1010404,0.0,3.0,7.5,2.5
68,Santander,68013,Aguada,Cereales,Cereales,Maíz,Maíz blanco tradicional,2025,2025B,Transitorio,"0,00","2,00","5,00","2,50",1010404,0.0,2.0,5.0,2.5
68,Santander,68013,Aguada,Raíces y tubérculos,Raíces y tubérculos,Papa,Papa todas las variedades,2025,2025B,Transitorio,"0,00","2,00","38,00","19,00",1080701,0.0,2.0,38.0,19.0
68,Santander,68092,Betulia,Raíces y tubérculos,Raíces y tubérculos,Arracacha,Arracacha,2025,2025A,Transitorio,"0,00","1,00","8,00","8,00",1080200,0.0,1.0,8.0,8.0
68,Santander,68092,Betulia,Cereales,Cereales,Maíz,Maíz amarillo tradicional,2025,2025B,Transitorio,"0,00","30,00","45,00","1,50",1010402,0.0,30.0,45.0,1.5
68,Santander,68092,Betulia,Cereales,Cereales,Maíz,Maíz blanco tradicional,2025,2025A,Transitorio,"0,00","1,50","1,50","1,00",1010404,0.0,1.5,1.5,1.0
68,Santander,68132,California,Raíces y tubérculos,Raíces y tubérculos,Arracacha,Arracacha,2025,2025B,Transitorio,"0,00","0,50","4,50","9,00",1080200,0.0,0.5,4.5,9.0
68,Santander,68132,California,Leguminosas,Leguminosas,Frijol,Frijol,2025,2025B,Transitorio,"0,00","2,00","2,00","1,00",1060200,0.0,2.0,2.0,1.0
68,Santander,68132,California,Cereales,Cereales,Trigo,Trigo,2025,2025B,Transitorio,"0,00","1,00","1,00","1,00",1010800,0.0,1.0,1.0,1.0
68,Santander,68132,California,Raíces y tubérculos,Raíces y tubérculos,Yuca,Yuca industrial,2024,2024B,Transitorio,"0,00","2,00","10,00","5,00",1081002,0.0,2.0,10.0,5.0
68,Santander,68132,California,Raíces y tubérculos,Raíces y tubérculos,Yuca,Yuca industrial,2025,2025B,Transitorio,"0,00","1,50","7,50","5,00",1081002,0.0,1.5,7.5,5.0
68,Santander,68152,Carcasí,Hortalizas,Hortalizas de raíz,Ajo,Ajo,2022,2022B,Transitorio,"0,00","10,00","100,00","10,00",1050400,0.0,10.0,100.0,10.0
68,Santander,68152,Carcasí,Hortalizas,Hortalizas de raíz,Ajo,Ajo,2023,2023B,Transitorio,"0,00","10,00","100,00","10,00",1050400,0.0,10.0,100.0,10.0
68,Santander,68152,Carcasí,Hortalizas,Hortalizas de raíz,Ajo,Ajo,2024,2024B,Transitorio,"0,00","10,00","100,00","10,00",1050400,0.0,10.0,100.0,10.0
68,Santander,68152,Carcasí,Hortalizas,Hortalizas de raíz,Ajo,Ajo,2025,2025B,Transitorio,"0,00","11,50","115,00","10,00",1050400,0.0,11.5,115.0,10.0
68,Santander,68152,Carcasí,Raíces y tubérculos,Raíces y tubérculos,Papa,Papa todas las variedades,2022,2022B,Transitorio,"0,00","246,00","3.936,00","16,00",1080701,0.0,246.0,3936.0,16.0
68,Santander,68152,Carcasí,Raíces y tubérculos,Raíces y tubérculos,Papa,Papa todas las variedades,2023,2023B,Transitorio,"0,00","240,00","3.840,00","16,00",1080701,0.0,240.0,3840.0,16.0
68,Santander,68160,Cepitá,Leguminosas,Leguminosas,Frijol,Frijol,2024,2024B,Transitorio,"0,00","4,75","7,81","1,64",1060200,0.0,4.75,7.81,1.64
68,Santander,68160,Cepitá,Cereales,Cereales,Maíz,Maíz amarillo tradicional,2024,2024B,Transitorio,"0,00","3,30","3,30","1,00",1010402,0.0,3.3,3.3,1.0
68,Santander,68160,Cepitá,Cereales,Cereales,Maíz,Maíz amarillo tradicional,2025,2025B,Transitorio,"0,00","5,00","5,00","1,00",1010402,0.0,5.0,5.0,1.0
68,Santander,68160,Cepitá,Cultivos tropicales tradicionales,Cultivos tropicales tradicionales,Tabaco,Tabaco,2022,2022B,Transitorio,"0,00","23,00","46,00","2,00",1030700,0.0,23.0,46.0,2.0
68,Santander,68160,Cepitá,Cultivos tropicales tradicionales,Cultivos tropicales tradicionales,Tabaco,Tabaco,2023,2023B,Transitorio,"0,00","15,00","30,00","2,00",1030700,0.0,15.0,30.0,2.0
68,Santander,68160,Cepitá,Raíces y tubérculos,Raíces y tubérculos,Yuca,Yuca consumo en fresco,2022,2022B,Transitorio,"0,00","5,00","100,00","20,00",1081001,0.0,5.0,100.0,20.0
68,Santander,68160,Cepitá,Raíces y tubérculos,Raíces y tubérculos,Yuca,Yuca consumo en fresco,2023,2023B,Transitorio,"0,00","6,00","120,00","20,00",1081001,0.0,6.0,120.0,20.0
68,Santander,68160,Cepitá,Raíces y tubérculos,Raíces y tubérculos,Yuca,Yuca consumo en fresco,2024,2024B,Transitorio,"0,00","1,00","18,00","18,00",1081001,0.0,1.0,18.0,18.0
68,Santander,68167,Charalá,Cultivos tropicales tradicionales,Cultivos tropicales tradicionales,Algodón,Algodón,2022,2022B,Transitorio,"0,00","2,00","7,75","3,88",1030100,0.0,2.0,7.75,3.88
68,Santander,68167,Charalá,Cultivos tropicales tradicionales,Cultivos tropicales tradicionales,Algodón,Algodón,2023,2023B,Transitorio,"0,00","2,00","7,75","3,88",1030100,0.0,2.0,7.75,3.88
68,Santander,68169,Charta,Raíces y tubérculos,Raíces y tubérculos,Arracacha,Arracacha,2022,2022B,Transitorio,"0,00","10,00","70,00","7,00",1080200,0.0,10.0,70.0,7.0
68,Santander,68169,Charta,Raíces y tubérculos,Raíces y tubérculos,Arracacha,Arracacha,2024,2024B,Transitorio,"0,00","8,00","56,00","7,00",1080200,0.0,8.0,56.0,7.0
68,Santander,68169,Charta,Raíces y tubérculos,Raíces y tubérculos,Arracacha,Arracacha,2025,2025B,Transitorio,"0,00","10,00","70,00","7,00",1080200,0.0,10.0,70.0,7.0
68,Santander,68179,Chipatá,Hortalizas,Hortalizas de fruto,Ají,Ají,2022,2022B,Transitorio,"0,00","1,50","4,50","3,00",1050300,0.0,1.5,4.5,3.0
68,Santander,68179,Chipatá,Hortalizas,Hortalizas de fruto,Ají,Ají,2023,2023B,Transitorio,"0,00","1,50","4,50","3,00",1050300,0.0,1.5,4.5,3.0
68,Santander,68179,Chipatá,Hortalizas,Hortalizas de fruto,Ají,Ají,2024,2024B,Transitorio,"0,00","1,50","4,50","3,00",1050300,0.0,1.5,4.5,3.0
68,Santander,68179,Chipatá,Hortalizas,Hortalizas de fruto,Ají,Ají,2025,2025B,Transitorio,"0,00","0,50","1,50","3,00",1050300,0.0,0.5,1.5,3.0
68,Santander,68229,Curití,Hortalizas,Hortalizas de fruto,Pimentón,Pimentón,2022,2022B,Transitorio,"0,00","13,00","260,00","20,00",1052500,0.0,13.0,260.0,20.0
68,Santander,68229,Curití,Raíces y tubérculos,Raíces y tubérculos,Yuca,Yuca consumo en fresco,2025,2025B,Transitorio,"0,00","25,00","200,00","8,00",1081001,0.0,25.0,200.0,8.0
68,Santander,68271,Florián,Raíces y tubérculos,Raíces y tubérculos,Papa,Papa todas las variedades,2025,2025B,Transitorio,"0,00","3,00","18,00","6,00",1080701,0.0,3.0,18.0,6.0
68,Santander,68271,Florián,Hortalizas,Hortalizas de fruto,Tomate,Tomate,2025,2025A,Transitorio,"0,00","3,00","49,74","16,58",1052901,0.0,3.0,49.74,16.58
68,Santander,68318,Guaca,Leguminosas,Leguminosas,Haba,Haba,2022,2022B,Transitorio,"0,00","7,90","12,23","1,55",1060500,0.0,7.9,12.23,1.55
68,Santander,68318,Guaca,Leguminosas,Leguminosas,Haba,Haba,2023,2023B,Transitorio,"0,00","8,00","12,39","1,55",1060500,0.0,8.0,12.39,1.55
68,Santander,68324,Guavatá,Cereales,Cereales,Maíz,Maíz amarillo tradicional,2022,2022B,Transitorio,"0,00","69,00","75,90","1,10",1010402,0.0,69.0,75.9,1.1
68,Santander,68324,Guavatá,Cereales,Cereales,Maíz,Maíz amarillo tradicional,2023,2023B,Transitorio,"0,00","70,00","77,00","1,10",1010402,0.0,70.0,77.0,1.1
68,Santander,68324,Guavatá,Cereales,Cereales,Maíz,Maíz blanco tradicional,2022,2022B,Transitorio,"0,00","35,00","38,50","1,10",1010404,0.0,35.0,38.5,1.1
68,Santander,68324,Guavatá,Cereales,Cereales,Maíz,Maíz blanco tradicional,2023,2023B,Transitorio,"0,00","30,00","33,00","1,10",1010404,0.0,30.0,33.0,1.1
68,Santander,68377,La Belleza,Raíces y tubérculos,Raíces y tubérculos,"Malanga, achín, yota, papa china, bore","Malanga, achín, yota, papa china, bore",2022,2022B,Transitorio,"0,00","1,00","1,00","1,00",1080400,0.0,1.0,1.0,1.0
68,Santander,68377,La Belleza,Raíces y tubérculos,Raíces y tubérculos,"Malanga, achín, yota, papa china, bore","Malanga, achín, yota, papa china, bore",2023,2023B,Transitorio,"0,00","1,00","1,00","1,00",1080400,0.0,1.0,1.0,1.0
68,Santander,68377,La Belleza,Raíces y tubérculos,Raíces y tubérculos,"Malanga, achín, yota, papa china, bore","Malanga, achín, yota, papa china, bore",2024,2024B,Transitorio,"0,00","1,00","1,00","1,00",1080400,0.0,1.0,1.0,1.0
68,Santander,68377,La Belleza,Raíces y tubérculos,Raíces y tubérculos,"Malanga, achín, yota, papa china, bore","Malanga, achín, yota, papa china, bore",2025,2025B,Transitorio,"0,00","1,50","1,50","1,00",1080400,0.0,1.5,1.5,1.0
68,Santander,68385,Landázuri,Cereales,Cereales,Maíz,Maíz amarillo tradicional,2025,2025A,Transitorio,"0,00","27,00","121,50","4,50",1010402,0.0,27.0,121.5,4.5
68,Santander,68425,Macaravita,Cereales,Cereales,Maíz,Maíz blanco tradicional,2025,2025B,Transitorio,"0,00","3,00","2,49","0,83",1010404,0.0,3.0,2.49,0.83
68,Santander,68425,Macaravita,Cereales,Cereales,Trigo,Trigo,2022,2022B,Transitorio,"0,00","5,90","5,02","0,85",1010800,0.0,5.9,5.02,0.85
68,Santander,68425,Macaravita,Cereales,Cereales,Trigo,Trigo,2023,2023B,Transitorio,"0,00","6,00","5,10","0,85",1010800,0.0,6.0,5.1,0.85
68,Santander,68425,Macaravita,Cereales,Cereales,Trigo,Trigo,2024,2024B,Transitorio,"0,00","6,00","5,10","0,85",1010800,0.0,6.0,5.1,0.85
68,Santander,68425,Macaravita,Cereales,Cereales,Trigo,Trigo,2025,2025B,Transitorio,"0,00","4,50","3,82","0,85",1010800,0.0,4.5,3.82,0.85
68,Santander,68432,Málaga,Cultivos tropicales tradicionales,Cultivos tropicales tradicionales,Tabaco,Tabaco,2022,2022B,Transitorio,"0,00","2,00","4,00","2,00",1030700,0.0,2.0,4.0,2.0
68,Santander,68432,Málaga,Raíces y tubérculos,Raíces y tubérculos,Yuca,Yuca consumo en fresco,2024,2024A,Transitorio,"0,00","3,00","59,40","19,80",1081001,0.0,3.0,59.4,19.8
68,Santander,68444,Matanza,Raíces y tubérculos,Raíces y tubérculos,Arracacha,Arracacha,2022,2022B,Transitorio,"0,00","4,00","32,00","8,00",1080200,0.0,4.0,32.0,8.0
68,Santander,68444,Matanza,Raíces y tubérculos,Raíces y tubérculos,Arracacha,Arracacha,2023,2023B,Transitorio,"0,00","4,00","32,00","8,00",1080200,0.0,4.0,32.0,8.0
68,Santander,68444,Matanza,Raíces y tubérculos,Raíces y tubérculos,Arracacha,Arracacha,2024,2024B,Transitorio,"0,00","4,00","32,00","8,00",1080200,0.0,4.0,32.0,8.0
68,Santander,68444,Matanza,Raíces y tubérculos,Raíces y tubérculos,Yuca,Yuca consumo en fresco,2025,2025B,Transitorio,"0,00","9,50","133,00","14,00",1081001,0.0,9.5,133.0,14.0
68,Santander,68500,Oiba,Raíces y tubérculos,Raíces y tubérculos,Yuca,Yuca consumo en fresco,2024,2024B,Transitorio,"0,00","48,00","720,00","15,00",1081001,0.0,48.0,720.0,15.0
68,Santander,68500,Oiba,Raíces y tubérculos,Raíces y tubérculos,Yuca,Yuca consumo en fresco,2025,2025B,Transitorio,"0,00","50,00","750,00","15,00",1081001,0.0,50.0,750.0,15.0
68,Santander,68502,Onzaga,Raíces y tubérculos,Raíces y tubérculos,Yuca,Yuca consumo en fresco,2024,2024B,Transitorio,"0,00","1,00","13,00","13,00",1081001,0.0,1.0,13.0,13.0
68,Santander,68522,Palmar,Cereales,Cereales,Millo,Millo,2024,2024A,Transitorio,"0,00","2,00","3,00","1,50",1010500,0.0,2.0,3.0,1.5
68,Santander,68522,Palmar,Cereales,Cereales,Sorgo,Sorgo,2022,2022A,Transitorio,"0,00","0,50","2,50","5,00",1010700,0.0,0.5,2.5,5.0
68,Santander,68522,Palmar,Cereales,Cereales,Sorgo,Sorgo,2023,2023A,Transitorio,"0,00","0,50","0,75","1,50",1010700,0.0,0.5,0.75,1.5
68,Santander,68549,Pinchote,Raíces y tubérculos,Raíces y tubérculos,Yuca,Yuca consumo en fresco,2022,2022B,Transitorio,"0,00","95,00","1.900,00","20,00",1081001,0.0,95.0,1900.0,20.0
68,Santander,68615,Rionegro,Leguminosas,Leguminosas,Habichuela,Habichuela,2024,2024A,Transitorio,"0,00","30,00","360,00","12,00",1060600,0.0,30.0,360.0,12.0
68,Santander,68655,Sabana de Torres,Cereales,Cereales,Maíz,Maíz blanco tecnificado,2022,2022B,Transitorio,"0,00","25,00","100,00","4,00",1010403,0.0,25.0,100.0,4.0
68,Santander,68669,San Andrés,Leguminosas,Leguminosas,Haba,Haba,2022,2022B,Transitorio,"0,00","1,00","1,00","1,00",1060500,0.0,1.0,1.0,1.0
68,Santander,68669,San Andrés,Cereales,Cereales,Maíz,Maíz amarillo tecnificado,2022,2022A,Transitorio,"0,00","8,00","32,00","4,00",1010401,0.0,8.0,32.0,4.0
68,Santander,68669,San Andrés,Cereales,Cereales,Maíz,Maíz amarillo tradicional,2022,2022B,Transitorio,"0,00","100,00","300,00","3,00",1010402,0.0,100.0,300.0,3.0
68,Santander,68669,San Andrés,Cereales,Cereales,Maíz,Maíz blanco tradicional,2022,2022B,Transitorio,"0,00","10,00","30,00","3,00",1010404,0.0,10.0,30.0,3.0
68,Santander,68673,San Benito,Cereales,Cereales,Maíz,Maíz blanco tecnificado,2025,2025A,Transitorio,"0,00","2,00","8,00","4,00",1010403,0.0,2.0,8.0,4.0
68,Santander,68679,San Gil,Leguminosas,Leguminosas,Arveja,Arveja,2024,2024B,Transitorio,"0,00","3,00","3,93","1,31",1060100,0.0,3.0,3.93,1.31
68,Santander,68679,San Gil,Cultivos tropicales tradicionales,Cultivos tropicales tradicionales,Tabaco,Tabaco,2024,2024B,Transitorio,"0,00","15,00","12,00","0,80",1030700,0.0,15.0,12.0,0.8
68,Santander,68679,San Gil,Cultivos tropicales tradicionales,Cultivos tropicales tradicionales,Tabaco,Tabaco,2025,2025B,Transitorio,"0,00","15,00","15,00","1,00",1030700,0.0,15.0,15.0,1.0
68,Santander,68682,San Joaquín,Cereales,Cereales,Maíz,Maíz amarillo tradicional,2022,2022B,Transitorio,"0,00","15,00","15,00","1,00",1010402,0.0,15.0,15.0,1.0
68,Santander,68682,San Joaquín,Cereales,Cereales,Maíz,Maíz amarillo tradicional,2023,2023B,Transitorio,"0,00","16,90","18,59","1,10",1010402,0.0,16.9,18.59,1.1
68,Santander,68682,San Joaquín,Cereales,Cereales,Maíz,Maíz amarillo tradicional,2024,2024B,Transitorio,"0,00","17,00","18,70","1,10",1010402,0.0,17.0,18.7,1.1
68,Santander,68682,San Joaquín,Cereales,Cereales,Maíz,Maíz amarillo tradicional,2025,2025B,Transitorio,"0,00","17,00","19,55","1,15",1010402,0.0,17.0,19.55,1.15
68,Santander,68682,San Joaquín,Cereales,Cereales,Maíz,Maíz blanco tradicional,2022,2022B,Transitorio,"0,00","8,00","8,00","1,00",1010404,0.0,8.0,8.0,1.0
68,Santander,68682,San Joaquín,Cereales,Cereales,Maíz,Maíz blanco tradicional,2023,2023B,Transitorio,"0,00","9,00","10,80","1,20",1010404,0.0,9.0,10.8,1.2
68,Santander,68682,San Joaquín,Cereales,Cereales,Maíz,Maíz blanco tradicional,2024,2024B,Transitorio,"0,00","9,00","10,80","1,20",1010404,0.0,9.0,10.8,1.2
68,Santander,68682,San Joaquín,Cereales,Cereales,Maíz,Maíz blanco tradicional,2025,2025B,Transitorio,"0,00","9,00","10,80","1,20",1010404,0.0,9.0,10.8,1.2
68,Santander,68682,San Joaquín,Raíces y tubérculos,Raíces y tubérculos,Papa,Papa todas las variedades,2022,2022B,Transitorio,"0,00","3,00","24,00","8,00",1080701,0.0,3.0,24.0,8.0
68,Santander,68682,San Joaquín,Raíces y tubérculos,Raíces y tubérculos,Papa,Papa todas las variedades,2023,2023B,Transitorio,"0,00","3,00","24,00","8,00",1080701,0.0,3.0,24.0,8.0
68,Santander,68682,San Joaquín,Raíces y tubérculos,Raíces y tubérculos,Papa,Papa todas las variedades,2024,2024B,Transitorio,"0,00","3,00","24,00","8,00",1080701,0.0,3.0,24.0,8.0
68,Santander,68682,San Joaquín,Raíces y tubérculos,Raíces y tubérculos,Papa,Papa todas las variedades,2025,2025B,Transitorio,"0,00","3,00","24,00","8,00",1080701,0.0,3.0,24.0,8.0
68,Santander,68686,San Miguel,Cultivos tropicales tradicionales,Cultivos tropicales tradicionales,Tabaco,Tabaco,2022,2022B,Transitorio,"0,00","3,00","6,00","2,00",1030700,0.0,3.0,6.0,2.0
68,Santander,68686,San Miguel,Cultivos tropicales tradicionales,Cultivos tropicales tradicionales,Tabaco,Tabaco,2023,2023B,Transitorio,"0,00","3,00","6,00","2,00",1030700,0.0,3.0,6.0,2.0
68,Santander,68686,San Miguel,Cultivos tropicales tradicionales,Cultivos tropicales tradicionales,Tabaco,Tabaco,2024,2024B,Transitorio,"0,00","5,00","10,00","2,00",1030700,0.0,5.0,10.0,2.0
68,Santander,68686,San Miguel,Cultivos tropicales tradicionales,Cultivos tropicales tradicionales,Tabaco,Tabaco,2025,2025B,Transitorio,"0,00","6,00","12,00","2,00",1030700,0.0,6.0,12.0,2.0
68,Santander,68686,San Miguel,Cereales,Cereales,Trigo,Trigo,2022,2022A,Transitorio,"0,00","30,00","36,00","1,20",1010800,0.0,30.0,36.0,1.2
68,Santander,68686,San Miguel,Cereales,Cereales,Trigo,Trigo,2023,2023A,Transitorio,"0,00","30,00","37,50","1,25",1010800,0.0,30.0,37.5,1.25
68,Santander,68686,San Miguel,Cereales,Cereales,Trigo,Trigo,2024,2024A,Transitorio,"0,00","30,00","37,50","1,25",1010800,0.0,30.0,37.5,1.25
68,Santander,68686,San Miguel,Cereales,Cereales,Trigo,Trigo,2025,2025A,Transitorio,"0,00","30,00","39,00","1,30",1010800,0.0,30.0,39.0,1.3
68,Santander,68689,San Vicente de Chucurí,Cereales,Cereales,Maíz,Maíz blanco tradicional,2022,2022B,Transitorio,"0,00","17,50","29,75","1,70",1010404,0.0,17.5,29.75,1.7
68,Santander,68689,San Vicente de Chucurí,Cereales,Cereales,Maíz,Maíz blanco tradicional,2023,2023B,Transitorio,"0,00","17,00","27,20","1,60",1010404,0.0,17.0,27.2,1.6
68,Santander,68689,San Vicente de Chucurí,Cereales,Cereales,Maíz,Maíz blanco tradicional,2024,2024B,Transitorio,"0,00","18,00","20,14","1,12",1010404,0.0,18.0,20.14,1.12
68,Santander,68689,San Vicente de Chucurí,Cereales,Cereales,Maíz,Maíz blanco tradicional,2025,2025B,Transitorio,"0,00","18,00","20,14","1,12",1010404,0.0,18.0,20.14,1.12
68,Santander,68780,Suratá,Raíces y tubérculos,Raíces y tubérculos,Arracacha,Arracacha,2023,2023A,Transitorio,"0,00","60,00","420,00","7,00",1080200,0.0,60.0,420.0,7.0
68,Santander,68780,Suratá,Hortalizas,Hortalizas de fruto,Pimentón,Pimentón,2025,2025B,Transitorio,"0,00","9,00","90,00","10,00",1052500,0.0,9.0,90.0,10.0
68,Santander,68820,Tona,Raíces y tubérculos,Raíces y tubérculos,Papa,Papa todas las variedades,2023,2023B,Transitorio,"0,00","270,00","7.560,00","28,00",1080701,0.0,270.0,7560.0,28.0
68,Santander,68820,Tona,Raíces y tubérculos,Raíces y tubérculos,Papa,Papa todas las variedades,2024,2024B,Transitorio,"0,00","580,00","16.240,00","28,00",1080701,0.0,580.0,16240.0,28.0
68,Santander,68820,Tona,Raíces y tubérculos,Raíces y tubérculos,Papa,Papa todas las variedades,2025,2025B,Transitorio,"0,00","820,00","22.960,00","28,00",1080701,0.0,820.0,22960.0,28.0
68,Santander,68820,Tona,Raíces y tubérculos,Raíces y tubérculos,Yuca,Yuca consumo en fresco,2023,2023B,Transitorio,"0,00","21,00","294,00","14,00",1081001,0.0,21.0,294.0,14.0
68,Santander,68867,Vetas,Leguminosas,Leguminosas,Arveja,Arveja,2025,2025B,Transitorio,"0,00","0,20","0,19","0,95",1060100,0.0,0.2,0.19,0.95
68,Santander,68867,Vetas,Hortalizas,Hortalizas de tallo,Cebolla de rama,Cebolla de rama,2023,2023B,Transitorio,"0,00","3,00","60,00","20,00",1051200,0.0,3.0,60.0,20.0
68,Santander,68867,Vetas,Hortalizas,Hortalizas de tallo,Cebolla de rama,Cebolla de rama,2024,2024B,Transitorio,"0,00","3,00","57,00","19,00",1051200,0.0,3.0,57.0,19.0
68,Santander,68867,Vetas,Hortalizas,Hortalizas de tallo,Cebolla de rama,Cebolla de rama,2025,2025A,Transitorio,"0,00","3,00","57,00","19,00",1051200,0.0,3.0,57.0,19.0
68,Santander,68867,Vetas,Hortalizas,Hortalizas de tallo,Cebolla de rama,Cebolla de rama,2025,2025B,Transitorio,"0,00","3,00","57,00","19,00",1051200,0.0,3.0,57.0,19.0
68,Santander,68895,Zapatoca,Raíces y tubérculos,Raíces y tubérculos,Arracacha,Arracacha,2022,2022B,Transitorio,"0,00","8,00","120,00","15,00",1080200,0.0,8.0,120.0,15.0
68,Santander,68895,Zapatoca,Raíces y tubérculos,Raíces y tubérculos,Arracacha,Arracacha,2023,2023B,Transitorio,"0,00","8,00","116,00","14,50",1080200,0.0,8.0,116.0,14.5
68,Santander,68895,Zapatoca,Hortalizas,Hortalizas de tallo,Cebolla de rama,Cebolla de rama,2022,2022B,Transitorio,"0,00","3,70","92,50","25,00",1051200,0.0,3.7,92.5,25.0
68,Santander,68895,Zapatoca,Hortalizas,Hortalizas de tallo,Cebolla de rama,Cebolla de rama,2023,2023B,Transitorio,"0,00","4,00","98,00","24,50",1051200,0.0,4.0,98.0,24.5
70,Sucre,70001,Sincelejo,Hortalizas,Hortalizas de fruto,Ají,Ají,2023,2023B,Transitorio,"0,00","11,50","80,50","7,00",1050300,0.0,11.5,80.5,7.0
70,Sucre,70110,Buenavista,Hortalizas,Hortalizas de fruto,Ahuyama,Ahuyama,2024,2024B,Transitorio,"0,00","40,00","240,00","6,00",1050200,0.0,40.0,240.0,6.0
70,Sucre,70110,Buenavista,Hortalizas,Hortalizas de fruto,Ahuyama,Ahuyama,2025,2025B,Transitorio,"0,00","21,00","126,00","6,00",1050200,0.0,21.0,126.0,6.0
70,Sucre,70110,Buenavista,Oleaginosas,Oleaginosas,Ajonjolí,Ajonjolí,2025,2025A,Transitorio,"0,00","52,00","41,60","0,80",1070100,0.0,52.0,41.6,0.8
70,Sucre,70110,Buenavista,Hortalizas,Hortalizas de raíz,Batata,Batata,2024,2024B,Transitorio,"0,00","2,00","16,00","8,00",1050700,0.0,2.0,16.0,8.0
70,Sucre,70110,Buenavista,Hortalizas,Hortalizas de raíz,Batata,Batata,2025,2025B,Transitorio,"0,00","3,00","24,00","8,00",1050700,0.0,3.0,24.0,8.0
70,Sucre,70110,Buenavista,Cereales,Cereales,Maíz,Maíz amarillo tecnificado,2022,2022B,Transitorio,"0,00","29,00","58,00","2,00",1010401,0.0,29.0,58.0,2.0
70,Sucre,70110,Buenavista,Cereales,Cereales,Maíz,Maíz amarillo tradicional,2025,2025B,Transitorio,"0,00","18,50","18,50","1,00",1010402,0.0,18.5,18.5,1.0
70,Sucre,70110,Buenavista,Raíces y tubérculos,Raíces y tubérculos,Yuca,Yuca consumo en fresco,2022,2022B,Transitorio,"0,00","140,00","1.120,00","8,00",1081001,0.0,140.0,1120.0,8.0
70,Sucre,70110,Buenavista,Raíces y tubérculos,Raíces y tubérculos,Yuca,Yuca consumo en fresco,2023,2023B,Transitorio,"0,00","162,00","1.296,00","8,00",1081001,0.0,162.0,1296.0,8.0
70,Sucre,70110,Buenavista,Raíces y tubérculos,Raíces y tubérculos,Yuca,Yuca consumo en fresco,2024,2024B,Transitorio,"0,00","70,00","560,00","8,00",1081001,0.0,70.0,560.0,8.0
70,Sucre,70110,Buenavista,Raíces y tubérculos,Raíces y tubérculos,Yuca,Yuca consumo en fresco,2025,2025B,Transitorio,"0,00","70,00","700,00","10,00",1081001,0.0,70.0,700.0,10.0
70,Sucre,70110,Buenavista,Raíces y tubérculos,Raíces y tubérculos,Yuca,Yuca industrial,2023,2023B,Transitorio,"0,00","160,00","1.600,00","10,00",1081002,0.0,160.0,1600.0,10.0
70,Sucre,70110,Buenavista,Raíces y tubérculos,Raíces y tubérculos,Yuca,Yuca industrial,2024,2024B,Transitorio,"0,00","40,00","720,00","18,00",1081002,0.0,40.0,720.0,18.0
70,Sucre,70110,Buenavista,Raíces y tubérculos,Raíces y tubérculos,Yuca,Yuca industrial,2025,2025B,Transitorio,"0,00","2,00","30,00","15,00",1081002,0.0,2.0,30.0,15.0
70,Sucre,70124,Caimito,Cereales,Cereales,Maíz,Maíz amarillo tradicional,2025,2025B,Transitorio,"0,00","25,00","52,50","2,10",1010402,0.0,25.0,52.5,2.1
70,Sucre,70124,Caimito,Raíces y tubérculos,Raíces y tubérculos,Yuca,Yuca industrial,2025,2025A,Transitorio,"0,00","123,00","1.845,00","15,00",1081002,0.0,123.0,1845.0,15.0
70,Sucre,70204,Colosó,Cultivos tropicales tradicionales,Cultivos tropicales tradicionales,Tabaco,Tabaco,2022,2022B,Transitorio,"0,00","40,00","60,00","1,50",1030700,0.0,40.0,60.0,1.5
70,Sucre,70204,Colosó,Cultivos tropicales tradicionales,Cultivos tropicales tradicionales,Tabaco,Tabaco,2023,2023B,Transitorio,"0,00","30,00","45,00","1,50",1030700,0.0,30.0,45.0,1.5
70,Sucre,70204,Colosó,Cultivos tropicales tradicionales,Cultivos tropicales tradicionales,Tabaco,Tabaco,2024,2024B,Transitorio,"0,00","80,00","120,00","1,50",1030700,0.0,80.0,120.0,1.5
70,Sucre,70204,Colosó,Cultivos tropicales tradicionales,Cultivos tropicales tradicionales,Tabaco,Tabaco,2025,2025B,Transitorio,"0,00","60,00","90,00","1,50",1030700,0.0,60.0,90.0,1.5
70,Sucre,70204,Colosó,Raíces y tubérculos,Raíces y tubérculos,Yuca,Yuca consumo en fresco,2022,2022B,Transitorio,"0,00","150,00","1.050,00","7,00",1081001,0.0,150.0,1050.0,7.0
70,Sucre,70204,Colosó,Raíces y tubérculos,Raíces y tubérculos,Yuca,Yuca consumo en fresco,2023,2023B,Transitorio,"0,00","100,00","700,00","7,00",1081001,0.0,100.0,700.0,7.0
70,Sucre,70215,Corozal,Raíces y tubérculos,Raíces y tubérculos,Ñame,Ñame demás variedades,2022,2022B,Transitorio,"0,00","285,00","3.420,00","12,00",1080699,0.0,285.0,3420.0,12.0
70,Sucre,70215,Corozal,Raíces y tubérculos,Raíces y tubérculos,Ñame,Ñame demás variedades,2023,2023B,Transitorio,"0,00","300,00","3.600,00","12,00",1080699,0.0,300.0,3600.0,12.0
70,Sucre,70215,Corozal,Raíces y tubérculos,Raíces y tubérculos,Ñame,Ñame demás variedades,2024,2024B,Transitorio,"0,00","350,00","4.200,00","12,00",1080699,0.0,350.0,4200.0,12.0
70,Sucre,70215,Corozal,Raíces y tubérculos,Raíces y tubérculos,Ñame,Ñame demás variedades,2025,2025B,Transitorio,"0,00","350,00","4.200,00","12,00",1080699,0.0,350.0,4200.0,12.0
70,Sucre,70215,Corozal,Raíces y tubérculos,Raíces y tubérculos,Ñame,Ñame Espino,2022,2022B,Transitorio,"0,00","39,00","741,00","19,00",1080602,0.0,39.0,741.0,19.0
70,Sucre,70215,Corozal,Raíces y tubérculos,Raíces y tubérculos,Ñame,Ñame Espino,2023,2023B,Transitorio,"0,00","37,00","703,00","19,00",1080602,0.0,37.0,703.0,19.0
70,Sucre,70215,Corozal,Raíces y tubérculos,Raíces y tubérculos,Ñame,Ñame Espino,2024,2024B,Transitorio,"0,00","25,00","475,00","19,00",1080602,0.0,25.0,475.0,19.0
70,Sucre,70215,Corozal,Raíces y tubérculos,Raíces y tubérculos,Ñame,Ñame Espino,2025,2025B,Transitorio,"0,00","40,00","760,00","19,00",1080602,0.0,40.0,760.0,19.0
70,Sucre,70215,Corozal,Raíces y tubérculos,Raíces y tubérculos,Yuca,Yuca industrial,2022,2022B,Transitorio,"0,00","790,00","15.800,00","20,00",1081002,0.0,790.0,15800.0,20.0
70,Sucre,70215,Corozal,Raíces y tubérculos,Raíces y tubérculos,Yuca,Yuca industrial,2023,2023B,Transitorio,"0,00","1.320,00","26.400,00","20,00",1081002,0.0,1320.0,26400.0,20.0
70,Sucre,70221,Coveñas,Oleaginosas,Oleaginosas,Ajonjolí,Ajonjolí,2022,2022A,Transitorio,"0,00","5,40","7,02","1,30",1070100,0.0,5.4,7.02,1.3
70,Sucre,70221,Coveñas,Oleaginosas,Oleaginosas,Ajonjolí,Ajonjolí,2023,2023A,Transitorio,"0,00","5,40","7,02","1,30",1070100,0.0,5.4,7.02,1.3
70,Sucre,70221,Coveñas,Oleaginosas,Oleaginosas,Ajonjolí,Ajonjolí,2024,2024A,Transitorio,"0,00","4,80","6,24","1,30",1070100,0.0,4.8,6.24,1.3
70,Sucre,70221,Coveñas,Leguminosas,Leguminosas,Frijol,Frijol,2022,2022A,Transitorio,"0,00","9,80","12,74","1,30",1060200,0.0,9.8,12.74,1.3
70,Sucre,70221,Coveñas,Leguminosas,Leguminosas,Frijol,Frijol,2023,2023A,Transitorio,"0,00","9,80","12,74","1,30",1060200,0.0,9.8,12.74,1.3
70,Sucre,70221,Coveñas,Leguminosas,Leguminosas,Frijol,Frijol,2024,2024A,Transitorio,"0,00","9,80","12,74","1,30",1060200,0.0,9.8,12.74,1.3
70,Sucre,70221,Coveñas,Cereales,Cereales,Maíz,Maíz amarillo tecnificado,2022,2022B,Transitorio,"0,00","140,00","420,00","3,00",1010401,0.0,140.0,420.0,3.0
70,Sucre,70221,Coveñas,Cereales,Cereales,Maíz,Maíz amarillo tecnificado,2023,2023B,Transitorio,"0,00","190,00","570,00","3,00",1010401,0.0,190.0,570.0,3.0
70,Sucre,70221,Coveñas,Cereales,Cereales,Maíz,Maíz amarillo tecnificado,2024,2024B,Transitorio,"0,00","185,00","555,00","3,00",1010401,0.0,185.0,555.0,3.0
70,Sucre,70221,Coveñas,Cereales,Cereales,Maíz,Maíz amarillo tecnificado,2025,2025B,Transitorio,"0,00","180,00","540,00","3,00",1010401,0.0,180.0,540.0,3.0
70,Sucre,70221,Coveñas,Cereales,Cereales,Maíz,Maíz amarillo tradicional,2024,2024B,Transitorio,"0,00","20,00","50,00","2,50",1010402,0.0,20.0,50.0,2.5
70,Sucre,70221,Coveñas,Cereales,Cereales,Maíz,Maíz amarillo tradicional,2025,2025B,Transitorio,"0,00","21,00","52,50","2,50",1010402,0.0,21.0,52.5,2.5
70,Sucre,70221,Coveñas,Cereales,Cereales,Maíz,Maíz blanco tecnificado,2022,2022B,Transitorio,"0,00","25,00","87,50","3,50",1010403,0.0,25.0,87.5,3.5
70,Sucre,70221,Coveñas,Cereales,Cereales,Maíz,Maíz blanco tradicional,2023,2023A,Transitorio,"0,00","15,00","37,50","2,50",1010404,0.0,15.0,37.5,2.5
70,Sucre,70221,Coveñas,Raíces y tubérculos,Raíces y tubérculos,Ñame,Ñame demás variedades,2022,2022B,Transitorio,"0,00","48,00","624,00","13,00",1080699,0.0,48.0,624.0,13.0
70,Sucre,70221,Coveñas,Raíces y tubérculos,Raíces y tubérculos,Ñame,Ñame demás variedades,2023,2023B,Transitorio,"0,00","24,00","312,00","13,00",1080699,0.0,24.0,312.0,13.0
70,Sucre,70221,Coveñas,Raíces y tubérculos,Raíces y tubérculos,Ñame,Ñame demás variedades,2025,2025B,Transitorio,"0,00","15,00","210,00","14,00",1080699,0.0,15.0,210.0,14.0
70,Sucre,70221,Coveñas,Raíces y tubérculos,Raíces y tubérculos,Ñame,Ñame Espino,2022,2022B,Transitorio,"0,00","32,00","480,00","15,00",1080602,0.0,32.0,480.0,15.0
70,Sucre,70221,Coveñas,Raíces y tubérculos,Raíces y tubérculos,Ñame,Ñame Espino,2023,2023B,Transitorio,"0,00","32,00","480,00","15,00",1080602,0.0,32.0,480.0,15.0
70,Sucre,70221,Coveñas,Raíces y tubérculos,Raíces y tubérculos,Ñame,Ñame Espino,2024,2024B,Transitorio,"0,00","20,00","300,00","15,00",1080602,0.0,20.0,300.0,15.0
70,Sucre,70221,Coveñas,Raíces y tubérculos,Raíces y tubérculos,Ñame,Ñame Espino,2025,2025B,Transitorio,"0,00","12,00","180,00","15,00",1080602,0.0,12.0,180.0,15.0
70,Sucre,70221,Coveñas,Raíces y tubérculos,Raíces y tubérculos,Yuca,Yuca consumo en fresco,2022,2022B,Transitorio,"0,00","72,00","1.080,00","15,00",1081001,0.0,72.0,1080.0,15.0
70,Sucre,70221,Coveñas,Raíces y tubérculos,Raíces y tubérculos,Yuca,Yuca consumo en fresco,2023,2023B,Transitorio,"0,00","44,00","660,00","15,00",1081001,0.0,44.0,660.0,15.0
70,Sucre,70221,Coveñas,Raíces y tubérculos,Raíces y tubérculos,Yuca,Yuca consumo en fresco,2024,2024B,Transitorio,"0,00","40,00","600,00","15,00",1081001,0.0,40.0,600.0,15.0
70,Sucre,70221,Coveñas,Raíces y tubérculos,Raíces y tubérculos,Yuca,Yuca consumo en fresco,2025,2025B,Transitorio,"0,00","50,00","750,00","15,00",1081001,0.0,50.0,750.0,15.0
70,Sucre,70230,Chalán,Raíces y tubérculos,Raíces y tubérculos,Ñame,Ñame demás variedades,2022,2022B,Transitorio,"0,00","45,00","270,00","6,00",1080699,0.0,45.0,270.0,6.0
70,Sucre,70230,Chalán,Raíces y tubérculos,Raíces y tubérculos,Ñame,Ñame demás variedades,2023,2023B,Transitorio,"0,00","45,00","270,00","6,00",1080699,0.0,45.0,270.0,6.0
70,Sucre,70230,Chalán,Raíces y tubérculos,Raíces y tubérculos,Ñame,Ñame demás variedades,2024,2024B,Transitorio,"0,00","70,00","420,00","6,00",1080699,0.0,70.0,420.0,6.0
70,Sucre,70230,Chalán,Raíces y tubérculos,Raíces y tubérculos,Ñame,Ñame demás variedades,2025,2025B,Transitorio,"0,00","70,00","560,00","8,00",1080699,0.0,70.0,560.0,8.0
70,Sucre,70230,Chalán,Raíces y tubérculos,Raíces y tubérculos,Ñame,Ñame Espino,2022,2022B,Transitorio,"0,00","50,00","300,00","6,00",1080602,0.0,50.0,300.0,6.0
70,Sucre,70230,Chalán,Raíces y tubérculos,Raíces y tubérculos,Ñame,Ñame Espino,2023,2023B,Transitorio,"0,00","30,00","180,00","6,00",1080602,0.0,30.0,180.0,6.0
70,Sucre,70230,Chalán,Raíces y tubérculos,Raíces y tubérculos,Ñame,Ñame Espino,2024,2024B,Transitorio,"0,00","60,00","360,00","6,00",1080602,0.0,60.0,360.0,6.0
70,Sucre,70230,Chalán,Raíces y tubérculos,Raíces y tubérculos,Ñame,Ñame Espino,2025,2025B,Transitorio,"0,00","60,00","480,00","8,00",1080602,0.0,60.0,480.0,8.0
70,Sucre,70230,Chalán,Cultivos tropicales tradicionales,Cultivos tropicales tradicionales,Tabaco,Tabaco,2022,2022B,Transitorio,"0,00","30,00","45,00","1,50",1030700,0.0,30.0,45.0,1.5
70,Sucre,70230,Chalán,Cultivos tropicales tradicionales,Cultivos tropicales tradicionales,Tabaco,Tabaco,2023,2023B,Transitorio,"0,00","30,00","45,00","1,50",1030700,0.0,30.0,45.0,1.5
70,Sucre,70230,Chalán,Cultivos tropicales tradicionales,Cultivos tropicales tradicionales,Tabaco,Tabaco,2024,2024B,Transitorio,"0,00","40,00","60,00","1,50",1030700,0.0,40.0,60.0,1.5
70,Sucre,70230,Chalán,Cultivos tropicales tradicionales,Cultivos tropicales tradicionales,Tabaco,Tabaco,2025,2025B,Transitorio,"0,00","70,00","105,00","1,50",1030700,0.0,70.0,105.0,1.5
70,Sucre,70233,El Roble,Oleaginosas,Oleaginosas,Ajonjolí,Ajonjolí,2025,2025A,Transitorio,"0,00","10,00","8,00","0,80",1070100,0.0,10.0,8.0,0.8
70,Sucre,70233,El Roble,Cereales,Cereales,Maíz,Maíz amarillo tecnificado,2022,2022B,Transitorio,"0,00","30,00","54,00","1,80",1010401,0.0,30.0,54.0,1.8
70,Sucre,70233,El Roble,Cereales,Cereales,Maíz,Maíz amarillo tecnificado,2023,2023B,Transitorio,"0,00","30,00","54,00","1,80",1010401,0.0,30.0,54.0,1.8
70,Sucre,70233,El Roble,Cereales,Cereales,Maíz,Maíz amarillo tradicional,2022,2022B,Transitorio,"0,00","120,00","156,00","1,30",1010402,0.0,120.0,156.0,1.3
70,Sucre,70233,El Roble,Cereales,Cereales,Maíz,Maíz amarillo tradicional,2023,2023B,Transitorio,"0,00","120,00","156,00","1,30",1010402,0.0,120.0,156.0,1.3
70,Sucre,70233,El Roble,Raíces y tubérculos,Raíces y tubérculos,Ñame,Ñame demás variedades,2022,2022B,Transitorio,"0,00","13,00","78,00","6,00",1080699,0.0,13.0,78.0,6.0
70,Sucre,70233,El Roble,Raíces y tubérculos,Raíces y tubérculos,Ñame,Ñame demás variedades,2023,2023B,Transitorio,"0,00","13,00","78,00","6,00",1080699,0.0,13.0,78.0,6.0
70,Sucre,70233,El Roble,Raíces y tubérculos,Raíces y tubérculos,Ñame,Ñame demás variedades,2024,2024B,Transitorio,"0,00","6,00","36,00","6,00",1080699,0.0,6.0,36.0,6.0
70,Sucre,70235,Galeras,Oleaginosas,Oleaginosas,Ajonjolí,Ajonjolí,2025,2025A,Transitorio,"0,00","16,00","35,20","2,20",1070100,0.0,16.0,35.2,2.2
70,Sucre,70235,Galeras,Cereales,Cereales,Arroz,Arroz secano manual,2022,2022B,Transitorio,"0,00","50,00","178,50","3,57",1010102,0.0,50.0,178.5,3.57
70,Sucre,70235,Galeras,Cereales,Cereales,Arroz,Arroz secano manual,2023,2023B,Transitorio,"0,00","40,00","180,00","4,50",1010102,0.0,40.0,180.0,4.5
70,Sucre,70235,Galeras,Leguminosas,Leguminosas,Frijol,Frijol,2022,2022A,Transitorio,"0,00","14,00","19,60","1,40",1060200,0.0,14.0,19.6,1.4
70,Sucre,70235,Galeras,Leguminosas,Leguminosas,Frijol,Frijol,2023,2023A,Transitorio,"0,00","10,00","15,00","1,50",1060200,0.0,10.0,15.0,1.5
70,Sucre,70235,Galeras,Leguminosas,Leguminosas,Frijol,Frijol,2024,2024A,Transitorio,"0,00","10,00","15,00","1,50",1060200,0.0,10.0,15.0,1.5
70,Sucre,70235,Galeras,Leguminosas,Leguminosas,Frijol,Frijol,2025,2025A,Transitorio,"0,00","10,00","10,49","1,05",1060200,0.0,10.0,10.49,1.05
70,Sucre,70400,La Unión,Hortalizas,Hortalizas de fruto,Ají,Ají,2025,2025B,Transitorio,"0,00","4,00","16,00","4,00",1050300,0.0,4.0,16.0,4.0
70,Sucre,70400,La Unión,Hortalizas,Hortalizas de fruto,Berenjena,Berenjena,2025,2025B,Transitorio,"0,00","4,00","16,00","4,00",1050800,0.0,4.0,16.0,4.0
70,Sucre,70400,La Unión,Raíces y tubérculos,Raíces y tubérculos,Ñame,Ñame Espino,2025,2025A,Transitorio,"0,00","4,00","32,00","8,00",1080602,0.0,4.0,32.0,8.0
70,Sucre,70418,Los Palmitos,Hortalizas,Hortalizas de fruto,Ají,Ají,2022,2022B,Transitorio,"0,00","3,00","12,90","4,30",1050300,0.0,3.0,12.9,4.3
70,Sucre,70418,Los Palmitos,Hortalizas,Hortalizas de fruto,Ají,Ají,2023,2023B,Transitorio,"0,00","13,50","58,05","4,30",1050300,0.0,13.5,58.05,4.3
70,Sucre,70418,Los Palmitos,Hortalizas,Hortalizas de fruto,Ají,Ají,2024,2024B,Transitorio,"0,00","17,50","75,25","4,30",1050300,0.0,17.5,75.25,4.3
70,Sucre,70418,Los Palmitos,Hortalizas,Hortalizas de fruto,Ají,Ají,2025,2025B,Transitorio,"0,00","16,00","70,40","4,40",1050300,0.0,16.0,70.4,4.4
70,Sucre,70418,Los Palmitos,Oleaginosas,Oleaginosas,Ajonjolí,Ajonjolí,2022,2022A,Transitorio,"0,00","45,00","58,50","1,30",1070100,0.0,45.0,58.5,1.3
70,Sucre,70418,Los Palmitos,Oleaginosas,Oleaginosas,Ajonjolí,Ajonjolí,2023,2023A,Transitorio,"0,00","47,00","65,80","1,40",1070100,0.0,47.0,65.8,1.4
70,Sucre,70418,Los Palmitos,Oleaginosas,Oleaginosas,Ajonjolí,Ajonjolí,2024,2024A,Transitorio,"0,00","53,00","74,20","1,40",1070100,0.0,53.0,74.2,1.4
70,Sucre,70418,Los Palmitos,Oleaginosas,Oleaginosas,Ajonjolí,Ajonjolí,2025,2025A,Transitorio,"0,00","57,00","79,80","1,40",1070100,0.0,57.0,79.8,1.4
70,Sucre,70418,Los Palmitos,Cereales,Cereales,Maíz,Maíz blanco tradicional,2023,2023B,Transitorio,"0,00","1,00","0,90","0,90",1010404,0.0,1.0,0.9,0.9
70,Sucre,70418,Los Palmitos,Hortalizas,Hortalizas de fruto,Melón,Melón,2022,2022B,Transitorio,"0,00","33,50","107,20","3,20",1052000,0.0,33.5,107.2,3.2
70,Sucre,70418,Los Palmitos,Hortalizas,Hortalizas de fruto,Melón,Melón,2023,2023B,Transitorio,"0,00","17,50","54,25","3,10",1052000,0.0,17.5,54.25,3.1
70,Sucre,70418,Los Palmitos,Hortalizas,Hortalizas de fruto,Melón,Melón,2024,2024B,Transitorio,"0,00","40,00","124,00","3,10",1052000,0.0,40.0,124.0,3.1
70,Sucre,70418,Los Palmitos,Hortalizas,Hortalizas de fruto,Melón,Melón,2025,2025B,Transitorio,"0,00","48,00","134,40","2,80",1052000,0.0,48.0,134.4,2.8
70,Sucre,70418,Los Palmitos,Raíces y tubérculos,Raíces y tubérculos,Ñame,Ñame demás variedades,2022,2022B,Transitorio,"0,00","53,00","196,10","3,70",1080699,0.0,53.0,196.1,3.7
70,Sucre,70418,Los Palmitos,Raíces y tubérculos,Raíces y tubérculos,Ñame,Ñame demás variedades,2023,2023B,Transitorio,"0,00","24,00","84,00","3,50",1080699,0.0,24.0,84.0,3.5
70,Sucre,70418,Los Palmitos,Raíces y tubérculos,Raíces y tubérculos,Ñame,Ñame demás variedades,2024,2024B,Transitorio,"0,00","26,00","91,00","3,50",1080699,0.0,26.0,91.0,3.5
70,Sucre,70418,Los Palmitos,Raíces y tubérculos,Raíces y tubérculos,Ñame,Ñame demás variedades,2025,2025B,Transitorio,"0,00","65,25","228,38","3,50",1080699,0.0,65.25,228.38,3.5
70,Sucre,70418,Los Palmitos,Raíces y tubérculos,Raíces y tubérculos,Ñame,Ñame Espino,2022,2022B,Transitorio,"0,00","114,00","798,00","7,00",1080602,0.0,114.0,798.0,7.0
70,Sucre,70418,Los Palmitos,Raíces y tubérculos,Raíces y tubérculos,Ñame,Ñame Espino,2023,2023B,Transitorio,"0,00","14,50","94,25","6,50",1080602,0.0,14.5,94.25,6.5
70,Sucre,70418,Los Palmitos,Raíces y tubérculos,Raíces y tubérculos,Ñame,Ñame Espino,2024,2024B,Transitorio,"0,00","36,00","234,00","6,50",1080602,0.0,36.0,234.0,6.5
70,Sucre,70418,Los Palmitos,Raíces y tubérculos,Raíces y tubérculos,Ñame,Ñame Espino,2025,2025B,Transitorio,"0,00","38,00","247,00","6,50",1080602,0.0,38.0,247.0,6.5
70,Sucre,70418,Los Palmitos,Hortalizas,Hortalizas de fruto,Patilla,Patilla,2022,2022B,Transitorio,"0,00","66,00","184,80","2,80",1052200,0.0,66.0,184.8,2.8
70,Sucre,70418,Los Palmitos,Hortalizas,Hortalizas de fruto,Patilla,Patilla,2023,2023B,Transitorio,"0,00","27,00","72,90","2,70",1052200,0.0,27.0,72.9,2.7
70,Sucre,70418,Los Palmitos,Hortalizas,Hortalizas de fruto,Patilla,Patilla,2024,2024B,Transitorio,"0,00","67,00","187,60","2,80",1052200,0.0,67.0,187.6,2.8
70,Sucre,70418,Los Palmitos,Hortalizas,Hortalizas de fruto,Patilla,Patilla,2025,2025B,Transitorio,"0,00","70,00","189,00","2,70",1052200,0.0,70.0,189.0,2.7
70,Sucre,70418,Los Palmitos,Cultivos tropicales tradicionales,Cultivos tropicales tradicionales,Tabaco,Tabaco,2022,2022B,Transitorio,"0,00","14,50","36,25","2,50",1030700,0.0,14.5,36.25,2.5
70,Sucre,70418,Los Palmitos,Cultivos tropicales tradicionales,Cultivos tropicales tradicionales,Tabaco,Tabaco,2023,2023B,Transitorio,"0,00","20,50","49,20","2,40",1030700,0.0,20.5,49.2,2.4
70,Sucre,70418,Los Palmitos,Cultivos tropicales tradicionales,Cultivos tropicales tradicionales,Tabaco,Tabaco,2024,2024B,Transitorio,"0,00","26,00","62,40","2,40",1030700,0.0,26.0,62.4,2.4
70,Sucre,70418,Los Palmitos,Cultivos tropicales tradicionales,Cultivos tropicales tradicionales,Tabaco,Tabaco,2025,2025B,Transitorio,"0,00","28,00","67,20","2,40",1030700,0.0,28.0,67.2,2.4
70,Sucre,70418,Los Palmitos,Raíces y tubérculos,Raíces y tubérculos,Yuca,Yuca consumo en fresco,2022,2022B,Transitorio,"0,00","452,00","3.842,00","8,50",1081001,0.0,452.0,3842.0,8.5
70,Sucre,70418,Los Palmitos,Raíces y tubérculos,Raíces y tubérculos,Yuca,Yuca consumo en fresco,2023,2023B,Transitorio,"0,00","317,00","2.536,00","8,00",1081001,0.0,317.0,2536.0,8.0
70,Sucre,70418,Los Palmitos,Raíces y tubérculos,Raíces y tubérculos,Yuca,Yuca consumo en fresco,2024,2024B,Transitorio,"0,00","418,00","3.344,00","8,00",1081001,0.0,418.0,3344.0,8.0
70,Sucre,70418,Los Palmitos,Raíces y tubérculos,Raíces y tubérculos,Yuca,Yuca consumo en fresco,2025,2025B,Transitorio,"0,00","310,00","2.480,00","8,00",1081001,0.0,310.0,2480.0,8.0
70,Sucre,70418,Los Palmitos,Raíces y tubérculos,Raíces y tubérculos,Yuca,Yuca industrial,2022,2022B,Transitorio,"0,00","113,00","1.808,00","16,00",1081002,0.0,113.0,1808.0,16.0
70,Sucre,70418,Los Palmitos,Raíces y tubérculos,Raíces y tubérculos,Yuca,Yuca industrial,2023,2023B,Transitorio,"0,00","120,00","1.740,00","14,50",1081002,0.0,120.0,1740.0,14.5
70,Sucre,70418,Los Palmitos,Raíces y tubérculos,Raíces y tubérculos,Yuca,Yuca industrial,2024,2024B,Transitorio,"0,00","69,00","1.000,50","14,50",1081002,0.0,69.0,1000.5,14.5
70,Sucre,70418,Los Palmitos,Raíces y tubérculos,Raíces y tubérculos,Yuca,Yuca industrial,2025,2025B,Transitorio,"0,00","14,00","196,00","14,00",1081002,0.0,14.0,196.0,14.0
70,Sucre,70473,Morroa,Hortalizas,Hortalizas de fruto,Ají,Ají,2023,2023A,Transitorio,"0,00","8,00","40,00","5,00",1050300,0.0,8.0,40.0,5.0
70,Sucre,70473,Morroa,Cereales,Cereales,Arroz,Arroz secano manual,2022,2022B,Transitorio,"0,00","8,00","33,32","4,16",1010102,0.0,8.0,33.32,4.16
70,Sucre,70473,Morroa,Cereales,Cereales,Arroz,Arroz secano manual,2023,2023B,Transitorio,"0,00","6,00","24,99","4,16",1010102,0.0,6.0,24.99,4.16
70,Sucre,70473,Morroa,Cereales,Cereales,Arroz,Arroz secano manual,2024,2024B,Transitorio,"0,00","5,00","20,82","4,16",1010102,0.0,5.0,20.82,4.16
70,Sucre,70473,Morroa,Cereales,Cereales,Arroz,Arroz secano manual,2025,2025B,Transitorio,"0,00","7,00","24,50","3,50",1010102,0.0,7.0,24.5,3.5
70,Sucre,70473,Morroa,Cereales,Cereales,Maíz,Maíz amarillo tecnificado,2023,2023B,Transitorio,"0,00","10,00","28,00","2,80",1010401,0.0,10.0,28.0,2.8
70,Sucre,70473,Morroa,Cereales,Cereales,Maíz,Maíz blanco tradicional,2023,2023A,Transitorio,"0,00","12,00","24,00","2,00",1010404,0.0,12.0,24.0,2.0
70,Sucre,70473,Morroa,Cereales,Cereales,Maíz,Maíz blanco tradicional,2025,2025B,Transitorio,"0,00","4,00","8,00","2,00",1010404,0.0,4.0,8.0,2.0
70,Sucre,70473,Morroa,Raíces y tubérculos,Raíces y tubérculos,Ñame,Ñame demás variedades,2022,2022B,Transitorio,"0,00","255,00","1.275,00","5,00",1080699,0.0,255.0,1275.0,5.0
70,Sucre,70473,Morroa,Raíces y tubérculos,Raíces y tubérculos,Ñame,Ñame demás variedades,2023,2023B,Transitorio,"0,00","250,00","1.250,00","5,00",1080699,0.0,250.0,1250.0,5.0
70,Sucre,70473,Morroa,Raíces y tubérculos,Raíces y tubérculos,Ñame,Ñame demás variedades,2024,2024B,Transitorio,"0,00","119,00","595,00","5,00",1080699,0.0,119.0,595.0,5.0
70,Sucre,70473,Morroa,Raíces y tubérculos,Raíces y tubérculos,Ñame,Ñame demás variedades,2025,2025B,Transitorio,"0,00","125,00","625,00","5,00",1080699,0.0,125.0,625.0,5.0
70,Sucre,70473,Morroa,Raíces y tubérculos,Raíces y tubérculos,Ñame,Ñame Espino,2022,2022B,Transitorio,"0,00","73,00","292,00","4,00",1080602,0.0,73.0,292.0,4.0
70,Sucre,70473,Morroa,Raíces y tubérculos,Raíces y tubérculos,Ñame,Ñame Espino,2023,2023B,Transitorio,"0,00","70,00","280,00","4,00",1080602,0.0,70.0,280.0,4.0
70,Sucre,70473,Morroa,Raíces y tubérculos,Raíces y tubérculos,Ñame,Ñame Espino,2024,2024B,Transitorio,"0,00","39,00","156,00","4,00",1080602,0.0,39.0,156.0,4.0
70,Sucre,70473,Morroa,Raíces y tubérculos,Raíces y tubérculos,Ñame,Ñame Espino,2025,2025B,Transitorio,"0,00","46,00","184,00","4,00",1080602,0.0,46.0,184.0,4.0
70,Sucre,70473,Morroa,Hortalizas,Hortalizas de fruto,Patilla,Patilla,2023,2023B,Transitorio,"0,00","9,00","45,00","5,00",1052200,0.0,9.0,45.0,5.0
70,Sucre,70473,Morroa,Hortalizas,Hortalizas de fruto,Patilla,Patilla,2024,2024B,Transitorio,"0,00","9,00","45,00","5,00",1052200,0.0,9.0,45.0,5.0
70,Sucre,70473,Morroa,Hortalizas,Hortalizas de fruto,Patilla,Patilla,2025,2025B,Transitorio,"0,00","9,00","45,00","5,00",1052200,0.0,9.0,45.0,5.0
70,Sucre,70473,Morroa,Cultivos tropicales tradicionales,Cultivos tropicales tradicionales,Tabaco,Tabaco,2022,2022B,Transitorio,"0,00","15,00","45,00","3,00",1030700,0.0,15.0,45.0,3.0
70,Sucre,70473,Morroa,Cultivos tropicales tradicionales,Cultivos tropicales tradicionales,Tabaco,Tabaco,2023,2023B,Transitorio,"0,00","14,00","21,00","1,50",1030700,0.0,14.0,21.0,1.5
70,Sucre,70473,Morroa,Cultivos tropicales tradicionales,Cultivos tropicales tradicionales,Tabaco,Tabaco,2024,2024B,Transitorio,"0,00","20,00","30,00","1,50",1030700,0.0,20.0,30.0,1.5
70,Sucre,70473,Morroa,Cultivos tropicales tradicionales,Cultivos tropicales tradicionales,Tabaco,Tabaco,2025,2025B,Transitorio,"0,00","20,00","30,00","1,50",1030700,0.0,20.0,30.0,1.5
70,Sucre,70473,Morroa,Raíces y tubérculos,Raíces y tubérculos,Yuca,Yuca industrial,2022,2022B,Transitorio,"0,00","12,00","108,00","9,00",1081002,0.0,12.0,108.0,9.0
70,Sucre,70473,Morroa,Raíces y tubérculos,Raíces y tubérculos,Yuca,Yuca industrial,2023,2023B,Transitorio,"0,00","9,00","54,00","6,00",1081002,0.0,9.0,54.0,6.0
70,Sucre,70508,Ovejas,Hortalizas,Hortalizas de fruto,Ají,Ají,2022,2022B,Transitorio,"0,00","24,00","60,00","2,50",1050300,0.0,24.0,60.0,2.5
70,Sucre,70508,Ovejas,Oleaginosas,Oleaginosas,Ajonjolí,Ajonjolí,2022,2022A,Transitorio,"0,00","69,60","83,52","1,20",1070100,0.0,69.6,83.52,1.2
70,Sucre,70508,Ovejas,Oleaginosas,Oleaginosas,Ajonjolí,Ajonjolí,2023,2023A,Transitorio,"0,00","30,00","36,00","1,20",1070100,0.0,30.0,36.0,1.2
70,Sucre,70508,Ovejas,Hortalizas,Hortalizas de fruto,Berenjena,Berenjena,2022,2022B,Transitorio,"0,00","18,00","63,00","3,50",1050800,0.0,18.0,63.0,3.5
70,Sucre,70508,Ovejas,Cereales,Cereales,Maíz,Maíz amarillo tecnificado,2024,2024B,Transitorio,"0,00","100,00","300,00","3,00",1010401,0.0,100.0,300.0,3.0
70,Sucre,70508,Ovejas,Cereales,Cereales,Maíz,Maíz amarillo tecnificado,2025,2025B,Transitorio,"0,00","70,00","210,00","3,00",1010401,0.0,70.0,210.0,3.0
70,Sucre,70508,Ovejas,Cereales,Cereales,Maíz,Maíz blanco tecnificado,2023,2023B,Transitorio,"0,00","50,00","150,00","3,00",1010403,0.0,50.0,150.0,3.0
70,Sucre,70508,Ovejas,Cereales,Cereales,Maíz,Maíz blanco tecnificado,2024,2024B,Transitorio,"0,00","50,00","150,00","3,00",1010403,0.0,50.0,150.0,3.0
70,Sucre,70508,Ovejas,Cereales,Cereales,Maíz,Maíz blanco tecnificado,2025,2025B,Transitorio,"0,00","40,00","120,00","3,00",1010403,0.0,40.0,120.0,3.0
70,Sucre,70508,Ovejas,Raíces y tubérculos,Raíces y tubérculos,Ñame,Ñame demás variedades,2023,2023B,Transitorio,"0,00","150,00","1.200,00","8,00",1080699,0.0,150.0,1200.0,8.0
70,Sucre,70508,Ovejas,Cultivos tropicales tradicionales,Cultivos tropicales tradicionales,Tabaco,Tabaco,2022,2022B,Transitorio,"0,00","32,00","96,00","3,00",1030700,0.0,32.0,96.0,3.0
70,Sucre,70523,Palmito,Raíces y tubérculos,Raíces y tubérculos,Ñame,Ñame demás variedades,2022,2022B,Transitorio,"0,00","139,00","2.919,00","21,00",1080699,0.0,139.0,2919.0,21.0
70,Sucre,70523,Palmito,Raíces y tubérculos,Raíces y tubérculos,Ñame,Ñame demás variedades,2024,2024B,Transitorio,"0,00","60,00","480,00","8,00",1080699,0.0,60.0,480.0,8.0
70,Sucre,70523,Palmito,Raíces y tubérculos,Raíces y tubérculos,Ñame,Ñame demás variedades,2025,2025B,Transitorio,"0,00","30,00","240,00","8,00",1080699,0.0,30.0,240.0,8.0
70,Sucre,70523,Palmito,Raíces y tubérculos,Raíces y tubérculos,Yuca,Yuca consumo en fresco,2022,2022B,Transitorio,"0,00","550,00","8.800,00","16,00",1081001,0.0,550.0,8800.0,16.0
70,Sucre,70523,Palmito,Raíces y tubérculos,Raíces y tubérculos,Yuca,Yuca industrial,2022,2022B,Transitorio,"0,00","550,00","11.000,00","20,00",1081002,0.0,550.0,11000.0,20.0
70,Sucre,70523,Palmito,Raíces y tubérculos,Raíces y tubérculos,Yuca,Yuca industrial,2024,2024B,Transitorio,"0,00","70,00","1.400,00","20,00",1081002,0.0,70.0,1400.0,20.0
70,Sucre,70670,Sampués,Oleaginosas,Oleaginosas,Ajonjolí,Ajonjolí,2022,2022A,Transitorio,"0,00","28,50","28,50","1,00",1070100,0.0,28.5,28.5,1.0
70,Sucre,70670,Sampués,Oleaginosas,Oleaginosas,Ajonjolí,Ajonjolí,2023,2023A,Transitorio,"0,00","35,00","35,00","1,00",1070100,0.0,35.0,35.0,1.0
70,Sucre,70670,Sampués,Oleaginosas,Oleaginosas,Ajonjolí,Ajonjolí,2024,2024A,Transitorio,"0,00","35,00","35,00","1,00",1070100,0.0,35.0,35.0,1.0
70,Sucre,70670,Sampués,Oleaginosas,Oleaginosas,Ajonjolí,Ajonjolí,2025,2025A,Transitorio,"0,00","48,00","48,00","1,00",1070100,0.0,48.0,48.0,1.0
70,Sucre,70670,Sampués,Hortalizas,Hortalizas de raíz,Batata,Batata,2023,2023A,Transitorio,"0,00","2,00","14,00","7,00",1050700,0.0,2.0,14.0,7.0
70,Sucre,70678,San Benito Abad,Cereales,Cereales,Maíz,Maíz amarillo tecnificado,2022,2022B,Transitorio,"0,00","150,00","600,00","4,00",1010401,0.0,150.0,600.0,4.0
70,Sucre,70678,San Benito Abad,Cereales,Cereales,Maíz,Maíz amarillo tecnificado,2023,2023B,Transitorio,"0,00","160,00","640,00","4,00",1010401,0.0,160.0,640.0,4.0
70,Sucre,70678,San Benito Abad,Cereales,Cereales,Maíz,Maíz amarillo tradicional,2022,2022B,Transitorio,"0,00","200,00","600,00","3,00",1010402,0.0,200.0,600.0,3.0
70,Sucre,70678,San Benito Abad,Cereales,Cereales,Maíz,Maíz amarillo tradicional,2023,2023B,Transitorio,"0,00","210,00","630,00","3,00",1010402,0.0,210.0,630.0,3.0
70,Sucre,70678,San Benito Abad,Cereales,Cereales,Maíz,Maíz amarillo tradicional,2024,2024B,Transitorio,"0,00","220,00","660,00","3,00",1010402,0.0,220.0,660.0,3.0
70,Sucre,70678,San Benito Abad,Cereales,Cereales,Maíz,Maíz amarillo tradicional,2025,2025B,Transitorio,"0,00","230,00","690,00","3,00",1010402,0.0,230.0,690.0,3.0
70,Sucre,70678,San Benito Abad,Cereales,Cereales,Maíz,Maíz blanco tecnificado,2022,2022B,Transitorio,"0,00","40,00","160,00","4,00",1010403,0.0,40.0,160.0,4.0
70,Sucre,70678,San Benito Abad,Cereales,Cereales,Maíz,Maíz blanco tradicional,2022,2022B,Transitorio,"0,00","50,00","150,00","3,00",1010404,0.0,50.0,150.0,3.0
70,Sucre,70678,San Benito Abad,Hortalizas,Hortalizas de fruto,Melón,Melón,2024,2024A,Transitorio,"0,00","100,00","1.800,00","18,00",1052000,0.0,100.0,1800.0,18.0
70,Sucre,70678,San Benito Abad,Hortalizas,Hortalizas de fruto,Melón,Melón,2025,2025A,Transitorio,"0,00","100,00","1.500,00","15,00",1052000,0.0,100.0,1500.0,15.0
70,Sucre,70678,San Benito Abad,Raíces y tubérculos,Raíces y tubérculos,Yuca,Yuca consumo en fresco,2022,2022B,Transitorio,"0,00","100,00","700,00","7,00",1081001,0.0,100.0,700.0,7.0
70,Sucre,70702,San Juan de Betulia,Raíces y tubérculos,Raíces y tubérculos,Ñame,Ñame demás variedades,2022,2022B,Transitorio,"0,00","148,00","1.332,00","9,00",1080699,0.0,148.0,1332.0,9.0
70,Sucre,70702,San Juan de Betulia,Raíces y tubérculos,Raíces y tubérculos,Ñame,Ñame demás variedades,2023,2023B,Transitorio,"0,00","148,00","1.480,00","10,00",1080699,0.0,148.0,1480.0,10.0
70,Sucre,70702,San Juan de Betulia,Raíces y tubérculos,Raíces y tubérculos,Ñame,Ñame demás variedades,2024,2024B,Transitorio,"0,00","152,00","1.520,00","10,00",1080699,0.0,152.0,1520.0,10.0
70,Sucre,70702,San Juan de Betulia,Raíces y tubérculos,Raíces y tubérculos,Ñame,Ñame demás variedades,2025,2025B,Transitorio,"0,00","212,00","2.120,00","10,00",1080699,0.0,212.0,2120.0,10.0
70,Sucre,70702,San Juan de Betulia,Cultivos tropicales tradicionales,Cultivos tropicales tradicionales,Tabaco,Tabaco,2022,2022B,Transitorio,"0,00","3,00","6,00","2,00",1030700,0.0,3.0,6.0,2.0
70,Sucre,70702,San Juan de Betulia,Cultivos tropicales tradicionales,Cultivos tropicales tradicionales,Tabaco,Tabaco,2023,2023B,Transitorio,"0,00","1,00","2,20","2,20",1030700,0.0,1.0,2.2,2.2
70,Sucre,70702,San Juan de Betulia,Cultivos tropicales tradicionales,Cultivos tropicales tradicionales,Tabaco,Tabaco,2024,2024B,Transitorio,"0,00","1,00","2,20","2,20",1030700,0.0,1.0,2.2,2.2
70,Sucre,70702,San Juan de Betulia,Cultivos tropicales tradicionales,Cultivos tropicales tradicionales,Tabaco,Tabaco,2025,2025B,Transitorio,"0,00","1,00","2,20","2,20",1030700,0.0,1.0,2.2,2.2
70,Sucre,70702,San Juan de Betulia,Raíces y tubérculos,Raíces y tubérculos,Yuca,Yuca consumo en fresco,2022,2022B,Transitorio,"0,00","850,00","7.650,00","9,00",1081001,0.0,850.0,7650.0,9.0
70,Sucre,70702,San Juan de Betulia,Raíces y tubérculos,Raíces y tubérculos,Yuca,Yuca consumo en fresco,2023,2023B,Transitorio,"0,00","970,00","9.700,00","10,00",1081001,0.0,970.0,9700.0,10.0
70,Sucre,70702,San Juan de Betulia,Raíces y tubérculos,Raíces y tubérculos,Yuca,Yuca consumo en fresco,2024,2024B,Transitorio,"0,00","842,00","8.420,00","10,00",1081001,0.0,842.0,8420.0,10.0
70,Sucre,70702,San Juan de Betulia,Raíces y tubérculos,Raíces y tubérculos,Yuca,Yuca consumo en fresco,2025,2025B,Transitorio,"0,00","827,00","8.270,00","10,00",1081001,0.0,827.0,8270.0,10.0
70,Sucre,70702,San Juan de Betulia,Raíces y tubérculos,Raíces y tubérculos,Yuca,Yuca industrial,2022,2022B,Transitorio,"0,00","171,00","3.078,00","18,00",1081002,0.0,171.0,3078.0,18.0
70,Sucre,70702,San Juan de Betulia,Raíces y tubérculos,Raíces y tubérculos,Yuca,Yuca industrial,2023,2023B,Transitorio,"0,00","271,00","4.065,00","15,00",1081002,0.0,271.0,4065.0,15.0
70,Sucre,70702,San Juan de Betulia,Raíces y tubérculos,Raíces y tubérculos,Yuca,Yuca industrial,2024,2024B,Transitorio,"0,00","121,00","1.815,00","15,00",1081002,0.0,121.0,1815.0,15.0
70,Sucre,70702,San Juan de Betulia,Raíces y tubérculos,Raíces y tubérculos,Yuca,Yuca industrial,2025,2025B,Transitorio,"0,00","112,00","1.680,00","15,00",1081002,0.0,112.0,1680.0,15.0
70,Sucre,70708,San Marcos,Raíces y tubérculos,Raíces y tubérculos,Ñame,Ñame demás variedades,2022,2022B,Transitorio,"0,00","15,00","105,00","7,00",1080699,0.0,15.0,105.0,7.0
70,Sucre,70708,San Marcos,Raíces y tubérculos,Raíces y tubérculos,Ñame,Ñame demás variedades,2023,2023B,Transitorio,"0,00","20,00","160,00","8,00",1080699,0.0,20.0,160.0,8.0
70,Sucre,70708,San Marcos,Raíces y tubérculos,Raíces y tubérculos,Ñame,Ñame demás variedades,2024,2024B,Transitorio,"0,00","80,00","640,00","8,00",1080699,0.0,80.0,640.0,8.0
70,Sucre,70708,San Marcos,Raíces y tubérculos,Raíces y tubérculos,Ñame,Ñame demás variedades,2025,2025B,Transitorio,"0,00","60,00","480,00","8,00",1080699,0.0,60.0,480.0,8.0
70,Sucre,70708,San Marcos,Raíces y tubérculos,Raíces y tubérculos,Yuca,Yuca consumo en fresco,2024,2024B,Transitorio,"0,00","530,00","4.240,00","8,00",1081001,0.0,530.0,4240.0,8.0
70,Sucre,70708,San Marcos,Raíces y tubérculos,Raíces y tubérculos,Yuca,Yuca consumo en fresco,2025,2025B,Transitorio,"0,00","400,00","3.200,00","8,00",1081001,0.0,400.0,3200.0,8.0
70,Sucre,70713,San Onofre,Hortalizas,Hortalizas de fruto,Ahuyama,Ahuyama,2022,2022B,Transitorio,"0,00","10,00","128,00","12,80",1050200,0.0,10.0,128.0,12.8
70,Sucre,70713,San Onofre,Hortalizas,Hortalizas de fruto,Ají,Ají,2022,2022B,Transitorio,"0,00","5,00","35,00","7,00",1050300,0.0,5.0,35.0,7.0
70,Sucre,70713,San Onofre,Hortalizas,Hortalizas de fruto,Ají,Ají,2024,2024A,Transitorio,"0,00","25,00","175,00","7,00",1050300,0.0,25.0,175.0,7.0
70,Sucre,70713,San Onofre,Cereales,Cereales,Arroz,Arroz secano manual,2022,2022B,Transitorio,"0,00","50,00","275,00","5,50",1010102,0.0,50.0,275.0,5.5
70,Sucre,70713,San Onofre,Cereales,Cereales,Arroz,Arroz secano manual,2023,2023B,Transitorio,"0,00","260,00","1.430,00","5,50",1010102,0.0,260.0,1430.0,5.5
70,Sucre,70713,San Onofre,Hortalizas,Hortalizas de fruto,Berenjena,Berenjena,2023,2023B,Transitorio,"0,00","6,00","72,00","12,00",1050800,0.0,6.0,72.0,12.0
70,Sucre,70713,San Onofre,Cereales,Cereales,Maíz,Maíz amarillo tecnificado,2022,2022B,Transitorio,"0,00","55,00","192,50","3,50",1010401,0.0,55.0,192.5,3.5
70,Sucre,70713,San Onofre,Cereales,Cereales,Maíz,Maíz amarillo tecnificado,2023,2023B,Transitorio,"0,00","230,00","805,00","3,50",1010401,0.0,230.0,805.0,3.5
70,Sucre,70713,San Onofre,Cereales,Cereales,Maíz,Maíz blanco tecnificado,2022,2022B,Transitorio,"0,00","28,00","120,40","4,30",1010403,0.0,28.0,120.4,4.3
70,Sucre,70713,San Onofre,Cereales,Cereales,Maíz,Maíz blanco tecnificado,2023,2023B,Transitorio,"0,00","60,00","210,00","3,50",1010403,0.0,60.0,210.0,3.5
70,Sucre,70713,San Onofre,Raíces y tubérculos,Raíces y tubérculos,Ñame,Ñame demás variedades,2022,2022B,Transitorio,"0,00","200,00","2.000,00","10,00",1080699,0.0,200.0,2000.0,10.0
70,Sucre,70713,San Onofre,Raíces y tubérculos,Raíces y tubérculos,Ñame,Ñame demás variedades,2023,2023B,Transitorio,"0,00","190,00","1.900,00","10,00",1080699,0.0,190.0,1900.0,10.0
70,Sucre,70713,San Onofre,Raíces y tubérculos,Raíces y tubérculos,Yuca,Yuca consumo en fresco,2022,2022B,Transitorio,"0,00","700,00","11.200,00","16,00",1081001,0.0,700.0,11200.0,16.0
70,Sucre,70713,San Onofre,Raíces y tubérculos,Raíces y tubérculos,Yuca,Yuca consumo en fresco,2023,2023B,Transitorio,"0,00","750,00","9.750,00","13,00",1081001,0.0,750.0,9750.0,13.0
70,Sucre,70713,San Onofre,Raíces y tubérculos,Raíces y tubérculos,Yuca,Yuca industrial,2022,2022B,Transitorio,"0,00","150,00","3.000,00","20,00",1081002,0.0,150.0,3000.0,20.0
70,Sucre,70717,San Pedro,Oleaginosas,Oleaginosas,Ajonjolí,Ajonjolí,2022,2022A,Transitorio,"0,00","48,00","28,80","0,60",1070100,0.0,48.0,28.8,0.6
70,Sucre,70717,San Pedro,Cereales,Cereales,Maíz,Maíz amarillo tradicional,2023,2023B,Transitorio,"0,00","98,00","127,40","1,30",1010402,0.0,98.0,127.4,1.3
70,Sucre,70717,San Pedro,Cereales,Cereales,Maíz,Maíz blanco tecnificado,2022,2022B,Transitorio,"0,00","40,00","72,00","1,80",1010403,0.0,40.0,72.0,1.8
70,Sucre,70717,San Pedro,Cereales,Cereales,Maíz,Maíz blanco tecnificado,2023,2023B,Transitorio,"0,00","50,00","90,00","1,80",1010403,0.0,50.0,90.0,1.8
70,Sucre,70717,San Pedro,Cereales,Cereales,Maíz,Maíz blanco tradicional,2022,2022B,Transitorio,"0,00","20,00","26,00","1,30",1010404,0.0,20.0,26.0,1.3
70,Sucre,70717,San Pedro,Cereales,Cereales,Maíz,Maíz blanco tradicional,2023,2023B,Transitorio,"0,00","28,00","36,40","1,30",1010404,0.0,28.0,36.4,1.3
70,Sucre,70717,San Pedro,Raíces y tubérculos,Raíces y tubérculos,Yuca,Yuca consumo en fresco,2024,2024B,Transitorio,"0,00","300,00","3.000,00","10,00",1081001,0.0,300.0,3000.0,10.0
70,Sucre,70717,San Pedro,Raíces y tubérculos,Raíces y tubérculos,Yuca,Yuca consumo en fresco,2025,2025B,Transitorio,"0,00","200,00","2.040,00","10,20",1081001,0.0,200.0,2040.0,10.2
70,Sucre,70717,San Pedro,Raíces y tubérculos,Raíces y tubérculos,Yuca,Yuca industrial,2024,2024B,Transitorio,"0,00","400,00","6.400,00","16,00",1081002,0.0,400.0,6400.0,16.0
70,Sucre,70742,San Luis de Sincé,Hortalizas,Hortalizas de fruto,Ahuyama,Ahuyama,2023,2023B,Transitorio,"0,00","25,00","125,00","5,00",1050200,0.0,25.0,125.0,5.0
70,Sucre,70742,San Luis de Sincé,Hortalizas,Hortalizas de fruto,Ají,Ají,2023,2023B,Transitorio,"0,00","1,00","3,50","3,50",1050300,0.0,1.0,3.5,3.5
70,Sucre,70742,San Luis de Sincé,Hortalizas,Hortalizas de fruto,Berenjena,Berenjena,2023,2023B,Transitorio,"0,00","1,00","1,50","1,50",1050800,0.0,1.0,1.5,1.5
70,Sucre,70742,San Luis de Sincé,Raíces y tubérculos,Raíces y tubérculos,Ñame,Ñame demás variedades,2025,2025B,Transitorio,"0,00","12,00","84,00","7,00",1080699,0.0,12.0,84.0,7.0
70,Sucre,70742,San Luis de Sincé,Raíces y tubérculos,Raíces y tubérculos,Ñame,Ñame Espino,2024,2024B,Transitorio,"0,00","21,00","168,00","8,00",1080602,0.0,21.0,168.0,8.0
70,Sucre,70742,San Luis de Sincé,Raíces y tubérculos,Raíces y tubérculos,Ñame,Ñame Espino,2025,2025B,Transitorio,"0,00","9,00","72,00","8,00",1080602,0.0,9.0,72.0,8.0
70,Sucre,70742,San Luis de Sincé,Hortalizas,Hortalizas de fruto,Patilla,Patilla,2022,2022B,Transitorio,"0,00","32,00","96,00","3,00",1052200,0.0,32.0,96.0,3.0
70,Sucre,70742,San Luis de Sincé,Hortalizas,Hortalizas de fruto,Patilla,Patilla,2023,2023B,Transitorio,"0,00","63,00","189,00","3,00",1052200,0.0,63.0,189.0,3.0
70,Sucre,70742,San Luis de Sincé,Hortalizas,Hortalizas de fruto,Patilla,Patilla,2025,2025B,Transitorio,"0,00","41,50","124,50","3,00",1052200,0.0,41.5,124.5,3.0
70,Sucre,70742,San Luis de Sincé,Cultivos tropicales tradicionales,Cultivos tropicales tradicionales,Tabaco,Tabaco,2022,2022B,Transitorio,"0,00","4,00","4,00","1,00",1030700,0.0,4.0,4.0,1.0
70,Sucre,70742,San Luis de Sincé,Cultivos tropicales tradicionales,Cultivos tropicales tradicionales,Tabaco,Tabaco,2023,2023B,Transitorio,"0,00","4,00","4,00","1,00",1030700,0.0,4.0,4.0,1.0
70,Sucre,70771,Sucre,Hortalizas,Hortalizas de fruto,Patilla,Patilla,2022,2022B,Transitorio,"0,00","10,00","150,00","15,00",1052200,0.0,10.0,150.0,15.0
70,Sucre,70771,Sucre,Hortalizas,Hortalizas de fruto,Patilla,Patilla,2023,2023B,Transitorio,"0,00","19,00","323,00","17,00",1052200,0.0,19.0,323.0,17.0
70,Sucre,70771,Sucre,Raíces y tubérculos,Raíces y tubérculos,Yuca,Yuca consumo en fresco,2025,2025B,Transitorio,"0,00","6,00","12,00","2,00",1081001,0.0,6.0,12.0,2.0
70,Sucre,70820,Santiago de Tolú,Leguminosas,Leguminosas,Frijol,Frijol,2025,2025A,Transitorio,"0,00","25,00","22,50","0,90",1060200,0.0,25.0,22.5,0.9
70,Sucre,70820,Santiago de Tolú,Raíces y tubérculos,Raíces y tubérculos,Ñame,Ñame demás variedades,2022,2022B,Transitorio,"0,00","12,00","144,00","12,00",1080699,0.0,12.0,144.0,12.0
70,Sucre,70820,Santiago de Tolú,Raíces y tubérculos,Raíces y tubérculos,Ñame,Ñame demás variedades,2023,2023B,Transitorio,"0,00","35,00","420,00","12,00",1080699,0.0,35.0,420.0,12.0
70,Sucre,70820,Santiago de Tolú,Raíces y tubérculos,Raíces y tubérculos,Ñame,Ñame Espino,2022,2022B,Transitorio,"0,00","20,00","240,00","12,00",1080602,0.0,20.0,240.0,12.0
70,Sucre,70820,Santiago de Tolú,Raíces y tubérculos,Raíces y tubérculos,Ñame,Ñame Espino,2023,2023B,Transitorio,"0,00","20,00","240,00","12,00",1080602,0.0,20.0,240.0,12.0
70,Sucre,70820,Santiago de Tolú,Hortalizas,Hortalizas de fruto,Patilla,Patilla,2022,2022A,Transitorio,"0,00","68,00","544,00","8,00",1052200,0.0,68.0,544.0,8.0
70,Sucre,70820,Santiago de Tolú,Hortalizas,Hortalizas de fruto,Patilla,Patilla,2023,2023A,Transitorio,"0,00","80,00","640,00","8,00",1052200,0.0,80.0,640.0,8.0
70,Sucre,70823,San José de Toluviejo,Cereales,Cereales,Maíz,Maíz blanco tecnificado,2022,2022B,Transitorio,"0,00","12,00","36,00","3,00",1010403,0.0,12.0,36.0,3.0
70,Sucre,70823,San José de Toluviejo,Cereales,Cereales,Maíz,Maíz blanco tecnificado,2023,2023B,Transitorio,"0,00","12,00","36,00","3,00",1010403,0.0,12.0,36.0,3.0
70,Sucre,70823,San José de Toluviejo,Raíces y tubérculos,Raíces y tubérculos,Yuca,Yuca industrial,2024,2024A,Transitorio,"0,00","80,00","1.200,00","15,00",1081002,0.0,80.0,1200.0,15.0
73,Tolima,73026,Alvarado,Cultivos tropicales tradicionales,Cultivos tropicales tradicionales,Algodón,Algodón,2022,2022B,Transitorio,"0,00","130,00","130,00","1,00",1030100,0.0,130.0,130.0,1.0
73,Tolima,73026,Alvarado,Cultivos tropicales tradicionales,Cultivos tropicales tradicionales,Algodón,Algodón,2023,2023B,Transitorio,"0,00","142,00","142,00","1,00",1030100,0.0,142.0,142.0,1.0
73,Tolima,73026,Alvarado,Cultivos tropicales tradicionales,Cultivos tropicales tradicionales,Algodón,Algodón,2024,2024B,Transitorio,"0,00","150,00","150,00","1,00",1030100,0.0,150.0,150.0,1.0
73,Tolima,73026,Alvarado,Cultivos tropicales tradicionales,Cultivos tropicales tradicionales,Algodón,Algodón,2025,2025B,Transitorio,"0,00","160,00","192,00","1,20",1030100,0.0,160.0,192.0,1.2
73,Tolima,73030,Ambalema,Cultivos tropicales tradicionales,Cultivos tropicales tradicionales,Algodón,Algodón,2022,2022B,Transitorio,"0,00","1.327,24","3.450,82","2,60",1030100,0.0,1327.24,3450.82,2.6
73,Tolima,73030,Ambalema,Cultivos tropicales tradicionales,Cultivos tropicales tradicionales,Algodón,Algodón,2023,2023B,Transitorio,"0,00","1.327,24","3.185,38","2,40",1030100,0.0,1327.24,3185.38,2.4
73,Tolima,73030,Ambalema,Cultivos tropicales tradicionales,Cultivos tropicales tradicionales,Algodón,Algodón,2024,2024B,Transitorio,"0,00","675,00","1.620,00","2,40",1030100,0.0,675.0,1620.0,2.4
73,Tolima,73030,Ambalema,Cultivos tropicales tradicionales,Cultivos tropicales tradicionales,Algodón,Algodón,2025,2025B,Transitorio,"0,00","256,00","614,40","2,40",1030100,0.0,256.0,614.4,2.4
73,Tolima,73030,Ambalema,Raíces y tubérculos,Raíces y tubérculos,Yuca,Yuca consumo en fresco,2022,2022B,Transitorio,"0,00","7,50","52,50","7,00",1081001,0.0,7.5,52.5,7.0
73,Tolima,73030,Ambalema,Raíces y tubérculos,Raíces y tubérculos,Yuca,Yuca consumo en fresco,2023,2023B,Transitorio,"0,00","8,00","96,00","12,00",1081001,0.0,8.0,96.0,12.0
73,Tolima,73030,Ambalema,Raíces y tubérculos,Raíces y tubérculos,Yuca,Yuca consumo en fresco,2024,2024B,Transitorio,"0,00","8,00","96,00","12,00",1081001,0.0,8.0,96.0,12.0
73,Tolima,73030,Ambalema,Raíces y tubérculos,Raíces y tubérculos,Yuca,Yuca consumo en fresco,2025,2025B,Transitorio,"0,00","3,50","42,00","12,00",1081001,0.0,3.5,42.0,12.0
73,Tolima,73055,Armero,Raíces y tubérculos,Raíces y tubérculos,Yuca,Yuca consumo en fresco,2024,2024B,Transitorio,"0,00","30,00","450,00","15,00",1081001,0.0,30.0,450.0,15.0
73,Tolima,73217,Coyaima,Cultivos tropicales tradicionales,Cultivos tropicales tradicionales,Algodón,Algodón,2022,2022B,Transitorio,"0,00","65,00","130,00","2,00",1030100,0.0,65.0,130.0,2.0
73,Tolima,73217,Coyaima,Cultivos tropicales tradicionales,Cultivos tropicales tradicionales,Algodón,Algodón,2023,2023B,Transitorio,"0,00","50,00","100,00","2,00",1030100,0.0,50.0,100.0,2.0
73,Tolima,73217,Coyaima,Cultivos tropicales tradicionales,Cultivos tropicales tradicionales,Algodón,Algodón,2024,2024B,Transitorio,"0,00","50,00","100,00","2,00",1030100,0.0,50.0,100.0,2.0
73,Tolima,73217,Coyaima,Cereales,Cereales,Maíz,Maíz blanco tradicional,2024,2024A,Transitorio,"0,00","330,00","825,00","2,50",1010404,0.0,330.0,825.0,2.5
73,Tolima,73268,Espinal,Raíces y tubérculos,Raíces y tubérculos,Yuca,Yuca consumo en fresco,2023,2023B,Transitorio,"0,00","45,00","540,00","12,00",1081001,0.0,45.0,540.0,12.0
73,Tolima,73268,Espinal,Raíces y tubérculos,Raíces y tubérculos,Yuca,Yuca consumo en fresco,2024,2024B,Transitorio,"0,00","45,00","540,00","12,00",1081001,0.0,45.0,540.0,12.0
73,Tolima,73270,Falan,Hortalizas,Hortalizas de fruto,Ahuyama,Ahuyama,2022,2022A,Transitorio,"0,00","10,00","120,00","12,00",1050200,0.0,10.0,120.0,12.0
73,Tolima,73270,Falan,Hortalizas,Hortalizas de fruto,Ají,Ají,2022,2022A,Transitorio,"0,00","7,00","21,00","3,00",1050300,0.0,7.0,21.0,3.0
73,Tolima,73270,Falan,Cereales,Cereales,Maíz,Maíz amarillo tradicional,2022,2022A,Transitorio,"0,00","100,00","210,00","2,10",1010402,0.0,100.0,210.0,2.1
73,Tolima,73275,Flandes,Cultivos tropicales tradicionales,Cultivos tropicales tradicionales,Algodón,Algodón,2022,2022B,Transitorio,"0,00","115,90","173,85","1,50",1030100,0.0,115.9,173.85,1.5
73,Tolima,73275,Flandes,Cultivos tropicales tradicionales,Cultivos tropicales tradicionales,Algodón,Algodón,2023,2023B,Transitorio,"0,00","200,00","200,00","1,00",1030100,0.0,200.0,200.0,1.0
73,Tolima,73283,Fresno,Raíces y tubérculos,Raíces y tubérculos,Yuca,Yuca consumo en fresco,2022,2022B,Transitorio,"0,00","6,00","60,00","10,00",1081001,0.0,6.0,60.0,10.0
73,Tolima,73283,Fresno,Raíces y tubérculos,Raíces y tubérculos,Yuca,Yuca consumo en fresco,2023,2023B,Transitorio,"0,00","7,00","70,00","10,00",1081001,0.0,7.0,70.0,10.0
73,Tolima,73319,Guamo,Cultivos tropicales tradicionales,Cultivos tropicales tradicionales,Algodón,Algodón,2022,2022B,Transitorio,"0,00","478,00","1.195,00","2,50",1030100,0.0,478.0,1195.0,2.5
73,Tolima,73319,Guamo,Cultivos tropicales tradicionales,Cultivos tropicales tradicionales,Algodón,Algodón,2023,2023B,Transitorio,"0,00","400,00","800,00","2,00",1030100,0.0,400.0,800.0,2.0
73,Tolima,73319,Guamo,Cultivos tropicales tradicionales,Cultivos tropicales tradicionales,Algodón,Algodón,2024,2024B,Transitorio,"0,00","350,00","700,00","2,00",1030100,0.0,350.0,700.0,2.0
73,Tolima,73443,San Sebastián de Mariquita,Cereales,Cereales,Arroz,Arroz secano mecanizado,2022,2022A,Transitorio,"0,00","12,00","54,00","4,50",1010103,0.0,12.0,54.0,4.5
73,Tolima,73443,San Sebastián de Mariquita,Cereales,Cereales,Arroz,Arroz secano mecanizado,2024,2024A,Transitorio,"0,00","4,00","19,04","4,76",1010103,0.0,4.0,19.04,4.76
73,Tolima,73443,San Sebastián de Mariquita,Cereales,Cereales,Maíz,Maíz blanco tecnificado,2023,2023A,Transitorio,"0,00","10,00","44,00","4,40",1010403,0.0,10.0,44.0,4.4
73,Tolima,73443,San Sebastián de Mariquita,Hortalizas,Hortalizas de fruto,Patilla,Patilla,2022,2022B,Transitorio,"0,00","5,00","40,00","8,00",1052200,0.0,5.0,40.0,8.0
73,Tolima,73443,San Sebastián de Mariquita,Hortalizas,Hortalizas de fruto,Patilla,Patilla,2023,2023B,Transitorio,"0,00","3,00","24,00","8,00",1052200,0.0,3.0,24.0,8.0
73,Tolima,73461,Murillo,Raíces y tubérculos,Raíces y tubérculos,Arracacha,Arracacha,2024,2024A,Transitorio,"0,00","17,00","187,00","11,00",1080200,0.0,17.0,187.0,11.0
73,Tolima,73483,Natagaima,Hortalizas,Hortalizas de fruto,Ahuyama,Ahuyama,2024,2024B,Transitorio,"0,00","4,00","24,00","6,00",1050200,0.0,4.0,24.0,6.0
73,Tolima,73483,Natagaima,Cultivos tropicales tradicionales,Cultivos tropicales tradicionales,Algodón,Algodón,2022,2022B,Transitorio,"0,00","180,00","288,00","1,60",1030100,0.0,180.0,288.0,1.6
73,Tolima,73483,Natagaima,Cultivos tropicales tradicionales,Cultivos tropicales tradicionales,Algodón,Algodón,2023,2023B,Transitorio,"0,00","200,00","320,00","1,60",1030100,0.0,200.0,320.0,1.6
73,Tolima,73483,Natagaima,Cultivos tropicales tradicionales,Cultivos tropicales tradicionales,Algodón,Algodón,2024,2024B,Transitorio,"0,00","135,00","216,00","1,60",1030100,0.0,135.0,216.0,1.6
73,Tolima,73483,Natagaima,Cultivos tropicales tradicionales,Cultivos tropicales tradicionales,Algodón,Algodón,2025,2025B,Transitorio,"0,00","60,00","96,00","1,60",1030100,0.0,60.0,96.0,1.6
73,Tolima,73483,Natagaima,Cereales,Cereales,Sorgo,Sorgo,2023,2023A,Transitorio,"0,00","90,00","225,00","2,50",1010700,0.0,90.0,225.0,2.5
73,Tolima,73555,Planadas,Hortalizas,Hortalizas de fruto,Ají,Ají,2024,2024B,Transitorio,"0,00","10,00","160,00","16,00",1050300,0.0,10.0,160.0,16.0
73,Tolima,73555,Planadas,Raíces y tubérculos,Raíces y tubérculos,Arracacha,Arracacha,2024,2024B,Transitorio,"0,00","7,00","63,00","9,00",1080200,0.0,7.0,63.0,9.0
73,Tolima,73616,Rioblanco,Cereales,Cereales,Maíz,Maíz blanco tradicional,2022,2022A,Transitorio,"0,00","125,00","212,50","1,70",1010404,0.0,125.0,212.5,1.7
73,Tolima,73622,Roncesvalles,Raíces y tubérculos,Raíces y tubérculos,Arracacha,Arracacha,2025,2025A,Transitorio,"0,00","8,00","128,00","16,00",1080200,0.0,8.0,128.0,16.0
73,Tolima,73622,Roncesvalles,Leguminosas,Leguminosas,Arveja,Arveja,2024,2024B,Transitorio,"0,00","25,00","35,05","1,40",1060100,0.0,25.0,35.05,1.4
73,Tolima,73622,Roncesvalles,Leguminosas,Leguminosas,Arveja,Arveja,2025,2025B,Transitorio,"0,00","18,00","21,03","1,17",1060100,0.0,18.0,21.03,1.17
73,Tolima,73622,Roncesvalles,Leguminosas,Leguminosas,Frijol,Frijol,2022,2022B,Transitorio,"0,00","120,00","166,80","1,39",1060200,0.0,120.0,166.8,1.39
73,Tolima,73624,Rovira,Leguminosas,Leguminosas,Habichuela,Habichuela,2022,2022B,Transitorio,"0,00","4,00","52,00","13,00",1060600,0.0,4.0,52.0,13.0
73,Tolima,73671,Saldaña,Cereales,Cereales,Maíz,Maíz amarillo tecnificado,2025,2025A,Transitorio,"0,00","15,00","82,50","5,50",1010401,0.0,15.0,82.5,5.5
73,Tolima,73671,Saldaña,Cereales,Cereales,Maíz,Maíz amarillo tradicional,2022,2022A,Transitorio,"0,00","5,00","15,00","3,00",1010402,0.0,5.0,15.0,3.0
73,Tolima,73671,Saldaña,Cereales,Cereales,Maíz,Maíz blanco tecnificado,2025,2025A,Transitorio,"0,00","10,00","55,00","5,50",1010403,0.0,10.0,55.0,5.5
73,Tolima,73671,Saldaña,Cereales,Cereales,Maíz,Maíz blanco tradicional,2022,2022A,Transitorio,"0,00","10,00","40,00","4,00",1010404,0.0,10.0,40.0,4.0
73,Tolima,73678,San Luis,Oleaginosas,Oleaginosas,Ajonjolí,Ajonjolí,2024,2024B,Transitorio,"0,00","15,00","10,50","0,70",1070100,0.0,15.0,10.5,0.7
73,Tolima,73678,San Luis,Cultivos tropicales tradicionales,Cultivos tropicales tradicionales,Algodón,Algodón,2022,2022B,Transitorio,"0,00","30,00","33,00","1,10",1030100,0.0,30.0,33.0,1.1
73,Tolima,73678,San Luis,Cereales,Cereales,Sorgo,Sorgo,2024,2024B,Transitorio,"0,00","10,00","40,00","4,00",1010700,0.0,10.0,40.0,4.0
73,Tolima,73678,San Luis,Raíces y tubérculos,Raíces y tubérculos,Yuca,Yuca consumo en fresco,2022,2022B,Transitorio,"0,00","65,00","1.040,00","16,00",1081001,0.0,65.0,1040.0,16.0
73,Tolima,73678,San Luis,Raíces y tubérculos,Raíces y tubérculos,Yuca,Yuca consumo en fresco,2024,2024B,Transitorio,"0,00","20,00","320,00","16,00",1081001,0.0,20.0,320.0,16.0
73,Tolima,73678,San Luis,Raíces y tubérculos,Raíces y tubérculos,Yuca,Yuca consumo en fresco,2025,2025B,Transitorio,"0,00","20,00","320,00","16,00",1081001,0.0,20.0,320.0,16.0
73,Tolima,73686,Santa Isabel,Cereales,Cereales,Maíz,Maíz blanco tradicional,2025,2025A,Transitorio,"0,00","2,00","3,00","1,50",1010404,0.0,2.0,3.0,1.5
73,Tolima,73861,Venadillo,Cereales,Cereales,Maíz,Maíz amarillo tradicional,2025,2025B,Transitorio,"0,00","40,00","60,00","1,50",1010402,0.0,40.0,60.0,1.5
73,Tolima,73870,Villahermosa,Raíces y tubérculos,Raíces y tubérculos,Arracacha,Arracacha,2022,2022B,Transitorio,"0,00","5,00","35,00","7,00",1080200,0.0,5.0,35.0,7.0
76,Valle del Cauca,76020,Alcalá,Raíces y tubérculos,Raíces y tubérculos,Yuca,Yuca consumo en fresco,2024,2024B,Transitorio,"0,00","13,00","208,00","16,00",1081001,0.0,13.0,208.0,16.0
76,Valle del Cauca,76041,Ansermanuevo,Cereales,Cereales,Maíz,Maíz amarillo tecnificado,2023,2023B,Transitorio,"0,00","13,00","52,00","4,00",1010401,0.0,13.0,52.0,4.0
76,Valle del Cauca,76041,Ansermanuevo,Hortalizas,Hortalizas de fruto,Pimentón,Pimentón,2024,2024B,Transitorio,"0,00","2,00","34,00","17,00",1052500,0.0,2.0,34.0,17.0
76,Valle del Cauca,76054,Argelia,Hortalizas,Hortalizas de fruto,Ají,Ají,2023,2023B,Transitorio,"0,00","0,50","1,00","2,00",1050300,0.0,0.5,1.0,2.0
76,Valle del Cauca,76054,Argelia,Cereales,Cereales,Maíz,Maíz amarillo tecnificado,2025,2025B,Transitorio,"0,00","2,00","10,00","5,00",1010401,0.0,2.0,10.0,5.0
76,Valle del Cauca,76054,Argelia,Hortalizas,Hortalizas de fruto,Pimentón,Pimentón,2022,2022B,Transitorio,"0,00","0,20","4,00","20,00",1052500,0.0,0.2,4.0,20.0
76,Valle del Cauca,76054,Argelia,Hortalizas,Hortalizas de fruto,Pimentón,Pimentón,2023,2023B,Transitorio,"0,00","0,20","0,80","4,00",1052500,0.0,0.2,0.8,4.0
76,Valle del Cauca,76109,Buenaventura,Cereales,Cereales,Arroz,Arroz secano manual,2022,2022B,Transitorio,"0,00","2,00","10,00","5,00",1010102,0.0,2.0,10.0,5.0
76,Valle del Cauca,76109,Buenaventura,Cereales,Cereales,Arroz,Arroz secano manual,2024,2024A,Transitorio,"0,00","7,00","14,00","2,00",1010102,0.0,7.0,14.0,2.0
76,Valle del Cauca,76109,Buenaventura,Cereales,Cereales,Maíz,Maíz amarillo tradicional,2022,2022B,Transitorio,"0,00","1,50","6,00","4,00",1010402,0.0,1.5,6.0,4.0
76,Valle del Cauca,76109,Buenaventura,Cereales,Cereales,Maíz,Maíz amarillo tradicional,2024,2024A,Transitorio,"0,00","4,00","4,47","1,12",1010402,0.0,4.0,4.47,1.12
76,Valle del Cauca,76109,Buenaventura,Raíces y tubérculos,Raíces y tubérculos,"Malanga, achín, yota, papa china, bore","Malanga, achín, yota, papa china, bore",2022,2022B,Transitorio,"0,00","12,00","84,00","7,00",1080400,0.0,12.0,84.0,7.0
76,Valle del Cauca,76109,Buenaventura,Raíces y tubérculos,Raíces y tubérculos,"Malanga, achín, yota, papa china, bore","Malanga, achín, yota, papa china, bore",2025,2025B,Transitorio,"0,00","1,00","2,50","2,50",1080400,0.0,1.0,2.5,2.5
76,Valle del Cauca,76109,Buenaventura,Raíces y tubérculos,Raíces y tubérculos,Yuca,Yuca consumo en fresco,2022,2022B,Transitorio,"0,00","3,00","21,00","7,00",1081001,0.0,3.0,21.0,7.0
76,Valle del Cauca,76109,Buenaventura,Raíces y tubérculos,Raíces y tubérculos,Yuca,Yuca consumo en fresco,2024,2024A,Transitorio,"0,00","4,00","28,00","7,00",1081001,0.0,4.0,28.0,7.0
76,Valle del Cauca,76109,Buenaventura,Raíces y tubérculos,Raíces y tubérculos,Yuca,Yuca consumo en fresco,2025,2025B,Transitorio,"0,00","5,00","25,00","5,00",1081001,0.0,5.0,25.0,5.0
76,Valle del Cauca,76111,Guadalajara de Buga,Cultivos tropicales tradicionales,Cultivos tropicales tradicionales,Algodón,Algodón,2023,2023B,Transitorio,"0,00","10,00","30,00","3,00",1030100,0.0,10.0,30.0,3.0
76,Valle del Cauca,76111,Guadalajara de Buga,Cultivos tropicales tradicionales,Cultivos tropicales tradicionales,Algodón,Algodón,2024,2024B,Transitorio,"0,00","10,00","77,48","7,75",1030100,0.0,10.0,77.48,7.75
76,Valle del Cauca,76113,Bugalagrande,Cereales,Cereales,Maíz,Maíz amarillo tecnificado,2022,2022B,Transitorio,"0,00","580,00","4.640,00","8,00",1010401,0.0,580.0,4640.0,8.0
76,Valle del Cauca,76113,Bugalagrande,Cereales,Cereales,Maíz,Maíz amarillo tecnificado,2023,2023B,Transitorio,"0,00","580,00","4.640,00","8,00",1010401,0.0,580.0,4640.0,8.0
76,Valle del Cauca,76113,Bugalagrande,Cereales,Cereales,Maíz,Maíz amarillo tradicional,2022,2022B,Transitorio,"0,00","130,00","520,00","4,00",1010402,0.0,130.0,520.0,4.0
76,Valle del Cauca,76113,Bugalagrande,Cereales,Cereales,Maíz,Maíz amarillo tradicional,2023,2023B,Transitorio,"0,00","130,00","520,00","4,00",1010402,0.0,130.0,520.0,4.0
76,Valle del Cauca,76113,Bugalagrande,Cereales,Cereales,Maíz,Maíz blanco tecnificado,2022,2022A,Transitorio,"0,00","580,00","4.640,00","8,00",1010403,0.0,580.0,4640.0,8.0
76,Valle del Cauca,76113,Bugalagrande,Cereales,Cereales,Maíz,Maíz blanco tecnificado,2023,2023A,Transitorio,"0,00","580,00","4.640,00","8,00",1010403,0.0,580.0,4640.0,8.0
76,Valle del Cauca,76113,Bugalagrande,Cereales,Cereales,Maíz,Maíz blanco tecnificado,2024,2024A,Transitorio,"0,00","565,00","4.520,00","8,00",1010403,0.0,565.0,4520.0,8.0
76,Valle del Cauca,76113,Bugalagrande,Cereales,Cereales,Maíz,Maíz blanco tradicional,2022,2022A,Transitorio,"0,00","180,00","720,00","4,00",1010404,0.0,180.0,720.0,4.0
76,Valle del Cauca,76113,Bugalagrande,Cereales,Cereales,Maíz,Maíz blanco tradicional,2023,2023A,Transitorio,"0,00","180,00","720,00","4,00",1010404,0.0,180.0,720.0,4.0
76,Valle del Cauca,76113,Bugalagrande,Cereales,Cereales,Maíz,Maíz blanco tradicional,2024,2024A,Transitorio,"0,00","180,00","720,00","4,00",1010404,0.0,180.0,720.0,4.0
76,Valle del Cauca,76113,Bugalagrande,Cereales,Cereales,Maíz,Maíz blanco tradicional,2025,2025A,Transitorio,"0,00","185,00","740,00","4,00",1010404,0.0,185.0,740.0,4.0
76,Valle del Cauca,76126,Calima,Raíces y tubérculos,Raíces y tubérculos,Arracacha,Arracacha,2025,2025B,Transitorio,"0,00","0,50","3,50","7,00",1080200,0.0,0.5,3.5,7.0
76,Valle del Cauca,76126,Calima,Raíces y tubérculos,Raíces y tubérculos,Yuca,Yuca consumo en fresco,2024,2024B,Transitorio,"0,00","10,00","132,10","13,21",1081001,0.0,10.0,132.1,13.21
76,Valle del Cauca,76126,Calima,Raíces y tubérculos,Raíces y tubérculos,Yuca,Yuca consumo en fresco,2025,2025B,Transitorio,"0,00","8,00","103,20","12,90",1081001,0.0,8.0,103.2,12.9
76,Valle del Cauca,76246,El Cairo,Cereales,Cereales,Maíz,Maíz amarillo tradicional,2024,2024B,Transitorio,"0,00","2,00","3,00","1,50",1010402,0.0,2.0,3.0,1.5
76,Valle del Cauca,76250,El Dovio,Cereales,Cereales,Maíz,Maíz blanco tradicional,2024,2024B,Transitorio,"0,00","4,50","4,50","1,00",1010404,0.0,4.5,4.5,1.0
76,Valle del Cauca,76318,Guacarí,Hortalizas,Hortalizas de fruto,Ají,Ají,2022,2022B,Transitorio,"0,00","2,00","12,00","6,00",1050300,0.0,2.0,12.0,6.0
76,Valle del Cauca,76318,Guacarí,Hortalizas,Hortalizas de fruto,Ají,Ají,2023,2023B,Transitorio,"0,00","2,00","11,00","5,50",1050300,0.0,2.0,11.0,5.5
76,Valle del Cauca,76318,Guacarí,Raíces y tubérculos,Raíces y tubérculos,Arracacha,Arracacha,2024,2024B,Transitorio,"0,00","2,00","16,00","8,00",1080200,0.0,2.0,16.0,8.0
76,Valle del Cauca,76318,Guacarí,Raíces y tubérculos,Raíces y tubérculos,Arracacha,Arracacha,2025,2025B,Transitorio,"0,00","2,00","16,00","8,00",1080200,0.0,2.0,16.0,8.0
76,Valle del Cauca,76318,Guacarí,Raíces y tubérculos,Raíces y tubérculos,Yuca,Yuca consumo en fresco,2024,2024B,Transitorio,"0,00","4,00","40,00","10,00",1081001,0.0,4.0,40.0,10.0
76,Valle del Cauca,76364,Jamundí,Raíces y tubérculos,Raíces y tubérculos,Yuca,Yuca consumo en fresco,2022,2022B,Transitorio,"0,00","1,50","37,50","25,00",1081001,0.0,1.5,37.5,25.0
76,Valle del Cauca,76364,Jamundí,Raíces y tubérculos,Raíces y tubérculos,Yuca,Yuca consumo en fresco,2023,2023B,Transitorio,"0,00","2,00","40,00","20,00",1081001,0.0,2.0,40.0,20.0
76,Valle del Cauca,76400,La Unión,Raíces y tubérculos,Raíces y tubérculos,Arracacha,Arracacha,2022,2022B,Transitorio,"0,00","10,60","63,60","6,00",1080200,0.0,10.6,63.6,6.0
76,Valle del Cauca,76400,La Unión,Raíces y tubérculos,Raíces y tubérculos,Arracacha,Arracacha,2023,2023B,Transitorio,"0,00","11,00","66,00","6,00",1080200,0.0,11.0,66.0,6.0
76,Valle del Cauca,76403,La Victoria,Hortalizas,Hortalizas de fruto,Berenjena,Berenjena,2024,2024B,Transitorio,"0,00","3,00","60,00","20,00",1050800,0.0,3.0,60.0,20.0
76,Valle del Cauca,76403,La Victoria,Hortalizas,Hortalizas de fruto,Berenjena,Berenjena,2025,2025B,Transitorio,"0,00","0,50","10,00","20,00",1050800,0.0,0.5,10.0,20.0
76,Valle del Cauca,76403,La Victoria,Cereales,Cereales,Maíz,Maíz blanco tecnificado,2022,2022B,Transitorio,"0,00","50,00","300,00","6,00",1010403,0.0,50.0,300.0,6.0
76,Valle del Cauca,76403,La Victoria,Hortalizas,Hortalizas de fruto,Pimentón,Pimentón,2024,2024B,Transitorio,"0,00","2,50","50,00","20,00",1052500,0.0,2.5,50.0,20.0
76,Valle del Cauca,76403,La Victoria,Oleaginosas,Oleaginosas,Soya,Soya,2025,2025A,Transitorio,"0,00","4,00","12,80","3,20",1070600,0.0,4.0,12.8,3.2
76,Valle del Cauca,76403,La Victoria,Raíces y tubérculos,Raíces y tubérculos,Yuca,Yuca consumo en fresco,2022,2022B,Transitorio,"0,00","0,50","7,50","15,00",1081001,0.0,0.5,7.5,15.0
76,Valle del Cauca,76403,La Victoria,Raíces y tubérculos,Raíces y tubérculos,Yuca,Yuca consumo en fresco,2023,2023B,Transitorio,"0,00","2,00","40,00","20,00",1081001,0.0,2.0,40.0,20.0
76,Valle del Cauca,76520,Palmira,Cultivos tropicales tradicionales,Cultivos tropicales tradicionales,Algodón,Algodón,2022,2022B,Transitorio,"0,00","151,30","166,43","1,10",1030100,0.0,151.3,166.43,1.1
76,Valle del Cauca,76520,Palmira,Raíces y tubérculos,Raíces y tubérculos,Arracacha,Arracacha,2022,2022A,Transitorio,"0,00","3,00","30,00","10,00",1080200,0.0,3.0,30.0,10.0
76,Valle del Cauca,76606,Restrepo,Cereales,Cereales,Maíz,Maíz amarillo tradicional,2022,2022A,Transitorio,"0,00","77,00","154,00","2,00",1010402,0.0,77.0,154.0,2.0
76,Valle del Cauca,76616,Riofrío,Cereales,Cereales,Maíz,Maíz amarillo tecnificado,2022,2022A,Transitorio,"0,00","4,00","20,00","5,00",1010401,0.0,4.0,20.0,5.0
76,Valle del Cauca,76616,Riofrío,Cereales,Cereales,Maíz,Maíz amarillo tradicional,2022,2022A,Transitorio,"0,00","5,00","5,00","1,00",1010402,0.0,5.0,5.0,1.0
76,Valle del Cauca,76616,Riofrío,Cereales,Cereales,Maíz,Maíz blanco tecnificado,2022,2022A,Transitorio,"0,00","6,00","30,00","5,00",1010403,0.0,6.0,30.0,5.0
76,Valle del Cauca,76622,Roldanillo,Raíces y tubérculos,Raíces y tubérculos,Arracacha,Arracacha,2022,2022B,Transitorio,"0,00","20,00","320,00","16,00",1080200,0.0,20.0,320.0,16.0
76,Valle del Cauca,76622,Roldanillo,Raíces y tubérculos,Raíces y tubérculos,Yuca,Yuca consumo en fresco,2022,2022B,Transitorio,"0,00","15,00","345,00","23,00",1081001,0.0,15.0,345.0,23.0
76,Valle del Cauca,76736,Sevilla,Cereales,Cereales,Maíz,Maíz amarillo tradicional,2022,2022B,Transitorio,"0,00","30,00","90,00","3,00",1010402,0.0,30.0,90.0,3.0
76,Valle del Cauca,76736,Sevilla,Cereales,Cereales,Maíz,Maíz amarillo tradicional,2023,2023B,Transitorio,"0,00","32,00","96,00","3,00",1010402,0.0,32.0,96.0,3.0
76,Valle del Cauca,76736,Sevilla,Cereales,Cereales,Maíz,Maíz blanco tradicional,2022,2022B,Transitorio,"0,00","12,00","36,00","3,00",1010404,0.0,12.0,36.0,3.0
76,Valle del Cauca,76736,Sevilla,Cereales,Cereales,Maíz,Maíz blanco tradicional,2023,2023B,Transitorio,"0,00","12,00","36,00","3,00",1010404,0.0,12.0,36.0,3.0
76,Valle del Cauca,76823,Toro,Cereales,Cereales,Maíz,Maíz blanco tecnificado,2023,2023A,Transitorio,"0,00","50,00","225,00","4,50",1010403,0.0,50.0,225.0,4.5
76,Valle del Cauca,76823,Toro,Oleaginosas,Oleaginosas,Soya,Soya,2025,2025B,Transitorio,"0,00","50,00","150,00","3,00",1070600,0.0,50.0,150.0,3.0
76,Valle del Cauca,76828,Trujillo,Raíces y tubérculos,Raíces y tubérculos,Yuca,Yuca consumo en fresco,2022,2022B,Transitorio,"0,00","3,00","41,40","13,80",1081001,0.0,3.0,41.4,13.8
76,Valle del Cauca,76828,Trujillo,Raíces y tubérculos,Raíces y tubérculos,Yuca,Yuca consumo en fresco,2023,2023B,Transitorio,"0,00","0,50","6,75","13,50",1081001,0.0,0.5,6.75,13.5
76,Valle del Cauca,76834,Tuluá,Cereales,Cereales,Maíz,Maíz amarillo tradicional,2022,2022A,Transitorio,"0,00","30,00","60,00","2,00",1010402,0.0,30.0,60.0,2.0
76,Valle del Cauca,76834,Tuluá,Cereales,Cereales,Maíz,Maíz amarillo tradicional,2023,2023A,Transitorio,"0,00","25,00","50,00","2,00",1010402,0.0,25.0,50.0,2.0
76,Valle del Cauca,76834,Tuluá,Cereales,Cereales,Maíz,Maíz blanco tradicional,2022,2022A,Transitorio,"0,00","20,00","40,00","2,00",1010404,0.0,20.0,40.0,2.0
76,Valle del Cauca,76834,Tuluá,Cereales,Cereales,Maíz,Maíz blanco tradicional,2023,2023A,Transitorio,"0,00","15,00","30,00","2,00",1010404,0.0,15.0,30.0,2.0
76,Valle del Cauca,76845,Ulloa,Raíces y tubérculos,Raíces y tubérculos,Yuca,Yuca consumo en fresco,2022,2022B,Transitorio,"0,00","3,00","30,00","10,00",1081001,0.0,3.0,30.0,10.0
76,Valle del Cauca,76845,Ulloa,Raíces y tubérculos,Raíces y tubérculos,Yuca,Yuca consumo en fresco,2024,2024B,Transitorio,"0,00","17,00","102,00","6,00",1081001,0.0,17.0,102.0,6.0
76,Valle del Cauca,76845,Ulloa,Raíces y tubérculos,Raíces y tubérculos,Yuca,Yuca consumo en fresco,2025,2025B,Transitorio,"0,00","17,00","204,00","12,00",1081001,0.0,17.0,204.0,12.0
76,Valle del Cauca,76863,Versalles,Raíces y tubérculos,Raíces y tubérculos,Yuca,Yuca consumo en fresco,2022,2022B,Transitorio,"0,00","3,00","12,00","4,00",1081001,0.0,3.0,12.0,4.0
76,Valle del Cauca,76863,Versalles,Raíces y tubérculos,Raíces y tubérculos,Yuca,Yuca consumo en fresco,2023,2023B,Transitorio,"0,00","3,00","12,00","4,00",1081001,0.0,3.0,12.0,4.0
76,Valle del Cauca,76863,Versalles,Raíces y tubérculos,Raíces y tubérculos,Yuca,Yuca consumo en fresco,2024,2024B,Transitorio,"0,00","3,00","12,00","4,00",1081001,0.0,3.0,12.0,4.0
76,Valle del Cauca,76869,Vijes,Hortalizas,Hortalizas de tallo,Cebolla de rama,Cebolla de rama,2022,2022B,Transitorio,"0,00","3,00","51,00","17,00",1051200,0.0,3.0,51.0,17.0
76,Valle del Cauca,76869,Vijes,Hortalizas,Hortalizas de tallo,Cebolla de rama,Cebolla de rama,2023,2023B,Transitorio,"0,00","2,50","22,50","9,00",1051200,0.0,2.5,22.5,9.0
76,Valle del Cauca,76890,Yotoco,Raíces y tubérculos,Raíces y tubérculos,Yuca,Yuca consumo en fresco,2022,2022B,Transitorio,"0,00","10,00","120,00","12,00",1081001,0.0,10.0,120.0,12.0
76,Valle del Cauca,76892,Yumbo,Cereales,Cereales,Maíz,Maíz amarillo tecnificado,2025,2025A,Transitorio,"0,00","3,00","15,00","5,00",1010401,0.0,3.0,15.0,5.0
81,Arauca,81001,Arauca,Cereales,Cereales,Maíz,Maíz amarillo tradicional,2022,2022A,Transitorio,"0,00","600,00","721,53","1,20",1010402,0.0,600.0,721.53,1.2
81,Arauca,81001,Arauca,Raíces y tubérculos,Raíces y tubérculos,Yuca,Yuca consumo en fresco,2022,2022B,Transitorio,"0,00","260,00","4.160,00","16,00",1081001,0.0,260.0,4160.0,16.0
81,Arauca,81591,Puerto Rondón,Cereales,Cereales,Arroz,Arroz secano mecanizado,2025,2025B,Transitorio,"0,00","86,00","490,20","5,70",1010103,0.0,86.0,490.2,5.7
81,Arauca,81591,Puerto Rondón,Raíces y tubérculos,Raíces y tubérculos,Yuca,Yuca consumo en fresco,2022,2022B,Transitorio,"0,00","48,00","672,00","14,00",1081001,0.0,48.0,672.0,14.0
81,Arauca,81591,Puerto Rondón,Raíces y tubérculos,Raíces y tubérculos,Yuca,Yuca consumo en fresco,2024,2024A,Transitorio,"0,00","100,00","2.000,00","20,00",1081001,0.0,100.0,2000.0,20.0
81,Arauca,81591,Puerto Rondón,Raíces y tubérculos,Raíces y tubérculos,Yuca,Yuca consumo en fresco,2025,2025A,Transitorio,"0,00","30,00","600,00","20,00",1081001,0.0,30.0,600.0,20.0
85,Casanare,85001,Yopal,Cereales,Cereales,Arroz,Arroz secano mecanizado,2023,2023B,Transitorio,"0,00","14.404,00","85.703,80","5,95",1010103,0.0,14404.0,85703.8,5.95
85,Casanare,85001,Yopal,Cereales,Cereales,Maíz,Maíz amarillo tecnificado,2022,2022B,Transitorio,"0,00","230,00","1.380,00","6,00",1010401,0.0,230.0,1380.0,6.0
85,Casanare,85001,Yopal,Cereales,Cereales,Maíz,Maíz amarillo tecnificado,2023,2023B,Transitorio,"0,00","1.065,00","6.390,00","6,00",1010401,0.0,1065.0,6390.0,6.0
85,Casanare,85001,Yopal,Cereales,Cereales,Maíz,Maíz blanco tecnificado,2022,2022B,Transitorio,"0,00","70,00","420,00","6,00",1010403,0.0,70.0,420.0,6.0
85,Casanare,85001,Yopal,Cereales,Cereales,Maíz,Maíz blanco tecnificado,2023,2023B,Transitorio,"0,00","80,00","480,00","6,00",1010403,0.0,80.0,480.0,6.0
85,Casanare,85001,Yopal,Cereales,Cereales,Maíz,Maíz blanco tecnificado,2024,2024B,Transitorio,"0,00","60,00","360,00","6,00",1010403,0.0,60.0,360.0,6.0
85,Casanare,85001,Yopal,Cereales,Cereales,Maíz,Maíz blanco tecnificado,2025,2025B,Transitorio,"0,00","60,00","360,00","6,00",1010403,0.0,60.0,360.0,6.0
85,Casanare,85001,Yopal,Hortalizas,Hortalizas de fruto,Melón,Melón,2025,2025A,Transitorio,"0,00","5,00","70,00","14,00",1052000,0.0,5.0,70.0,14.0
85,Casanare,85010,Aguazul,Cereales,Cereales,Arroz,Arroz secano mecanizado,2022,2022B,Transitorio,"0,00","3.664,00","20.152,00","5,50",1010103,0.0,3664.0,20152.0,5.5
85,Casanare,85010,Aguazul,Cereales,Cereales,Arroz,Arroz secano mecanizado,2023,2023B,Transitorio,"0,00","3.664,00","19.785,60","5,40",1010103,0.0,3664.0,19785.6,5.4
85,Casanare,85010,Aguazul,Cereales,Cereales,Arroz,Arroz secano mecanizado,2024,2024B,Transitorio,"0,00","4.031,00","21.767,40","5,40",1010103,0.0,4031.0,21767.4,5.4
85,Casanare,85010,Aguazul,Cereales,Cereales,Arroz,Arroz secano mecanizado,2025,2025B,Transitorio,"0,00","4.539,00","24.510,60","5,40",1010103,0.0,4539.0,24510.6,5.4
85,Casanare,85125,Hato Corozal,Cereales,Cereales,Maíz,Maíz amarillo tradicional,2022,2022B,Transitorio,"0,00","30,00","34,50","1,15",1010402,0.0,30.0,34.5,1.15
85,Casanare,85125,Hato Corozal,Cereales,Cereales,Maíz,Maíz blanco tradicional,2022,2022B,Transitorio,"0,00","15,00","21,60","1,44",1010404,0.0,15.0,21.6,1.44
85,Casanare,85139,Maní,Cereales,Cereales,Arroz,Arroz secano mecanizado,2022,2022B,Transitorio,"0,00","23.465,00","125.772,40","5,36",1010103,0.0,23465.0,125772.4,5.36
85,Casanare,85139,Maní,Cereales,Cereales,Arroz,Arroz secano mecanizado,2023,2023B,Transitorio,"0,00","23.700,00","146.655,60","6,19",1010103,0.0,23700.0,146655.6,6.19
85,Casanare,85139,Maní,Cereales,Cereales,Arroz,Arroz secano mecanizado,2024,2024B,Transitorio,"0,00","25.140,00","130.728,00","5,20",1010103,0.0,25140.0,130728.0,5.2
85,Casanare,85139,Maní,Cereales,Cereales,Arroz,Arroz secano mecanizado,2025,2025B,Transitorio,"0,00","28.010,00","145.652,00","5,20",1010103,0.0,28010.0,145652.0,5.2
85,Casanare,85162,Monterrey,Cereales,Cereales,Maíz,Maíz blanco tradicional,2024,2024B,Transitorio,"0,00","3,00","12,00","4,00",1010404,0.0,3.0,12.0,4.0
85,Casanare,85162,Monterrey,Raíces y tubérculos,Raíces y tubérculos,"Malanga, achín, yota, papa china, bore","Malanga, achín, yota, papa china, bore",2023,2023A,Transitorio,"0,00","1,00","7,00","7,00",1080400,0.0,1.0,7.0,7.0
85,Casanare,85162,Monterrey,Raíces y tubérculos,Raíces y tubérculos,"Malanga, achín, yota, papa china, bore","Malanga, achín, yota, papa china, bore",2024,2024B,Transitorio,"0,00","2,00","14,00","7,00",1080400,0.0,2.0,14.0,7.0
85,Casanare,85225,Nunchía,Cereales,Cereales,Arroz,Arroz secano mecanizado,2025,2025B,Transitorio,"0,00","15.000,00","67.500,00","4,50",1010103,0.0,15000.0,67500.0,4.5
85,Casanare,85225,Nunchía,Cereales,Cereales,Maíz,Maíz amarillo tradicional,2022,2022B,Transitorio,"0,00","120,00","276,00","2,30",1010402,0.0,120.0,276.0,2.3
85,Casanare,85225,Nunchía,Cereales,Cereales,Maíz,Maíz amarillo tradicional,2023,2023B,Transitorio,"0,00","120,00","276,00","2,30",1010402,0.0,120.0,276.0,2.3
85,Casanare,85225,Nunchía,Cereales,Cereales,Maíz,Maíz amarillo tradicional,2024,2024B,Transitorio,"0,00","130,00","299,00","2,30",1010402,0.0,130.0,299.0,2.3
85,Casanare,85225,Nunchía,Cereales,Cereales,Maíz,Maíz blanco tradicional,2022,2022B,Transitorio,"0,00","45,00","112,50","2,50",1010404,0.0,45.0,112.5,2.5
85,Casanare,85225,Nunchía,Cereales,Cereales,Maíz,Maíz blanco tradicional,2023,2023B,Transitorio,"0,00","50,00","125,00","2,50",1010404,0.0,50.0,125.0,2.5
85,Casanare,85225,Nunchía,Cereales,Cereales,Maíz,Maíz blanco tradicional,2024,2024B,Transitorio,"0,00","40,00","100,00","2,50",1010404,0.0,40.0,100.0,2.5
85,Casanare,85225,Nunchía,Cereales,Cereales,Maíz,Maíz blanco tradicional,2025,2025B,Transitorio,"0,00","38,00","95,00","2,50",1010404,0.0,38.0,95.0,2.5
85,Casanare,85230,Orocué,Cereales,Cereales,Arroz,Arroz secano mecanizado,2023,2023B,Transitorio,"0,00","5.549,00","33.294,00","6,00",1010103,0.0,5549.0,33294.0,6.0
85,Casanare,85230,Orocué,Cereales,Cereales,Arroz,Arroz secano mecanizado,2024,2024B,Transitorio,"0,00","7.431,00","44.586,00","6,00",1010103,0.0,7431.0,44586.0,6.0
85,Casanare,85230,Orocué,Cereales,Cereales,Arroz,Arroz secano mecanizado,2025,2025B,Transitorio,"0,00","9.703,00","58.218,00","6,00",1010103,0.0,9703.0,58218.0,6.0
85,Casanare,85230,Orocué,Cereales,Cereales,Maíz,Maíz amarillo tradicional,2023,2023B,Transitorio,"0,00","149,00","596,00","4,00",1010402,0.0,149.0,596.0,4.0
85,Casanare,85230,Orocué,Cereales,Cereales,Maíz,Maíz amarillo tradicional,2024,2024B,Transitorio,"0,00","148,00","592,00","4,00",1010402,0.0,148.0,592.0,4.0
85,Casanare,85230,Orocué,Cereales,Cereales,Maíz,Maíz amarillo tradicional,2025,2025B,Transitorio,"0,00","200,00","800,00","4,00",1010402,0.0,200.0,800.0,4.0
85,Casanare,85230,Orocué,Cereales,Cereales,Maíz,Maíz blanco tradicional,2022,2022A,Transitorio,"0,00","35,00","140,00","4,00",1010404,0.0,35.0,140.0,4.0
85,Casanare,85230,Orocué,Cereales,Cereales,Maíz,Maíz blanco tradicional,2023,2023A,Transitorio,"0,00","40,00","160,00","4,00",1010404,0.0,40.0,160.0,4.0
85,Casanare,85230,Orocué,Cereales,Cereales,Maíz,Maíz blanco tradicional,2024,2024B,Transitorio,"0,00","20,00","80,00","4,00",1010404,0.0,20.0,80.0,4.0
85,Casanare,85230,Orocué,Cereales,Cereales,Maíz,Maíz blanco tradicional,2025,2025B,Transitorio,"0,00","30,00","120,00","4,00",1010404,0.0,30.0,120.0,4.0
85,Casanare,85230,Orocué,Hortalizas,Hortalizas de fruto,Patilla,Patilla,2024,2024A,Transitorio,"0,00","3,00","45,00","15,00",1052200,0.0,3.0,45.0,15.0
85,Casanare,85230,Orocué,Hortalizas,Hortalizas de fruto,Patilla,Patilla,2025,2025A,Transitorio,"0,00","2,00","30,00","15,00",1052200,0.0,2.0,30.0,15.0
85,Casanare,85230,Orocué,Raíces y tubérculos,Raíces y tubérculos,Yuca,Yuca consumo en fresco,2023,2023B,Transitorio,"0,00","80,00","400,00","5,00",1081001,0.0,80.0,400.0,5.0
85,Casanare,85263,Pore,Cereales,Cereales,Maíz,Maíz blanco tecnificado,2024,2024A,Transitorio,"0,00","3,00","5,03","1,68",1010403,0.0,3.0,5.03,1.68
85,Casanare,85263,Pore,Cereales,Cereales,Maíz,Maíz blanco tecnificado,2024,2024B,Transitorio,"0,00","20,00","27,97","1,40",1010403,0.0,20.0,27.97,1.4
85,Casanare,85263,Pore,Hortalizas,Hortalizas de fruto,Patilla,Patilla,2022,2022A,Transitorio,"0,00","16,00","256,00","16,00",1052200,0.0,16.0,256.0,16.0
85,Casanare,85263,Pore,Hortalizas,Hortalizas de fruto,Patilla,Patilla,2023,2023A,Transitorio,"0,00","12,00","192,00","16,00",1052200,0.0,12.0,192.0,16.0
85,Casanare,85300,Sabanalarga,Raíces y tubérculos,Raíces y tubérculos,Ñame,Ñame demás variedades,2023,2023A,Transitorio,"0,00","1,50","3,99","2,66",1080699,0.0,1.5,3.99,2.66
85,Casanare,85315,Sácama,Cereales,Cereales,Maíz,Maíz amarillo tradicional,2025,2025B,Transitorio,"0,00","30,00","60,00","2,00",1010402,0.0,30.0,60.0,2.0
85,Casanare,85315,Sácama,Cereales,Cereales,Maíz,Maíz blanco tradicional,2025,2025B,Transitorio,"0,00","2,00","4,00","2,00",1010404,0.0,2.0,4.0,2.0
85,Casanare,85315,Sácama,Raíces y tubérculos,Raíces y tubérculos,Yuca,Yuca consumo en fresco,2022,2022B,Transitorio,"0,00","3,50","15,75","4,50",1081001,0.0,3.5,15.75,4.5
85,Casanare,85315,Sácama,Raíces y tubérculos,Raíces y tubérculos,Yuca,Yuca consumo en fresco,2023,2023B,Transitorio,"0,00","5,00","40,00","8,00",1081001,0.0,5.0,40.0,8.0
85,Casanare,85315,Sácama,Raíces y tubérculos,Raíces y tubérculos,Yuca,Yuca consumo en fresco,2024,2024B,Transitorio,"0,00","5,00","40,00","8,00",1081001,0.0,5.0,40.0,8.0
85,Casanare,85325,San Luis de Palenque,Cereales,Cereales,Arroz,Arroz riego,2023,2023A,Transitorio,"0,00","250,00","1.175,00","4,70",1010101,0.0,250.0,1175.0,4.7
85,Casanare,85325,San Luis de Palenque,Cereales,Cereales,Arroz,Arroz riego,2024,2024A,Transitorio,"0,00","250,00","1.250,00","5,00",1010101,0.0,250.0,1250.0,5.0
85,Casanare,85325,San Luis de Palenque,Cereales,Cereales,Arroz,Arroz secano mecanizado,2023,2023B,Transitorio,"0,00","27.225,00","127.957,50","4,70",1010103,0.0,27225.0,127957.5,4.7
85,Casanare,85325,San Luis de Palenque,Cereales,Cereales,Arroz,Arroz secano mecanizado,2024,2024B,Transitorio,"0,00","32.829,00","164.145,00","5,00",1010103,0.0,32829.0,164145.0,5.0
85,Casanare,85325,San Luis de Palenque,Cereales,Cereales,Arroz,Arroz secano mecanizado,2025,2025B,Transitorio,"0,00","34.018,00","170.090,00","5,00",1010103,0.0,34018.0,170090.0,5.0
85,Casanare,85325,San Luis de Palenque,Cereales,Cereales,Maíz,Maíz blanco tradicional,2022,2022B,Transitorio,"0,00","35,00","80,50","2,30",1010404,0.0,35.0,80.5,2.3
85,Casanare,85400,Támara,Cereales,Cereales,Maíz,Maíz amarillo tradicional,2022,2022B,Transitorio,"0,00","15,00","30,00","2,00",1010402,0.0,15.0,30.0,2.0
85,Casanare,85400,Támara,Cereales,Cereales,Maíz,Maíz amarillo tradicional,2023,2023B,Transitorio,"0,00","16,00","32,00","2,00",1010402,0.0,16.0,32.0,2.0
85,Casanare,85400,Támara,Cereales,Cereales,Maíz,Maíz amarillo tradicional,2024,2024B,Transitorio,"0,00","15,00","30,00","2,00",1010402,0.0,15.0,30.0,2.0
85,Casanare,85400,Támara,Cereales,Cereales,Maíz,Maíz amarillo tradicional,2025,2025B,Transitorio,"0,00","17,00","34,00","2,00",1010402,0.0,17.0,34.0,2.0
85,Casanare,85410,Tauramena,Cereales,Cereales,Arroz,Arroz secano mecanizado,2025,2025B,Transitorio,"0,00","14.245,00","109.686,50","7,70",1010103,0.0,14245.0,109686.5,7.7
85,Casanare,85430,Trinidad,Cereales,Cereales,Arroz,Arroz secano mecanizado,2025,2025B,Transitorio,"0,00","19.880,00","105.364,00","5,30",1010103,0.0,19880.0,105364.0,5.3
85,Casanare,85430,Trinidad,Raíces y tubérculos,Raíces y tubérculos,Yuca,Yuca consumo en fresco,2022,2022B,Transitorio,"0,00","59,00","531,00","9,00",1081001,0.0,59.0,531.0,9.0
85,Casanare,85430,Trinidad,Raíces y tubérculos,Raíces y tubérculos,Yuca,Yuca consumo en fresco,2023,2023B,Transitorio,"0,00","64,00","576,00","9,00",1081001,0.0,64.0,576.0,9.0
85,Casanare,85440,Villanueva,Cultivos tropicales tradicionales,Cultivos tropicales tradicionales,Algodón,Algodón,2024,2024A,Transitorio,"0,00","180,00","450,00","2,50",1030100,0.0,180.0,450.0,2.5
85,Casanare,85440,Villanueva,Cultivos tropicales tradicionales,Cultivos tropicales tradicionales,Algodón,Algodón,2025,2025A,Transitorio,"0,00","500,00","1.250,00","2,50",1030100,0.0,500.0,1250.0,2.5
85,Casanare,85440,Villanueva,Cereales,Cereales,Arroz,Arroz secano mecanizado,2022,2022B,Transitorio,"0,00","4.200,00","23.520,00","5,60",1010103,0.0,4200.0,23520.0,5.6
85,Casanare,85440,Villanueva,Cereales,Cereales,Arroz,Arroz secano mecanizado,2023,2023B,Transitorio,"0,00","5.823,00","26.203,50","4,50",1010103,0.0,5823.0,26203.5,4.5
85,Casanare,85440,Villanueva,Oleaginosas,Oleaginosas,Soya,Soya,2022,2022A,Transitorio,"0,00","522,00","1.044,00","2,00",1070600,0.0,522.0,1044.0,2.0
85,Casanare,85440,Villanueva,Oleaginosas,Oleaginosas,Soya,Soya,2023,2023A,Transitorio,"0,00","400,00","800,00","2,00",1070600,0.0,400.0,800.0,2.0
85,Casanare,85440,Villanueva,Oleaginosas,Oleaginosas,Soya,Soya,2024,2024A,Transitorio,"0,00","600,00","1.200,00","2,00",1070600,0.0,600.0,1200.0,2.0
85,Casanare,85440,Villanueva,Oleaginosas,Oleaginosas,Soya,Soya,2025,2025A,Transitorio,"0,00","600,00","1.200,00","2,00",1070600,0.0,600.0,1200.0,2.0
86,Putumayo,86219,Colón,Leguminosas,Leguminosas,Frijol,Frijol,2022,2022A,Transitorio,"0,00","260,00","780,00","3,00",1060200,0.0,260.0,780.0,3.0
86,Putumayo,86219,Colón,Leguminosas,Leguminosas,Frijol,Frijol,2023,2023A,Transitorio,"0,00","285,00","370,50","1,30",1060200,0.0,285.0,370.5,1.3
86,Putumayo,86219,Colón,Leguminosas,Leguminosas,Frijol,Frijol,2024,2024A,Transitorio,"0,00","250,00","325,00","1,30",1060200,0.0,250.0,325.0,1.3
86,Putumayo,86219,Colón,Leguminosas,Leguminosas,Frijol,Frijol,2025,2025A,Transitorio,"0,00","280,00","364,00","1,30",1060200,0.0,280.0,364.0,1.3
86,Putumayo,86219,Colón,Cereales,Cereales,Maíz,Maíz amarillo tradicional,2022,2022B,Transitorio,"0,00","190,00","399,00","2,10",1010402,0.0,190.0,399.0,2.1
86,Putumayo,86219,Colón,Cereales,Cereales,Maíz,Maíz amarillo tradicional,2023,2023B,Transitorio,"0,00","200,00","360,00","1,80",1010402,0.0,200.0,360.0,1.8
86,Putumayo,86219,Colón,Cereales,Cereales,Maíz,Maíz amarillo tradicional,2024,2024B,Transitorio,"0,00","220,00","396,00","1,80",1010402,0.0,220.0,396.0,1.8
86,Putumayo,86219,Colón,Cereales,Cereales,Maíz,Maíz amarillo tradicional,2025,2025B,Transitorio,"0,00","300,00","540,00","1,80",1010402,0.0,300.0,540.0,1.8
86,Putumayo,86219,Colón,Cereales,Cereales,Maíz,Maíz blanco tradicional,2022,2022B,Transitorio,"0,00","80,00","168,00","2,10",1010404,0.0,80.0,168.0,2.1
86,Putumayo,86219,Colón,Cereales,Cereales,Maíz,Maíz blanco tradicional,2023,2023B,Transitorio,"0,00","85,00","136,00","1,60",1010404,0.0,85.0,136.0,1.6
86,Putumayo,86219,Colón,Cereales,Cereales,Maíz,Maíz blanco tradicional,2024,2024B,Transitorio,"0,00","85,00","136,00","1,60",1010404,0.0,85.0,136.0,1.6
86,Putumayo,86219,Colón,Cereales,Cereales,Maíz,Maíz blanco tradicional,2025,2025B,Transitorio,"0,00","113,00","180,80","1,60",1010404,0.0,113.0,180.8,1.6
86,Putumayo,86320,Orito,Raíces y tubérculos,Raíces y tubérculos,"Malanga, achín, yota, papa china, bore","Malanga, achín, yota, papa china, bore",2025,2025A,Transitorio,"0,00","30,00","300,00","10,00",1080400,0.0,30.0,300.0,10.0
86,Putumayo,86320,Orito,Raíces y tubérculos,Raíces y tubérculos,Yuca,Yuca consumo en fresco,2022,2022B,Transitorio,"0,00","300,00","1.500,00","5,00",1081001,0.0,300.0,1500.0,5.0
86,Putumayo,86320,Orito,Raíces y tubérculos,Raíces y tubérculos,Yuca,Yuca consumo en fresco,2023,2023B,Transitorio,"0,00","310,00","2.170,00","7,00",1081001,0.0,310.0,2170.0,7.0
86,Putumayo,86568,Puerto Asís,Raíces y tubérculos,Raíces y tubérculos,Yuca,Yuca consumo en fresco,2022,2022B,Transitorio,"0,00","342,00","2.394,00","7,00",1081001,0.0,342.0,2394.0,7.0
86,Putumayo,86568,Puerto Asís,Raíces y tubérculos,Raíces y tubérculos,Yuca,Yuca consumo en fresco,2023,2023B,Transitorio,"0,00","350,00","3.150,00","9,00",1081001,0.0,350.0,3150.0,9.0
86,Putumayo,86569,Puerto Caicedo,Cereales,Cereales,Arroz,Arroz secano manual,2023,2023A,Transitorio,"0,00","35,00","56,00","1,60",1010102,0.0,35.0,56.0,1.6
86,Putumayo,86569,Puerto Caicedo,Cereales,Cereales,Arroz,Arroz secano manual,2024,2024A,Transitorio,"0,00","49,50","79,20","1,60",1010102,0.0,49.5,79.2,1.6
86,Putumayo,86569,Puerto Caicedo,Cereales,Cereales,Arroz,Arroz secano manual,2025,2025A,Transitorio,"0,00","60,00","114,24","1,90",1010102,0.0,60.0,114.24,1.9
86,Putumayo,86569,Puerto Caicedo,Cereales,Cereales,Maíz,Maíz amarillo tradicional,2023,2023A,Transitorio,"0,00","200,00","300,00","1,50",1010402,0.0,200.0,300.0,1.5
86,Putumayo,86569,Puerto Caicedo,Cereales,Cereales,Maíz,Maíz amarillo tradicional,2024,2024A,Transitorio,"0,00","145,00","217,50","1,50",1010402,0.0,145.0,217.5,1.5
86,Putumayo,86569,Puerto Caicedo,Cereales,Cereales,Maíz,Maíz amarillo tradicional,2025,2025A,Transitorio,"0,00","155,00","232,50","1,50",1010402,0.0,155.0,232.5,1.5
86,Putumayo,86573,Puerto Leguízamo,Raíces y tubérculos,Raíces y tubérculos,Yuca,Yuca consumo en fresco,2022,2022B,Transitorio,"0,00","250,00","625,00","2,50",1081001,0.0,250.0,625.0,2.5
86,Putumayo,86573,Puerto Leguízamo,Raíces y tubérculos,Raíces y tubérculos,Yuca,Yuca consumo en fresco,2023,2023B,Transitorio,"0,00","266,00","1.596,00","6,00",1081001,0.0,266.0,1596.0,6.0
86,Putumayo,86749,Sibundoy,Leguminosas,Leguminosas,Arveja,Arveja,2024,2024B,Transitorio,"0,00","10,00","18,69","1,87",1060100,0.0,10.0,18.69,1.87
86,Putumayo,86749,Sibundoy,Leguminosas,Leguminosas,Frijol,Frijol,2024,2024A,Transitorio,"0,00","250,00","500,00","2,00",1060200,0.0,250.0,500.0,2.0
86,Putumayo,86749,Sibundoy,Cereales,Cereales,Maíz,Maíz amarillo tradicional,2022,2022B,Transitorio,"0,00","102,00","153,00","1,50",1010402,0.0,102.0,153.0,1.5
86,Putumayo,86749,Sibundoy,Cereales,Cereales,Maíz,Maíz amarillo tradicional,2025,2025A,Transitorio,"0,00","51,00","76,50","1,50",1010402,0.0,51.0,76.5,1.5
86,Putumayo,86749,Sibundoy,Cereales,Cereales,Maíz,Maíz blanco tradicional,2022,2022B,Transitorio,"0,00","390,00","585,00","1,50",1010404,0.0,390.0,585.0,1.5
86,Putumayo,86749,Sibundoy,Cereales,Cereales,Maíz,Maíz blanco tradicional,2025,2025A,Transitorio,"0,00","51,00","76,50","1,50",1010404,0.0,51.0,76.5,1.5
86,Putumayo,86749,Sibundoy,Raíces y tubérculos,Raíces y tubérculos,Papa,Papa todas las variedades,2024,2024B,Transitorio,"0,00","6,00","78,00","13,00",1080701,0.0,6.0,78.0,13.0
86,Putumayo,86749,Sibundoy,Raíces y tubérculos,Raíces y tubérculos,Papa,Papa todas las variedades,2025,2025B,Transitorio,"0,00","1,00","13,00","13,00",1080701,0.0,1.0,13.0,13.0
86,Putumayo,86755,San Francisco,Cereales,Cereales,Maíz,Maíz amarillo tradicional,2022,2022B,Transitorio,"0,00","33,00","27,69","0,84",1010402,0.0,33.0,27.69,0.84
86,Putumayo,86755,San Francisco,Cereales,Cereales,Maíz,Maíz amarillo tradicional,2023,2023B,Transitorio,"0,00","33,00","27,69","0,84",1010402,0.0,33.0,27.69,0.84
86,Putumayo,86755,San Francisco,Cereales,Cereales,Maíz,Maíz amarillo tradicional,2024,2024B,Transitorio,"0,00","34,00","38,03","1,12",1010402,0.0,34.0,38.03,1.12
86,Putumayo,86755,San Francisco,Cereales,Cereales,Maíz,Maíz amarillo tradicional,2025,2025B,Transitorio,"0,00","30,00","33,56","1,12",1010402,0.0,30.0,33.56,1.12
86,Putumayo,86755,San Francisco,Cereales,Cereales,Maíz,Maíz blanco tradicional,2022,2022B,Transitorio,"0,00","21,00","14,70","0,70",1010404,0.0,21.0,14.7,0.7
86,Putumayo,86755,San Francisco,Cereales,Cereales,Maíz,Maíz blanco tradicional,2023,2023B,Transitorio,"0,00","67,00","56,21","0,84",1010404,0.0,67.0,56.21,0.84
86,Putumayo,86755,San Francisco,Cereales,Cereales,Maíz,Maíz blanco tradicional,2024,2024B,Transitorio,"0,00","65,00","72,71","1,12",1010404,0.0,65.0,72.71,1.12
86,Putumayo,86755,San Francisco,Cereales,Cereales,Maíz,Maíz blanco tradicional,2025,2025B,Transitorio,"0,00","55,00","61,53","1,12",1010404,0.0,55.0,61.53,1.12
86,Putumayo,86755,San Francisco,Raíces y tubérculos,Raíces y tubérculos,Papa,Papa todas las variedades,2022,2022B,Transitorio,"0,00","2,00","4,00","2,00",1080701,0.0,2.0,4.0,2.0
86,Putumayo,86755,San Francisco,Raíces y tubérculos,Raíces y tubérculos,Papa,Papa todas las variedades,2023,2023B,Transitorio,"0,00","2,00","20,00","10,00",1080701,0.0,2.0,20.0,10.0
86,Putumayo,86757,San Miguel,Hortalizas,Hortalizas de fruto,Ahuyama,Ahuyama,2025,2025A,Transitorio,"0,00","3,00","18,00","6,00",1050200,0.0,3.0,18.0,6.0
86,Putumayo,86865,Valle del Guamuez,Cereales,Cereales,Maíz,Maíz amarillo tradicional,2025,2025B,Transitorio,"0,00","28,80","24,16","0,84",1010402,0.0,28.8,24.16,0.84
86,Putumayo,86865,Valle del Guamuez,Raíces y tubérculos,Raíces y tubérculos,Yuca,Yuca consumo en fresco,2022,2022B,Transitorio,"0,00","67,00","536,00","8,00",1081001,0.0,67.0,536.0,8.0
86,Putumayo,86865,Valle del Guamuez,Raíces y tubérculos,Raíces y tubérculos,Yuca,Yuca consumo en fresco,2024,2024B,Transitorio,"0,00","40,00","400,00","10,00",1081001,0.0,40.0,400.0,10.0
86,Putumayo,86865,Valle del Guamuez,Raíces y tubérculos,Raíces y tubérculos,Yuca,Yuca consumo en fresco,2025,2025B,Transitorio,"0,00","32,00","320,00","10,00",1081001,0.0,32.0,320.0,10.0
86,Putumayo,86885,Villagarzón,Raíces y tubérculos,Raíces y tubérculos,Yuca,Yuca consumo en fresco,2022,2022B,Transitorio,"0,00","85,00","680,00","8,00",1081001,0.0,85.0,680.0,8.0
88,"Archipiélago de San Andrés, Providencia y Santa Catalina",88564,Providencia,Hortalizas,Hortalizas de fruto,Ahuyama,Ahuyama,2023,2023B,Transitorio,"0,00","0,28","2,80","10,00",1050200,0.0,0.28,2.8,10.0
88,"Archipiélago de San Andrés, Providencia y Santa Catalina",88564,Providencia,Hortalizas,Hortalizas de fruto,Ahuyama,Ahuyama,2024,2024B,Transitorio,"0,00","1,00","10,00","10,00",1050200,0.0,1.0,10.0,10.0
88,"Archipiélago de San Andrés, Providencia y Santa Catalina",88564,Providencia,Hortalizas,Hortalizas de fruto,Ahuyama,Ahuyama,2025,2025B,Transitorio,"0,00","1,00","10,00","10,00",1050200,0.0,1.0,10.0,10.0
88,"Archipiélago de San Andrés, Providencia y Santa Catalina",88564,Providencia,Hortalizas,Hortalizas de fruto,Ají,Ají,2023,2023B,Transitorio,"0,00","0,10","1,50","15,00",1050300,0.0,0.1,1.5,15.0
88,"Archipiélago de San Andrés, Providencia y Santa Catalina",88564,Providencia,Hortalizas,Hortalizas de raíz,Batata,Batata,2023,2023B,Transitorio,"0,00","0,40","4,00","10,00",1050700,0.0,0.4,4.0,10.0
88,"Archipiélago de San Andrés, Providencia y Santa Catalina",88564,Providencia,Hortalizas,Hortalizas de raíz,Batata,Batata,2024,2024B,Transitorio,"0,00","2,00","20,00","10,00",1050700,0.0,2.0,20.0,10.0
88,"Archipiélago de San Andrés, Providencia y Santa Catalina",88564,Providencia,Cereales,Cereales,Maíz,Maíz amarillo tradicional,2023,2023B,Transitorio,"0,00","1,00","2,00","2,00",1010402,0.0,1.0,2.0,2.0
88,"Archipiélago de San Andrés, Providencia y Santa Catalina",88564,Providencia,Cereales,Cereales,Maíz,Maíz amarillo tradicional,2024,2024B,Transitorio,"0,00","4,50","9,00","2,00",1010402,0.0,4.5,9.0,2.0
88,"Archipiélago de San Andrés, Providencia y Santa Catalina",88564,Providencia,Hortalizas,Hortalizas de fruto,Patilla,Patilla,2023,2023B,Transitorio,"0,00","0,10","1,00","10,00",1052200,0.0,0.1,1.0,10.0
88,"Archipiélago de San Andrés, Providencia y Santa Catalina",88564,Providencia,Hortalizas,Hortalizas de fruto,Patilla,Patilla,2024,2024B,Transitorio,"0,00","0,80","8,00","10,00",1052200,0.0,0.8,8.0,10.0
88,"Archipiélago de San Andrés, Providencia y Santa Catalina",88564,Providencia,Hortalizas,Hortalizas de fruto,Patilla,Patilla,2025,2025B,Transitorio,"0,00","0,50","5,00","10,00",1052200,0.0,0.5,5.0,10.0
88,"Archipiélago de San Andrés, Providencia y Santa Catalina",88564,Providencia,Raíces y tubérculos,Raíces y tubérculos,Yuca,Yuca consumo en fresco,2023,2023B,Transitorio,"0,00","2,00","8,00","4,00",1081001,0.0,2.0,8.0,4.0
88,"Archipiélago de San Andrés, Providencia y Santa Catalina",88564,Providencia,Raíces y tubérculos,Raíces y tubérculos,Yuca,Yuca consumo en fresco,2024,2024B,Transitorio,"0,00","5,00","20,00","4,00",1081001,0.0,5.0,20.0,4.0
88,"Archipiélago de San Andrés, Providencia y Santa Catalina",88564,Providencia,Raíces y tubérculos,Raíces y tubérculos,Yuca,Yuca consumo en fresco,2025,2025B,Transitorio,"0,00","5,00","20,00","4,00",1081001,0.0,5.0,20.0,4.0
91,Amazonas,91001,Leticia,Cereales,Cereales,Arroz,Arroz secano manual,2025,2025A,Transitorio,"0,00","8,00","6,40","0,80",1010102,0.0,8.0,6.4,0.8
91,Amazonas,91001,Leticia,Raíces y tubérculos,Raíces y tubérculos,Yuca,Yuca consumo en fresco,2022,2022B,Transitorio,"0,00","500,00","3.500,00","7,00",1081001,0.0,500.0,3500.0,7.0
91,Amazonas,91001,Leticia,Raíces y tubérculos,Raíces y tubérculos,Yuca,Yuca consumo en fresco,2023,2023B,Transitorio,"0,00","500,00","3.500,00","7,00",1081001,0.0,500.0,3500.0,7.0
91,Amazonas,91001,Leticia,Raíces y tubérculos,Raíces y tubérculos,Yuca,Yuca consumo en fresco,2024,2024B,Transitorio,"0,00","550,00","3.850,00","7,00",1081001,0.0,550.0,3850.0,7.0
91,Amazonas,91001,Leticia,Raíces y tubérculos,Raíces y tubérculos,Yuca,Yuca consumo en fresco,2025,2025B,Transitorio,"0,00","550,00","3.850,00","7,00",1081001,0.0,550.0,3850.0,7.0
91,Amazonas,91001,Leticia,Raíces y tubérculos,Raíces y tubérculos,Yuca,Yuca industrial,2022,2022B,Transitorio,"0,00","490,00","4.900,00","10,00",1081002,0.0,490.0,4900.0,10.0
91,Amazonas,91001,Leticia,Raíces y tubérculos,Raíces y tubérculos,Yuca,Yuca industrial,2023,2023B,Transitorio,"0,00","490,00","4.900,00","10,00",1081002,0.0,490.0,4900.0,10.0
91,Amazonas,91001,Leticia,Raíces y tubérculos,Raíces y tubérculos,Yuca,Yuca industrial,2024,2024B,Transitorio,"0,00","500,00","5.000,00","10,00",1081002,0.0,500.0,5000.0,10.0
91,Amazonas,91001,Leticia,Raíces y tubérculos,Raíces y tubérculos,Yuca,Yuca industrial,2025,2025B,Transitorio,"0,00","500,00","5.000,00","10,00",1081002,0.0,500.0,5000.0,10.0
91,Amazonas,91540,Puerto Nariño,Raíces y tubérculos,Raíces y tubérculos,Yuca,Yuca consumo en fresco,2022,2022B,Transitorio,"0,00","90,00","810,00","9,00",1081001,0.0,90.0,810.0,9.0
91,Amazonas,91540,Puerto Nariño,Raíces y tubérculos,Raíces y tubérculos,Yuca,Yuca consumo en fresco,2023,2023B,Transitorio,"0,00","92,00","828,00","9,00",1081001,0.0,92.0,828.0,9.0
91,Amazonas,91540,Puerto Nariño,Raíces y tubérculos,Raíces y tubérculos,Yuca,Yuca consumo en fresco,2024,2024B,Transitorio,"0,00","90,00","810,00","9,00",1081001,0.0,90.0,810.0,9.0
91,Amazonas,91540,Puerto Nariño,Raíces y tubérculos,Raíces y tubérculos,Yuca,Yuca consumo en fresco,2025,2025B,Transitorio,"0,00","100,00","900,00","9,00",1081001,0.0,100.0,900.0,9.0
94,Guainía,94001,Inírida,Raíces y tubérculos,Raíces y tubérculos,Yuca,Yuca consumo en fresco,2024,2024A,Transitorio,"0,00","691,00","5.528,00","8,00",1081001,0.0,691.0,5528.0,8.0
95,Guaviare,95001,San José del Guaviare,Cereales,Cereales,Arroz,Arroz secano mecanizado,2023,2023B,Transitorio,"0,00","772,00","3.319,60","4,30",1010103,0.0,772.0,3319.6,4.3
95,Guaviare,95001,San José del Guaviare,Cereales,Cereales,Arroz,Arroz secano mecanizado,2024,2024B,Transitorio,"0,00","1.357,00","5.835,10","4,30",1010103,0.0,1357.0,5835.1,4.3
95,Guaviare,95025,El Retorno,Cereales,Cereales,Maíz,Maíz blanco tradicional,2022,2022B,Transitorio,"0,00","45,00","166,50","3,70",1010404,0.0,45.0,166.5,3.7
95,Guaviare,95025,El Retorno,Cereales,Cereales,Maíz,Maíz blanco tradicional,2023,2023B,Transitorio,"0,00","45,00","166,50","3,70",1010404,0.0,45.0,166.5,3.7
95,Guaviare,95025,El Retorno,Cereales,Cereales,Maíz,Maíz blanco tradicional,2024,2024B,Transitorio,"0,00","45,00","166,50","3,70",1010404,0.0,45.0,166.5,3.7
95,Guaviare,95025,El Retorno,Cereales,Cereales,Maíz,Maíz blanco tradicional,2025,2025B,Transitorio,"0,00","48,00","177,60","3,70",1010404,0.0,48.0,177.6,3.7
95,Guaviare,95200,Miraflores,Cereales,Cereales,Maíz,Maíz amarillo tradicional,2024,2024B,Transitorio,"0,00","100,00","110,00","1,10",1010402,0.0,100.0,110.0,1.1
95,Guaviare,95200,Miraflores,Cereales,Cereales,Maíz,Maíz amarillo tradicional,2025,2025B,Transitorio,"0,00","18,00","18,00","1,00",1010402,0.0,18.0,18.0,1.0
97,Vaupés,97001,Mitú,Cereales,Cereales,Maíz,Maíz amarillo tradicional,2022,2022B,Transitorio,"0,00","50,00","100,00","2,00",1010402,0.0,50.0,100.0,2.0
97,Vaupés,97001,Mitú,Cereales,Cereales,Maíz,Maíz amarillo tradicional,2023,2023B,Transitorio,"0,00","48,00","96,00","2,00",1010402,0.0,48.0,96.0,2.0
97,Vaupés,97001,Mitú,Cereales,Cereales,Maíz,Maíz amarillo tradicional,2024,2024B,Transitorio,"0,00","52,00","104,00","2,00",1010402,0.0,52.0,104.0,2.0
97,Vaupés,97001,Mitú,Cereales,Cereales,Maíz,Maíz amarillo tradicional,2025,2025B,Transitorio,"0,00","48,00","96,00","2,00",1010402,0.0,48.0,96.0,2.0
97,Vaupés,97001,Mitú,Cereales,Cereales,Maíz,Maíz blanco tradicional,2022,2022B,Transitorio,"0,00","30,00","60,00","2,00",1010404,0.0,30.0,60.0,2.0
97,Vaupés,97001,Mitú,Cereales,Cereales,Maíz,Maíz blanco tradicional,2023,2023B,Transitorio,"0,00","45,00","90,00","2,00",1010404,0.0,45.0,90.0,2.0
97,Vaupés,97001,Mitú,Cereales,Cereales,Maíz,Maíz blanco tradicional,2024,2024B,Transitorio,"0,00","39,00","78,00","2,00",1010404,0.0,39.0,78.0,2.0
97,Vaupés,97001,Mitú,Cereales,Cereales,Maíz,Maíz blanco tradicional,2025,2025B,Transitorio,"0,00","35,00","70,00","2,00",1010404,0.0,35.0,70.0,2.0
97,Vaupés,97001,Mitú,Raíces y tubérculos,Raíces y tubérculos,Ñame,Ñame demás variedades,2022,2022B,Transitorio,"0,00","5,00","10,00","2,00",1080699,0.0,5.0,10.0,2.0
97,Vaupés,97001,Mitú,Raíces y tubérculos,Raíces y tubérculos,Yuca,Yuca consumo en fresco,2023,2023B,Transitorio,"0,00","1.500,00","9.000,00","6,00",1081001,0.0,1500.0,9000.0,6.0
97,Vaupés,97001,Mitú,Raíces y tubérculos,Raíces y tubérculos,Yuca,Yuca consumo en fresco,2024,2024B,Transitorio,"0,00","1.848,00","11.088,00","6,00",1081001,0.0,1848.0,11088.0,6.0
97,Vaupés,97001,Mitú,Raíces y tubérculos,Raíces y tubérculos,Yuca,Yuca consumo en fresco,2025,2025B,Transitorio,"0,00","1.848,00","11.088,00","6,00",1081001,0.0,1848.0,11088.0,6.0
97,Vaupés,97161,Carurú,Cereales,Cereales,Arroz,Arroz secano manual,2022,2022B,Transitorio,"0,00","12,00","32,84","2,74",1010102,0.0,12.0,32.84,2.74
97,Vaupés,97161,Carurú,Cereales,Cereales,Arroz,Arroz secano manual,2023,2023B,Transitorio,"0,00","13,00","35,10","2,70",1010102,0.0,13.0,35.1,2.7
97,Vaupés,97161,Carurú,Cereales,Cereales,Maíz,Maíz amarillo tradicional,2022,2022B,Transitorio,"0,00","35,00","122,50","3,50",1010402,0.0,35.0,122.5,3.5
97,Vaupés,97161,Carurú,Cereales,Cereales,Maíz,Maíz amarillo tradicional,2023,2023B,Transitorio,"0,00","39,00","39,26","1,01",1010402,0.0,39.0,39.26,1.01
97,Vaupés,97161,Carurú,Raíces y tubérculos,Raíces y tubérculos,Ñame,Ñame demás variedades,2025,2025B,Transitorio,"0,00","6,00","42,00","7,00",1080699,0.0,6.0,42.0,7.0
97,Vaupés,97161,Carurú,Raíces y tubérculos,Raíces y tubérculos,Yuca,Yuca consumo en fresco,2025,2025B,Transitorio,"0,00","200,00","1.000,00","5,00",1081001,0.0,200.0,1000.0,5.0
99,Vichada,99001,Puerto Carreño,Hortalizas,Hortalizas de fruto,Ahuyama,Ahuyama,2022,2022A,Transitorio,"0,00","7,00","49,00","7,00",1050200,0.0,7.0,49.0,7.0
99,Vichada,99001,Puerto Carreño,Hortalizas,Hortalizas de fruto,Ahuyama,Ahuyama,2023,2023A,Transitorio,"0,00","10,00","50,00","5,00",1050200,0.0,10.0,50.0,5.0
99,Vichada,99001,Puerto Carreño,Oleaginosas,Oleaginosas,Ajonjolí,Ajonjolí,2022,2022A,Transitorio,"0,00","2,30","4,60","2,00",1070100,0.0,2.3,4.6,2.0
99,Vichada,99001,Puerto Carreño,Oleaginosas,Oleaginosas,Ajonjolí,Ajonjolí,2023,2023A,Transitorio,"0,00","1,00","2,00","2,00",1070100,0.0,1.0,2.0,2.0
99,Vichada,99001,Puerto Carreño,Oleaginosas,Oleaginosas,Ajonjolí,Ajonjolí,2024,2024A,Transitorio,"0,00","5,00","5,00","1,00",1070100,0.0,5.0,5.0,1.0
99,Vichada,99001,Puerto Carreño,Cultivos tropicales tradicionales,Cultivos tropicales tradicionales,Algodón,Algodón,2022,2022A,Transitorio,"0,00","170,00","340,00","2,00",1030100,0.0,170.0,340.0,2.0
99,Vichada,99001,Puerto Carreño,Cultivos tropicales tradicionales,Cultivos tropicales tradicionales,Algodón,Algodón,2023,2023A,Transitorio,"0,00","196,00","392,00","2,00",1030100,0.0,196.0,392.0,2.0
99,Vichada,99001,Puerto Carreño,Cultivos tropicales tradicionales,Cultivos tropicales tradicionales,Algodón,Algodón,2024,2024A,Transitorio,"0,00","314,00","785,00","2,50",1030100,0.0,314.0,785.0,2.5
99,Vichada,99001,Puerto Carreño,Cultivos tropicales tradicionales,Cultivos tropicales tradicionales,Algodón,Algodón,2025,2025A,Transitorio,"0,00","382,71","822,83","2,15",1030100,0.0,382.71,822.83,2.15
99,Vichada,99001,Puerto Carreño,Cereales,Cereales,Maíz,Maíz blanco tradicional,2022,2022A,Transitorio,"0,00","35,00","87,50","2,50",1010404,0.0,35.0,87.5,2.5
99,Vichada,99001,Puerto Carreño,Cereales,Cereales,Maíz,Maíz blanco tradicional,2023,2023A,Transitorio,"0,00","36,00","90,00","2,50",1010404,0.0,36.0,90.0,2.5
99,Vichada,99001,Puerto Carreño,Hortalizas,Hortalizas de fruto,Patilla,Patilla,2022,2022A,Transitorio,"0,00","8,00","56,00","7,00",1052200,0.0,8.0,56.0,7.0
99,Vichada,99624,Santa Rosalía,Hortalizas,Hortalizas de fruto,Patilla,Patilla,2025,2025A,Transitorio,"0,00","2,00","8,00","4,00",1052200,0.0,2.0,8.0,4.0
99,Vichada,99773,Cumaribo,Hortalizas,Hortalizas de fruto,Ahuyama,Ahuyama,2022,2022B,Transitorio,"0,00","2,00","10,00","5,00",1050200,0.0,2.0,10.0,5.0
99,Vichada,99773,Cumaribo,Hortalizas,Hortalizas de fruto,Ahuyama,Ahuyama,2023,2023B,Transitorio,"0,00","4,00","18,80","4,70",1050200,0.0,4.0,18.8,4.7
99,Vichada,99773,Cumaribo,Hortalizas,Hortalizas de fruto,Ahuyama,Ahuyama,2024,2024B,Transitorio,"0,00","8,00","37,60","4,70",1050200,0.0,8.0,37.6,4.7
99,Vichada,99773,Cumaribo,Hortalizas,Hortalizas de fruto,Ahuyama,Ahuyama,2025,2025B,Transitorio,"0,00","7,00","35,00","5,00",1050200,0.0,7.0,35.0,5.0
99,Vichada,99773,Cumaribo,Hortalizas,Hortalizas de fruto,Ají,Ají,2022,2022B,Transitorio,"0,00","18,00","90,00","5,00",1050300,0.0,18.0,90.0,5.0
99,Vichada,99773,Cumaribo,Hortalizas,Hortalizas de fruto,Ají,Ají,2023,2023B,Transitorio,"0,00","18,00","86,40","4,80",1050300,0.0,18.0,86.4,4.8
99,Vichada,99773,Cumaribo,Hortalizas,Hortalizas de fruto,Ají,Ají,2024,2024B,Transitorio,"0,00","25,00","120,00","4,80",1050300,0.0,25.0,120.0,4.8
99,Vichada,99773,Cumaribo,Hortalizas,Hortalizas de fruto,Ají,Ají,2025,2025B,Transitorio,"0,00","25,80","129,00","5,00",1050300,0.0,25.8,129.0,5.0
99,Vichada,99773,Cumaribo,Cereales,Cereales,Arroz,Arroz secano manual,2022,2022B,Transitorio,"0,00","65,00","195,00","3,00",1010102,0.0,65.0,195.0,3.0
99,Vichada,99773,Cumaribo,Cereales,Cereales,Arroz,Arroz secano manual,2023,2023B,Transitorio,"0,00","150,00","450,00","3,00",1010102,0.0,150.0,450.0,3.0
99,Vichada,99773,Cumaribo,Cereales,Cereales,Arroz,Arroz secano manual,2024,2024B,Transitorio,"0,00","160,00","480,00","3,00",1010102,0.0,160.0,480.0,3.0
99,Vichada,99773,Cumaribo,Cereales,Cereales,Arroz,Arroz secano manual,2025,2025B,Transitorio,"0,00","165,00","495,00","3,00",1010102,0.0,165.0,495.0,3.0
99,Vichada,99773,Cumaribo,Cereales,Cereales,Maíz,Maíz amarillo tecnificado,2022,2022B,Transitorio,"0,00","30,00","75,00","2,50",1010401,0.0,30.0,75.0,2.5
99,Vichada,99773,Cumaribo,Cereales,Cereales,Maíz,Maíz amarillo tecnificado,2023,2023B,Transitorio,"0,00","50,00","125,00","2,50",1010401,0.0,50.0,125.0,2.5
99,Vichada,99773,Cumaribo,Cereales,Cereales,Maíz,Maíz amarillo tecnificado,2024,2024B,Transitorio,"0,00","80,00","200,00","2,50",1010401,0.0,80.0,200.0,2.5
99,Vichada,99773,Cumaribo,Cereales,Cereales,Maíz,Maíz amarillo tecnificado,2025,2025B,Transitorio,"0,00","100,00","250,00","2,50",1010401,0.0,100.0,250.0,2.5
99,Vichada,99773,Cumaribo,Cereales,Cereales,Maíz,Maíz amarillo tradicional,2022,2022B,Transitorio,"0,00","95,00","142,50","1,50",1010402,0.0,95.0,142.5,1.5
99,Vichada,99773,Cumaribo,Cereales,Cereales,Maíz,Maíz amarillo tradicional,2023,2023B,Transitorio,"0,00","130,00","195,00","1,50",1010402,0.0,130.0,195.0,1.5
99,Vichada,99773,Cumaribo,Cereales,Cereales,Maíz,Maíz amarillo tradicional,2024,2024B,Transitorio,"0,00","170,00","255,00","1,50",1010402,0.0,170.0,255.0,1.5
99,Vichada,99773,Cumaribo,Cereales,Cereales,Maíz,Maíz amarillo tradicional,2025,2025B,Transitorio,"0,00","170,00","263,50","1,55",1010402,0.0,170.0,263.5,1.55
99,Vichada,99773,Cumaribo,Cereales,Cereales,Maíz,Maíz blanco tecnificado,2022,2022B,Transitorio,"0,00","10,00","25,00","2,50",1010403,0.0,10.0,25.0,2.5
